"slug","position","name","class"
"arsau_2020_2022_useofforce_agrregatesummarybyyear_2020_2022",1,"SECTION","character"
"arsau_2020_2022_useofforce_agrregatesummarybyyear_2020_2022",2,"CATEGORY","character"
"arsau_2020_2022_useofforce_agrregatesummarybyyear_2020_2022",3,"UNITS.OF.MEASURE","character"
"arsau_2020_2022_useofforce_agrregatesummarybyyear_2020_2022",4,"YEAR_2020","integer"
"arsau_2020_2022_useofforce_agrregatesummarybyyear_2020_2022",5,"YEAR_2021","integer"
"arsau_2020_2022_useofforce_agrregatesummarybyyear_2020_2022",6,"YEAR_2022","integer"
"arsau_2020_2022_useofforce_detaileddataset_2020_2022",1,"REPORTING_YEAR","integer"
"arsau_2020_2022_useofforce_detaileddataset_2020_2022",2,"RECORD_ID","character"
"arsau_2020_2022_useofforce_detaileddataset_2020_2022",3,"POLICE_SERVICE","character"
"arsau_2020_2022_useofforce_detaileddataset_2020_2022",4,"REPORT_TYPE","character"
"arsau_2020_2022_useofforce_detaileddataset_2020_2022",5,"TEAM_TYPE","integer"
"arsau_2020_2022_useofforce_detaileddataset_2020_2022",6,"NUMBER_POLICE_OFFICERS_INVOLVED","integer"
"arsau_2020_2022_useofforce_detaileddataset_2020_2022",7,"ASSIGNMENT_TYPE","integer"
"arsau_2020_2022_useofforce_detaileddataset_2020_2022",8,"TYPE_INCIDENT_ALARM","integer"
"arsau_2020_2022_useofforce_detaileddataset_2020_2022",9,"TYPE_INCIDENT_BREAK_ENTER","integer"
"arsau_2020_2022_useofforce_detaileddataset_2020_2022",10,"TYPE_INCIDENT_DOMESTIC_DISTURBANCE","integer"
"arsau_2020_2022_useofforce_detaileddataset_2020_2022",11,"TYPE_INCIDENT_HOMICIDE","integer"
"arsau_2020_2022_useofforce_detaileddataset_2020_2022",12,"TYPE_INCIDENT_OTHER_DISTURBANCE","integer"
"arsau_2020_2022_useofforce_detaileddataset_2020_2022",13,"TYPE_INCIDENT_ROBBERY","integer"
"arsau_2020_2022_useofforce_detaileddataset_2020_2022",14,"TYPE_INCIDENT_SERIOUS_INJURY","integer"
"arsau_2020_2022_useofforce_detaileddataset_2020_2022",15,"TYPE_INCIDENT_SUSPICIOUS_PERSON","integer"
"arsau_2020_2022_useofforce_detaileddataset_2020_2022",16,"TYPE_INCIDENT_TRAFFIC","integer"
"arsau_2020_2022_useofforce_detaileddataset_2020_2022",17,"TYPE_INCIDENT_WEAPONS_CALL","integer"
"arsau_2020_2022_useofforce_detaileddataset_2020_2022",18,"TYPE_INCIDENT_OTHER","integer"
"arsau_2020_2022_useofforce_detaileddataset_2020_2022",19,"POLICE_PRESENCE","integer"
"arsau_2020_2022_useofforce_detaileddataset_2020_2022",20,"NUMBER_OF_POLICE_PRESENT","integer"
"arsau_2020_2022_useofforce_detaileddataset_2020_2022",21,"ATTIRE","integer"
"arsau_2020_2022_useofforce_detaileddataset_2020_2022",22,"NUMBER_OF_SUBJECTS","integer"
"arsau_2020_2022_useofforce_detaileddataset_2020_2022",23,"RACE_SUB_ONE","integer"
"arsau_2020_2022_useofforce_detaileddataset_2020_2022",24,"RACE_SUB_TWO","integer"
"arsau_2020_2022_useofforce_detaileddataset_2020_2022",25,"RACE_SUB_THREE","integer"
"arsau_2020_2022_useofforce_detaileddataset_2020_2022",26,"RACE","integer"
"arsau_2020_2022_useofforce_detaileddataset_2020_2022",27,"TYPE_FORCE_FIREARM_DISCHARGED","integer"
"arsau_2020_2022_useofforce_detaileddataset_2020_2022",28,"TYPE_FORCE_FIREARM_DISCHARGED_RANK","integer"
"arsau_2020_2022_useofforce_detaileddataset_2020_2022",29,"TYPE_FORCE_FIREARM_DISCHARGED_FORCE_EFFECTIVE","integer"
"arsau_2020_2022_useofforce_detaileddataset_2020_2022",30,"TYPE_FORCE_FIREARM_POINTED_UNKNOWN","integer"
"arsau_2020_2022_useofforce_detaileddataset_2020_2022",31,"TYPE_FORCE_FIREARM_POINTED_AT_PERSON_RANK","integer"
"arsau_2020_2022_useofforce_detaileddataset_2020_2022",32,"TYPE_FORCE_FIREARM_POINTED_AT_PERSON_FORCE_EFFECTIVE","integer"
"arsau_2020_2022_useofforce_detaileddataset_2020_2022",33,"TYPE_FORCE_HANDGUN_DRAWN","integer"
"arsau_2020_2022_useofforce_detaileddataset_2020_2022",34,"TYPE_FORCE_HANDGUN_DRAWN_RANK","integer"
"arsau_2020_2022_useofforce_detaileddataset_2020_2022",35,"TYPE_FORCE_HANDGUN_DRAWN_FORCE_EFFECTIVE","integer"
"arsau_2020_2022_useofforce_detaileddataset_2020_2022",36,"TYPE_FORCE_LLF_DISCHARGED","integer"
"arsau_2020_2022_useofforce_detaileddataset_2020_2022",37,"TYPE_FORCE_LLF_POINTED_UNKNOWN","integer"
"arsau_2020_2022_useofforce_detaileddataset_2020_2022",38,"TYPE_FORCE_CEW","integer"
"arsau_2020_2022_useofforce_detaileddataset_2020_2022",39,"TYPE_FORCE_IMPACT_WEAPON_HARD","integer"
"arsau_2020_2022_useofforce_detaileddataset_2020_2022",40,"TYPE_FORCE_IMPACT_WEAPON_HARD_RANK","integer"
"arsau_2020_2022_useofforce_detaileddataset_2020_2022",41,"TYPE_FORCE_IMPACT_WEAPON_HARD_FORCE_EFFECTIVE","integer"
"arsau_2020_2022_useofforce_detaileddataset_2020_2022",42,"TYPE_FORCE_IMPACT_WEAPON_SOFT","integer"
"arsau_2020_2022_useofforce_detaileddataset_2020_2022",43,"TYPE_FORCE_IMPACT_WEAPON_SOFT_RANK","integer"
"arsau_2020_2022_useofforce_detaileddataset_2020_2022",44,"TYPE_FORCE_IMPACT_WEAPON_SOFT_FORCE_EFFECTIVE","integer"
"arsau_2020_2022_useofforce_detaileddataset_2020_2022",45,"TYPE_FORCE_AEROSOL","integer"
"arsau_2020_2022_useofforce_detaileddataset_2020_2022",46,"TYPE_FORCE_AEROSOL_WEAPON_RANK","integer"
"arsau_2020_2022_useofforce_detaileddataset_2020_2022",47,"TYPE_FORCE_AEROSOL_WEAPON_FORCE_EFFECTIVE","integer"
"arsau_2020_2022_useofforce_detaileddataset_2020_2022",48,"TYPE_FORCE_EMPTY_HAND_HARD","integer"
"arsau_2020_2022_useofforce_detaileddataset_2020_2022",49,"TYPE_FORCE_EMPTY_HAND_TECHNIQUES_HARD_RANK","integer"
"arsau_2020_2022_useofforce_detaileddataset_2020_2022",50,"TYPE_FORCE_EMPTY_HAND_TECHNIQUES_HARD_FORCE_EFFECTIVE","integer"
"arsau_2020_2022_useofforce_detaileddataset_2020_2022",51,"TYPE_FORCE_EMPTY_HAND_SOFT","integer"
"arsau_2020_2022_useofforce_detaileddataset_2020_2022",52,"TYPE_FORCE_EMPTY_HAND_TECHNIQUES_SOFT_RANK","integer"
"arsau_2020_2022_useofforce_detaileddataset_2020_2022",53,"TYPE_FORCE_EMPTY_HAND_TECHNIQUES_SOFT_FORCE_EFFECTIVE","integer"
"arsau_2020_2022_useofforce_detaileddataset_2020_2022",54,"TYPE_FORCE_PHYSICAL_FORCE","integer"
"arsau_2020_2022_useofforce_detaileddataset_2020_2022",55,"TYPE_FORCE_OTHER","integer"
"arsau_2020_2022_useofforce_detaileddataset_2020_2022",56,"TYPE_FORCE_OTHER_RANK","integer"
"arsau_2020_2022_useofforce_detaileddataset_2020_2022",57,"TYPE_FORCE_OTHER_FORCE_EFFECTIVE","integer"
"arsau_2020_2022_useofforce_detaileddataset_2020_2022",58,"REASON_FORCE_EFFECT_ARREST","integer"
"arsau_2020_2022_useofforce_detaileddataset_2020_2022",59,"REASON_FORCE_PROTECT_SELF","integer"
"arsau_2020_2022_useofforce_detaileddataset_2020_2022",60,"REASON_FORCE_PROTECT_PUBLIC","integer"
"arsau_2020_2022_useofforce_detaileddataset_2020_2022",61,"REASON_FORCE_PREVENT_ESCAPE","integer"
"arsau_2020_2022_useofforce_detaileddataset_2020_2022",62,"REASON_FORCE_ACCIDENTAL","integer"
"arsau_2020_2022_useofforce_detaileddataset_2020_2022",63,"REASON_FORCE_PREVENT_COMMISSION_OF_OFFENCE","integer"
"arsau_2020_2022_useofforce_detaileddataset_2020_2022",64,"REASON_FORCE_PROTECT_OTHER_OFFICER","integer"
"arsau_2020_2022_useofforce_detaileddataset_2020_2022",65,"REASON_FORCE_PROTECT_SUBJECT","integer"
"arsau_2020_2022_useofforce_detaileddataset_2020_2022",66,"REASON_FORCE_OTHER","integer"
"arsau_2020_2022_useofforce_detaileddataset_2020_2022",67,"TYPE_FIREARM_REVOLVER_CHECK","integer"
"arsau_2020_2022_useofforce_detaileddataset_2020_2022",68,"TYPE_FIREARM_REVOLVER_NUMBER_ROUNDS","integer"
"arsau_2020_2022_useofforce_detaileddataset_2020_2022",69,"TYPE_FIREARM_RIFLE_CHECK","integer"
"arsau_2020_2022_useofforce_detaileddataset_2020_2022",70,"TYPE_FIREARM_RIFLE_NUMBER_ROUNDS","integer"
"arsau_2020_2022_useofforce_detaileddataset_2020_2022",71,"TYPE_FIREARM_SEMI_AUTOMATIC_CHECK","integer"
"arsau_2020_2022_useofforce_detaileddataset_2020_2022",72,"TYPE_FIREARM_SEMI_AUTOMATIC_NUMBER_ROUNDS","integer"
"arsau_2020_2022_useofforce_detaileddataset_2020_2022",73,"TYPE_FIREARM_SHOTGUN_CHECK","integer"
"arsau_2020_2022_useofforce_detaileddataset_2020_2022",74,"TYPE_FIREARM_SHOTGUN_NUMBER_ROUNDS","integer"
"arsau_2020_2022_useofforce_detaileddataset_2020_2022",75,"TYPE_FIREARM_OTHER_CHECK","integer"
"arsau_2020_2022_useofforce_detaileddataset_2020_2022",76,"TYPE_FIREARM_OTHER_NUMBER_ROUNDS","integer"
"arsau_2020_2022_useofforce_detaileddataset_2020_2022",77,"DIST_SUB_ONE","integer"
"arsau_2020_2022_useofforce_detaileddataset_2020_2022",78,"DIST_SUB_TWO","integer"
"arsau_2020_2022_useofforce_detaileddataset_2020_2022",79,"DIST_SUB_THREE","integer"
"arsau_2020_2022_useofforce_detaileddataset_2020_2022",80,"ALTERNATIVE_STRATEGIES_CONCEALMENT","integer"
"arsau_2020_2022_useofforce_detaileddataset_2020_2022",81,"ALTERNATIVE_STRATEGIES_COVER","integer"
"arsau_2020_2022_useofforce_detaileddataset_2020_2022",82,"ALTERNATIVE_STRATEGIES_VERBAL_INTERACTION","integer"
"arsau_2020_2022_useofforce_detaileddataset_2020_2022",83,"ALTERNATIVE_STRATEGIES_OTHER","integer"
"arsau_2020_2022_useofforce_detaileddataset_2020_2022",84,"WEAPONS_CARRIED_SUBJECT_BASEBALL_BAT_CLUB_SUBJECT_ONE","integer"
"arsau_2020_2022_useofforce_detaileddataset_2020_2022",85,"WEAPONS_CARRIED_SUBJECT_BASEBALL_BAT_CLUB_SUBJECT_TWO","integer"
"arsau_2020_2022_useofforce_detaileddataset_2020_2022",86,"WEAPONS_CARRIED_SUBJECT_BASEBALL_BAT_CLUB_SUBJECT_THREE","integer"
"arsau_2020_2022_useofforce_detaileddataset_2020_2022",87,"WEAPONS_CARRIED_SUBJECT_KNIFE_EDGED_WEAPON_SUBJECT_ONE","integer"
"arsau_2020_2022_useofforce_detaileddataset_2020_2022",88,"WEAPONS_CARRIED_SUBJECT_KNIFE_EDGED_WEAPON_SUBJECT_TWO","integer"
"arsau_2020_2022_useofforce_detaileddataset_2020_2022",89,"WEAPONS_CARRIED_SUBJECT_KNIFE_EDGED_WEAPON_SUBJECT_THREE","integer"
"arsau_2020_2022_useofforce_detaileddataset_2020_2022",90,"WEAPONS_CARRIED_SUBJECT_REVOLVER_SUBJECT_ONE","integer"
"arsau_2020_2022_useofforce_detaileddataset_2020_2022",91,"WEAPONS_CARRIED_SUBJECT_REVOLVER_SUBJECT_TWO","integer"
"arsau_2020_2022_useofforce_detaileddataset_2020_2022",92,"WEAPONS_CARRIED_SUBJECT_REVOLVER_SUBJECT_THREE","integer"
"arsau_2020_2022_useofforce_detaileddataset_2020_2022",93,"WEAPONS_CARRIED_SUBJECT_RIFLE_SUBJECT_ONE","integer"
"arsau_2020_2022_useofforce_detaileddataset_2020_2022",94,"WEAPONS_CARRIED_SUBJECT_RIFLE_SUBJECT_TWO","integer"
"arsau_2020_2022_useofforce_detaileddataset_2020_2022",95,"WEAPONS_CARRIED_SUBJECT_RIFLE_SUBJECT_THREE","integer"
"arsau_2020_2022_useofforce_detaileddataset_2020_2022",96,"WEAPONS_CARRIED_SUBJECT_SEMI_AUTOMATIC_SUBJECT_ONE","integer"
"arsau_2020_2022_useofforce_detaileddataset_2020_2022",97,"WEAPONS_CARRIED_SUBJECT_SEMI_AUTOMATIC_SUBJECT_TWO","integer"
"arsau_2020_2022_useofforce_detaileddataset_2020_2022",98,"WEAPONS_CARRIED_SUBJECT_SEMI_AUTOMATIC_SUBJECT_THREE","integer"
"arsau_2020_2022_useofforce_detaileddataset_2020_2022",99,"WEAPONS_CARRIED_SUBJECT_SHOTGUN_SUBJECT_ONE","integer"
"arsau_2020_2022_useofforce_detaileddataset_2020_2022",100,"WEAPONS_CARRIED_SUBJECT_SHOTGUN_SUBJECT_TWO","integer"
"arsau_2020_2022_useofforce_detaileddataset_2020_2022",101,"WEAPONS_CARRIED_SUBJECT_SHOTGUN_SUBJECT_THREE","integer"
"arsau_2020_2022_useofforce_detaileddataset_2020_2022",102,"WEAPONS_CARRIED_SUBJECT_NONE_SUBJECT_ONE","integer"
"arsau_2020_2022_useofforce_detaileddataset_2020_2022",103,"WEAPONS_CARRIED_SUBJECT_NONE_SUBJECT_TWO","integer"
"arsau_2020_2022_useofforce_detaileddataset_2020_2022",104,"WEAPONS_CARRIED_SUBJECT_NONE_SUBJECT_THREE","integer"
"arsau_2020_2022_useofforce_detaileddataset_2020_2022",105,"WEAPONS_CARRIED_SUBJECT_UNKNOWN_SUBJECT_ONE","integer"
"arsau_2020_2022_useofforce_detaileddataset_2020_2022",106,"WEAPONS_CARRIED_SUBJECT_UNKNOWN_SUBJECT_TWO","integer"
"arsau_2020_2022_useofforce_detaileddataset_2020_2022",107,"WEAPONS_CARRIED_SUBJECT_UNKNOWN_SUBJECT_THREE","integer"
"arsau_2020_2022_useofforce_detaileddataset_2020_2022",108,"WEAPONS_CARRIED_SUBJECT_OTHER_SUBJECT_ONE","integer"
"arsau_2020_2022_useofforce_detaileddataset_2020_2022",109,"WEAPONS_CARRIED_SUBJECT_OTHER_SUBJECT_TWO","integer"
"arsau_2020_2022_useofforce_detaileddataset_2020_2022",110,"WEAPONS_CARRIED_SUBJECT_OTHER_SUBJECT_THREE","integer"
"arsau_2020_2022_useofforce_detaileddataset_2020_2022",111,"WEAPONS_CARRIED_FIREARM","integer"
"arsau_2020_2022_useofforce_detaileddataset_2020_2022",112,"WEAPONS_CARRIED_KNIFE_EDGED_WEAPON","integer"
"arsau_2020_2022_useofforce_detaileddataset_2020_2022",113,"WEAPONS_CARRIED_IMPACT_WEAPON","integer"
"arsau_2020_2022_useofforce_detaileddataset_2020_2022",114,"WEAPONS_CARRIED_UNARMED","integer"
"arsau_2020_2022_useofforce_detaileddataset_2020_2022",115,"WEAPONS_CARRIED_UNKNOWN_WEAPON","integer"
"arsau_2020_2022_useofforce_detaileddataset_2020_2022",116,"WEAPONS_CARRIED_OTHER_WEAPON","integer"
"arsau_2020_2022_useofforce_detaileddataset_2020_2022",117,"LOCATION_SUBJECT_WEAPONS_AT_HAND_SUBJECT_ONE","integer"
"arsau_2020_2022_useofforce_detaileddataset_2020_2022",118,"LOCATION_SUBJECT_WEAPONS_AT_HAND_SUBJECT_TWO","integer"
"arsau_2020_2022_useofforce_detaileddataset_2020_2022",119,"LOCATION_SUBJECT_WEAPONS_AT_HAND_SUBJECT_THREE","integer"
"arsau_2020_2022_useofforce_detaileddataset_2020_2022",120,"LOCATION_SUBJECT_WEAPONS_CONCEALED_PERSON_SUBJECT_ONE","integer"
"arsau_2020_2022_useofforce_detaileddataset_2020_2022",121,"LOCATION_SUBJECT_WEAPONS_CONCEALED_PERSON_SUBJECT_TWO","integer"
"arsau_2020_2022_useofforce_detaileddataset_2020_2022",122,"LOCATION_SUBJECT_WEAPONS_CONCEALED_PERSON_SUBJECT_THREE","integer"
"arsau_2020_2022_useofforce_detaileddataset_2020_2022",123,"LOCATION_SUBJECT_WEAPONS_IN_HAND_SUBJECT_ONE","integer"
"arsau_2020_2022_useofforce_detaileddataset_2020_2022",124,"LOCATION_SUBJECT_WEAPONS_IN_HAND_SUBJECT_TWO","integer"
"arsau_2020_2022_useofforce_detaileddataset_2020_2022",125,"LOCATION_SUBJECT_WEAPONS_IN_HAND_SUBJECT_THREE","integer"
"arsau_2020_2022_useofforce_detaileddataset_2020_2022",126,"TOTAL_ROUNDS_FIRED_ALL_SUBJECTS","integer"
"arsau_2020_2022_useofforce_detaileddataset_2020_2022",127,"LOCATION_INCIDENT_OUTDOOR_LANEWAY","integer"
"arsau_2020_2022_useofforce_detaileddataset_2020_2022",128,"LOCATION_INCIDENT_OUTDOOR_MOTOR_VEHICLE","integer"
"arsau_2020_2022_useofforce_detaileddataset_2020_2022",129,"LOCATION_INCIDENT_OUTDOOR_PARK","integer"
"arsau_2020_2022_useofforce_detaileddataset_2020_2022",130,"LOCATION_INCIDENT_OUTDOOR_ROADWAY","integer"
"arsau_2020_2022_useofforce_detaileddataset_2020_2022",131,"LOCATION_INCIDENT_OUTDOOR_RURAL","integer"
"arsau_2020_2022_useofforce_detaileddataset_2020_2022",132,"LOCATION_INCIDENT_OUTDOOR_YARD","integer"
"arsau_2020_2022_useofforce_detaileddataset_2020_2022",133,"LOCATION_INCIDENT_OUTDOOR_OTHER","integer"
"arsau_2020_2022_useofforce_detaileddataset_2020_2022",134,"LOCATION_INCIDENT_INDOOR_PRIVATE_PROPERTY_APARTMENT","integer"
"arsau_2020_2022_useofforce_detaileddataset_2020_2022",135,"LOCATION_INCIDENT_INDOOR_PRIVATE_PROPERTY_HALLWAY","integer"
"arsau_2020_2022_useofforce_detaileddataset_2020_2022",136,"LOCATION_INCIDENT_INDOOR_PRIVATE_PROPERTY_HOUSE","integer"
"arsau_2020_2022_useofforce_detaileddataset_2020_2022",137,"LOCATION_INCIDENT_INDOOR_PUBLIC_PROPERTY_COMMERCIAL_SITE","integer"
"arsau_2020_2022_useofforce_detaileddataset_2020_2022",138,"LOCATION_INCIDENT_INDOOR_PUBLIC_PROPERTY_FINANCIAL_INSTITUTION","integer"
"arsau_2020_2022_useofforce_detaileddataset_2020_2022",139,"LOCATION_INCIDENT_INDOOR_PUBLIC_PROPERTY_PUBLIC_INSTITUTION","integer"
"arsau_2020_2022_useofforce_detaileddataset_2020_2022",140,"LOCATION_INCIDENT_INDOOR_OTHER","integer"
"arsau_2020_2022_useofforce_detaileddataset_2020_2022",141,"WEATHER_CONDITIONS_CLEAR","integer"
"arsau_2020_2022_useofforce_detaileddataset_2020_2022",142,"WEATHER_CONDITIONS_CLOUDY","integer"
"arsau_2020_2022_useofforce_detaileddataset_2020_2022",143,"WEATHER_CONDITIONS_FOG","integer"
"arsau_2020_2022_useofforce_detaileddataset_2020_2022",144,"WEATHER_CONDITIONS_RAIN","integer"
"arsau_2020_2022_useofforce_detaileddataset_2020_2022",145,"WEATHER_CONDITIONS_SNOW_SLEET","integer"
"arsau_2020_2022_useofforce_detaileddataset_2020_2022",146,"WEATHER_CONDITIONS_SUNNY","integer"
"arsau_2020_2022_useofforce_detaileddataset_2020_2022",147,"WEATHER_CONDITIONS_OTHER","integer"
"arsau_2020_2022_useofforce_detaileddataset_2020_2022",148,"LIGHTING_CONDITIONS_DARK","integer"
"arsau_2020_2022_useofforce_detaileddataset_2020_2022",149,"LIGHTING_CONDITIONS_DAYLIGHT","integer"
"arsau_2020_2022_useofforce_detaileddataset_2020_2022",150,"LIGHTING_CONDITIONS_DUSK","integer"
"arsau_2020_2022_useofforce_detaileddataset_2020_2022",151,"LIGHTING_CONDITIONS_GOOD_ARTIFICIAL_LIGHT","integer"
"arsau_2020_2022_useofforce_detaileddataset_2020_2022",152,"LIGHTING_CONDITIONS_POOR_ARTIFICIAL_LIGHT","integer"
"arsau_2020_2022_useofforce_detaileddataset_2020_2022",153,"LIGHTING_CONDITIONS_OTHER","integer"
"arsau_2020_2022_useofforce_detaileddataset_2020_2022",154,"PERSON_INJURED_SELF_MEDICAL_ATTENTION_REQUIRED","integer"
"arsau_2020_2022_useofforce_detaileddataset_2020_2022",155,"PERSON_INJURED_SELF_NATURE_INJURIES","integer"
"arsau_2020_2022_useofforce_detaileddataset_2020_2022",156,"PERSON_INJURED_OTHER_POLICE_OFFICER_MEDICAL_ATTENTION_REQUIRED","integer"
"arsau_2020_2022_useofforce_detaileddataset_2020_2022",157,"PERSON_INJURED_OTHER_POLICE_OFFICER_NATURE_INJURIES","integer"
"arsau_2020_2022_useofforce_detaileddataset_2020_2022",158,"PERSON_INJURED_THIRD_PARTY_MEDICAL_ATTENTION_REQUIRED","integer"
"arsau_2020_2022_useofforce_detaileddataset_2020_2022",159,"PERSON_INJURED_THIRD_PARTY_NATURE_INJURIES","integer"
"arsau_2020_2022_useofforce_detaileddataset_2020_2022",160,"PERSON_INJURED_SUBJECT1_MEDICAL_ATTENTION_REQUIRED","integer"
"arsau_2020_2022_useofforce_detaileddataset_2020_2022",161,"PERSON_INJURED_SUBJECT1_NATURE_INJURIES","integer"
"arsau_2020_2022_useofforce_detaileddataset_2020_2022",162,"PERSON_INJURED_SUBJECT2_MEDICAL_ATTENTION_REQUIRED","integer"
"arsau_2020_2022_useofforce_detaileddataset_2020_2022",163,"PERSON_INJURED_SUBJECT2_NATURE_INJURIES","integer"
"arsau_2020_2022_useofforce_detaileddataset_2020_2022",164,"PERSON_INJURED_SUBJECT3_MEDICAL_ATTENTION_REQUIRED","integer"
"arsau_2020_2022_useofforce_detaileddataset_2020_2022",165,"PERSON_INJURED_SUBJECT3_NATURE_INJURIES","integer"
"arsau_2020_2022_useofforce_detaileddataset_2020_2022",166,"REVIEWED_SUPERVISOR","integer"
"arsau_2020_2022_useofforce_detaileddataset_2020_2022",167,"REVIEWED_TRAINING_ANALYST","integer"
"arsau_2023_uof_individual_records",1,"BatchFileName","character"
"arsau_2023_uof_individual_records",2,"Indiv_Index","integer"
"arsau_2023_uof_individual_records",3,"Race","character"
"arsau_2023_uof_individual_records",4,"DifficultyPerceiving","character"
"arsau_2023_uof_individual_records",5,"AgeCategory","character"
"arsau_2023_uof_individual_records",6,"Gender","character"
"arsau_2023_uof_individual_records",7,"DistanceBetweenOfficerAndIndiv","integer"
"arsau_2023_uof_individual_records",8,"ReasonUseOfForce_EffectArrest","integer"
"arsau_2023_uof_individual_records",9,"ReasonUseOfForce_PreventOffence","integer"
"arsau_2023_uof_individual_records",10,"ReasonUseOfForce_PreventEscape","integer"
"arsau_2023_uof_individual_records",11,"ReasonUseOfForce_ProtectOtherOfficers","integer"
"arsau_2023_uof_individual_records",12,"ReasonUseOfForce_ProtectPublic","integer"
"arsau_2023_uof_individual_records",13,"ReasonUseOfForce_ProtectSelf","integer"
"arsau_2023_uof_individual_records",14,"ReasonUseOfForce_ProtectIndiv","integer"
"arsau_2023_uof_individual_records",15,"ReasonUseOfForce_Unintentional","integer"
"arsau_2023_uof_individual_records",16,"ReasonUseOfForce_Other","integer"
"arsau_2023_uof_individual_records",17,"FactorsInfluenceResponse_NatureIncident","integer"
"arsau_2023_uof_individual_records",18,"FactorsInfluenceResponse_PastHistory","integer"
"arsau_2023_uof_individual_records",19,"FactorsInfluenceResponse_PhysicalSizeStrength","integer"
"arsau_2023_uof_individual_records",20,"FactorsInfluenceResponse_OtherFactors","integer"
"arsau_2023_uof_individual_records",21,"IndivActions_ResistantPassive","integer"
"arsau_2023_uof_individual_records",22,"IndivActions_ResistantActive","integer"
"arsau_2023_uof_individual_records",23,"IndivActions_Assaultive","integer"
"arsau_2023_uof_individual_records",24,"IndivActions_SeriousBodilyHarmDeath","integer"
"arsau_2023_uof_individual_records",25,"PerceiveAccessWeapon","integer"
"arsau_2023_uof_individual_records",26,"OfficerResponses_DirectionsToComply","integer"
"arsau_2023_uof_individual_records",27,"OfficerResponses_Comply","integer"
"arsau_2023_uof_individual_records",28,"OfficerResponses_AttemptDeescalation","integer"
"arsau_2023_uof_individual_records",29,"OfficerResponses_DeescalationTechniques_Communication","integer"
"arsau_2023_uof_individual_records",30,"OfficerResponses_DeescalationTechniques_Containment","integer"
"arsau_2023_uof_individual_records",31,"OfficerResponses_DeescalationTechniques_Cover","integer"
"arsau_2023_uof_individual_records",32,"OfficerResponses_DeescalationTechniques_Distance","integer"
"arsau_2023_uof_individual_records",33,"OfficerResponses_DeescalationTechniques_Repositioning","integer"
"arsau_2023_uof_individual_records",34,"OfficerResponses_DeescalationTechniques_Teamwork","integer"
"arsau_2023_uof_individual_records",35,"OfficerResponses_DeescalationTechniques_Time","integer"
"arsau_2023_uof_individual_records",36,"OfficerResponses_DeescalationTechniques_Other","integer"
"arsau_2023_uof_individual_records",37,"OfficerResponses_AssistCtrlBhvr","integer"
"arsau_2023_uof_individual_records",38,"OfficerResponses_Reason_ImminentThreat","integer"
"arsau_2023_uof_individual_records",39,"OfficerResponses_Reason_ActionRequiredImmediately","integer"
"arsau_2023_uof_individual_records",40,"OfficerResponses_Reason_DeescalationUsedOtherOfficers","integer"
"arsau_2023_uof_individual_records",41,"OfficerResponses_Reason_Other","integer"
"arsau_2023_uof_individual_records",42,"TypeForceUsed_PhysicalControl_Check","integer"
"arsau_2023_uof_individual_records",43,"TypeForceUsed_PhysicalControl_EscortTechniques","integer"
"arsau_2023_uof_individual_records",44,"TypeForceUsed_PhysicalControl_Grounding","integer"
"arsau_2023_uof_individual_records",45,"TypeForceUsed_PhysicalControl_JointLocks","integer"
"arsau_2023_uof_individual_records",46,"TypeForceUsed_PhysicalControl_Pinning","integer"
"arsau_2023_uof_individual_records",47,"TypeForceUsed_PhysicalControl_PressurePoints","integer"
"arsau_2023_uof_individual_records",48,"TypeForceUsed_PhysicalControl_Strikes","integer"
"arsau_2023_uof_individual_records",49,"TypeForceUsed_PhysicalControl_Other","integer"
"arsau_2023_uof_individual_records",50,"TypeForceUsed_PhysicalControl_AssistCtrlBhvr","integer"
"arsau_2023_uof_individual_records",51,"TypeForceUsed_IntermWeapon_Check","integer"
"arsau_2023_uof_individual_records",52,"TypeForceUsed_IntermWeapon_OC_Check","integer"
"arsau_2023_uof_individual_records",53,"TypeForceUsed_IntermWeapon_OC_AssistCtrlBhvr","integer"
"arsau_2023_uof_individual_records",54,"TypeForceUsed_IntermWeapon_Baton_Check","integer"
"arsau_2023_uof_individual_records",55,"TypeForceUsed_IntermWeapon_Baton_Hard","integer"
"arsau_2023_uof_individual_records",56,"TypeForceUsed_IntermWeapon_Baton_Soft","integer"
"arsau_2023_uof_individual_records",57,"TypeForceUsed_IntermWeapon_Baton_AssistCtrlBhvr","integer"
"arsau_2023_uof_individual_records",58,"TypeForceUsed_IntermWeapon_CEW_Check","integer"
"arsau_2023_uof_individual_records",59,"TypeForceUsed_IntermWeapon_CEW_AssistCtrlBhvr","integer"
"arsau_2023_uof_individual_records",60,"TypeForceUsed_IntermWeapon_CEW_WhyNot_CartridgeMalfunction","integer"
"arsau_2023_uof_individual_records",61,"TypeForceUsed_IntermWeapon_CEW_WhyNot_Disconnect","integer"
"arsau_2023_uof_individual_records",62,"TypeForceUsed_IntermWeapon_CEW_WhyNot_InsufficientProbeSpread","integer"
"arsau_2023_uof_individual_records",63,"TypeForceUsed_IntermWeapon_CEW_WhyNot_OperatorError","integer"
"arsau_2023_uof_individual_records",64,"TypeForceUsed_IntermWeapon_CEW_WhyNot_ProbeMiss","integer"
"arsau_2023_uof_individual_records",65,"TypeForceUsed_IntermWeapon_CEW_WhyNot_WeaponMalfunction","integer"
"arsau_2023_uof_individual_records",66,"TypeForceUsed_IntermWeapon_CEW_WhyNot_Other","integer"
"arsau_2023_uof_individual_records",67,"TypeForceUsed_IntermWeapon_CEW_Drawn","integer"
"arsau_2023_uof_individual_records",68,"TypeForceUsed_IntermWeapon_CEW_Pointed","integer"
"arsau_2023_uof_individual_records",69,"TypeForceUsed_IntermWeapon_CEW_Discharged","integer"
"arsau_2023_uof_individual_records",70,"TypeForceUsed_IntermWeapon_CEW_DeloymentMode_Cartridge","integer"
"arsau_2023_uof_individual_records",71,"TypeForceUsed_IntermWeapon_CEW_DeloymentMode_DrivePushStun","integer"
"arsau_2023_uof_individual_records",72,"TypeForceUsed_IntermWeapon_CEW_DeloymentMode_ThreePointContact","integer"
"arsau_2023_uof_individual_records",73,"TypeForceUsed_IntermWeapon_CEW_DrivePushStunCycles","integer"
"arsau_2023_uof_individual_records",74,"TypeForceUsed_IntermWeapon_CEW_ThreePointContactCycles","integer"
"arsau_2023_uof_individual_records",75,"TypeForceUsed_LLFirearm_Check","integer"
"arsau_2023_uof_individual_records",76,"TypeForceUsed_LLFirearm_Shotgun_Check","integer"
"arsau_2023_uof_individual_records",77,"TypeForceUsed_LLFirearm_Shotgun_Pointed","integer"
"arsau_2023_uof_individual_records",78,"TypeForceUsed_LLFirearm_Shotgun_Discharged","integer"
"arsau_2023_uof_individual_records",79,"TypeForceUsed_LLFirearm_Shotgun_AssistCtrlBhvr","integer"
"arsau_2023_uof_individual_records",80,"TypeForceUsed_LLFirearm_ExtRangeImpactWeapon_Check","integer"
"arsau_2023_uof_individual_records",81,"TypeForceUsed_LLFirearm_ExtRangeImpactWeapon_Pointed","integer"
"arsau_2023_uof_individual_records",82,"TypeForceUsed_LLFirearm_ExtRangeImpactWeapon_Discharged","integer"
"arsau_2023_uof_individual_records",83,"TypeForceUsed_LLFirearm_ExtRangeImpactWeapon_AssistCtrlBhvr","integer"
"arsau_2023_uof_individual_records",84,"TypeForceUsed_Other_Check","integer"
"arsau_2023_uof_individual_records",85,"TypeForceUsed_Other_AssistCtrlBhvr","integer"
"arsau_2023_uof_individual_records",86,"TypeForceUsed_Firearm_Check","integer"
"arsau_2023_uof_individual_records",87,"TypeForceUsed_Firearm_Handgun_Check","integer"
"arsau_2023_uof_individual_records",88,"TypeForceUsed_Firearm_Handgun_Drawn","integer"
"arsau_2023_uof_individual_records",89,"TypeForceUsed_Firearm_Handgun_Pointed","integer"
"arsau_2023_uof_individual_records",90,"TypeForceUsed_Firearm_Handgun_Discharged","integer"
"arsau_2023_uof_individual_records",91,"TypeForceUsed_Firearm_Handgun_AssistCtrlBhvr","integer"
"arsau_2023_uof_individual_records",92,"TypeForceUsed_Firearm_Rifle_Check","integer"
"arsau_2023_uof_individual_records",93,"TypeForceUsed_Firearm_Rifle_Pointed","integer"
"arsau_2023_uof_individual_records",94,"TypeForceUsed_Firearm_Rifle_Discharged","integer"
"arsau_2023_uof_individual_records",95,"TypeForceUsed_Firearm_Rifle_AssistCtrlBhvr","integer"
"arsau_2023_uof_individual_records",96,"TypeForceUsed_Firearm_ShotgunLethal_Check","integer"
"arsau_2023_uof_individual_records",97,"TypeForceUsed_Firearm_ShotgunLethal_Pointed","integer"
"arsau_2023_uof_individual_records",98,"TypeForceUsed_Firearm_ShotgunLethal_Discharged","integer"
"arsau_2023_uof_individual_records",99,"TypeForceUsed_Firearm_ShotgunLethal_AssistCtrlBhvr","integer"
"arsau_2023_uof_individual_records",100,"TypeForceUsed_Firearm_IssuePoliceChallenge","integer"
"arsau_2023_uof_individual_records",101,"TypeForceUsed_Firearm_Comply","integer"
"arsau_2023_uof_individual_records",102,"TypeForceUsed_Firearm_NoChallengeWhyNot_NotViable","integer"
"arsau_2023_uof_individual_records",103,"TypeForceUsed_Firearm_NoChallengeWhyNot_IssuedByAnOtherOfficer","integer"
"arsau_2023_uof_individual_records",104,"TypeForceUsed_Firearm_NoChallengeWhyNot_Other","integer"
"arsau_2023_uof_individual_records",105,"IndivInjuries_PhysicalInjuries","integer"
"arsau_2023_uof_individual_records",106,"IndivInjuries_Treatment_No","integer"
"arsau_2023_uof_individual_records",107,"IndivInjuries_Treatment_FirstAid","integer"
"arsau_2023_uof_individual_records",108,"IndivInjuries_Treatment_MedicalPersonnelScene","integer"
"arsau_2023_uof_individual_records",109,"IndivInjuries_Treatment_AdmissionMedicalFacility","integer"
"arsau_2023_uof_individual_records",110,"IndivInjuries_Treatment_MedicalFacility","integer"
"arsau_2023_uof_individual_records",111,"IndivInjuries_Treatment_Unknown","integer"
"arsau_2023_uof_individual_records",112,"IndivInjuries_Treatment_Other","integer"
"arsau_2023_uof_main_records",1,"IncidentYear","integer"
"arsau_2023_uof_main_records",2,"BatchFileName","character"
"arsau_2023_uof_main_records",3,"PoliceServiceType","character"
"arsau_2023_uof_main_records",4,"PoliceService","character"
"arsau_2023_uof_main_records",5,"OPP_PoliceService_Region","character"
"arsau_2023_uof_main_records",6,"IncidentNumber","character"
"arsau_2023_uof_main_records",7,"Date","character"
"arsau_2023_uof_main_records",8,"ApproximateTimeForceApplied","character"
"arsau_2023_uof_main_records",9,"LocationType_ResidentialBuilding","integer"
"arsau_2023_uof_main_records",10,"LocationType_NonResidentialBuilding","integer"
"arsau_2023_uof_main_records",11,"LocationType_MotorVehicle","integer"
"arsau_2023_uof_main_records",12,"LocationType_OpenSpace","integer"
"arsau_2023_uof_main_records",13,"LocationType_PublicTransportation","integer"
"arsau_2023_uof_main_records",14,"ReportType","character"
"arsau_2023_uof_main_records",15,"TypeTeam","character"
"arsau_2023_uof_main_records",16,"NumberTeam","integer"
"arsau_2023_uof_main_records",17,"Attire","character"
"arsau_2023_uof_main_records",18,"AssignmentType","character"
"arsau_2023_uof_main_records",19,"IncidentType","character"
"arsau_2023_uof_main_records",20,"InteractionType","character"
"arsau_2023_uof_main_records",21,"NumberIndiv","integer"
"arsau_2023_uof_main_records",22,"NumberOtherOfficers","integer"
"arsau_2023_uof_main_records",23,"OfficerInvolvedInjuries_PhysicalInjuries","character"
"arsau_2023_uof_probe_cycle_records",1,"BatchFileName","character"
"arsau_2023_uof_probe_cycle_records",2,"Indiv_Index","integer"
"arsau_2023_uof_probe_cycle_records",3,"CEW_CartridgeProbe_CartridgeProbeCycles_Cyc","integer"
"arsau_2023_uof_weapon_records_invaliddata",1,"BatchFileName","character"
"arsau_2023_uof_weapon_records_invaliddata",2,"Indiv_Index","integer"
"arsau_2023_uof_weapon_records_invaliddata",3,"Weapon","character"
"arsau_2023_uof_weapon_records_invaliddata",4,"Location","character"
"arsau_2023_uof_weapon_records_invaliddata",5,"Indiv_Weapon_Index","integer"
"arsau_2024_uof_individual_records",1,"BatchFileName","character"
"arsau_2024_uof_individual_records",2,"Indiv_Index","integer"
"arsau_2024_uof_individual_records",3,"Race","character"
"arsau_2024_uof_individual_records",4,"DifficultyPerceiving","character"
"arsau_2024_uof_individual_records",5,"AgeCategory","character"
"arsau_2024_uof_individual_records",6,"Gender","character"
"arsau_2024_uof_individual_records",7,"DistanceBetweenOfficerAndIndiv","integer"
"arsau_2024_uof_individual_records",8,"ReasonUseOfForce_EffectArrest","integer"
"arsau_2024_uof_individual_records",9,"ReasonUseOfForce_PreventOffence","integer"
"arsau_2024_uof_individual_records",10,"ReasonUseOfForce_PreventEscape","integer"
"arsau_2024_uof_individual_records",11,"ReasonUseOfForce_ProtectOtherOfficers","integer"
"arsau_2024_uof_individual_records",12,"ReasonUseOfForce_ProtectPublic","integer"
"arsau_2024_uof_individual_records",13,"ReasonUseOfForce_ProtectSelf","integer"
"arsau_2024_uof_individual_records",14,"ReasonUseOfForce_ProtectIndiv","integer"
"arsau_2024_uof_individual_records",15,"ReasonUseOfForce_Unintentional","integer"
"arsau_2024_uof_individual_records",16,"ReasonUseOfForce_Other","integer"
"arsau_2024_uof_individual_records",17,"FactorsInfluenceResponse_NatureIncident","integer"
"arsau_2024_uof_individual_records",18,"FactorsInfluenceResponse_PastHistory","integer"
"arsau_2024_uof_individual_records",19,"FactorsInfluenceResponse_PhysicalSizeStrength","integer"
"arsau_2024_uof_individual_records",20,"FactorsInfluenceResponse_OtherFactors","integer"
"arsau_2024_uof_individual_records",21,"IndivActions_ResistantPassive","integer"
"arsau_2024_uof_individual_records",22,"IndivActions_ResistantActive","integer"
"arsau_2024_uof_individual_records",23,"IndivActions_Assaultive","integer"
"arsau_2024_uof_individual_records",24,"IndivActions_SeriousBodilyHarmDeath","integer"
"arsau_2024_uof_individual_records",25,"PerceiveAccessWeapon","integer"
"arsau_2024_uof_individual_records",26,"OfficerResponses_DirectionsToComply","integer"
"arsau_2024_uof_individual_records",27,"OfficerResponses_Comply","integer"
"arsau_2024_uof_individual_records",28,"OfficerResponses_AttemptDeescalation","integer"
"arsau_2024_uof_individual_records",29,"OfficerResponses_DeescalationTechniques_Communication","integer"
"arsau_2024_uof_individual_records",30,"OfficerResponses_DeescalationTechniques_Containment","integer"
"arsau_2024_uof_individual_records",31,"OfficerResponses_DeescalationTechniques_Cover","integer"
"arsau_2024_uof_individual_records",32,"OfficerResponses_DeescalationTechniques_Distance","integer"
"arsau_2024_uof_individual_records",33,"OfficerResponses_DeescalationTechniques_Repositioning","integer"
"arsau_2024_uof_individual_records",34,"OfficerResponses_DeescalationTechniques_Teamwork","integer"
"arsau_2024_uof_individual_records",35,"OfficerResponses_DeescalationTechniques_Time","integer"
"arsau_2024_uof_individual_records",36,"OfficerResponses_DeescalationTechniques_Other","integer"
"arsau_2024_uof_individual_records",37,"OfficerResponses_AssistCtrlBhvr","integer"
"arsau_2024_uof_individual_records",38,"OfficerResponses_Reason_ImminentThreat","integer"
"arsau_2024_uof_individual_records",39,"OfficerResponses_Reason_ActionRequiredImmediately","integer"
"arsau_2024_uof_individual_records",40,"OfficerResponses_Reason_DeescalationUsedOtherOfficers","integer"
"arsau_2024_uof_individual_records",41,"OfficerResponses_Reason_Other","integer"
"arsau_2024_uof_individual_records",42,"TypeForceUsed_PhysicalControl_Check","integer"
"arsau_2024_uof_individual_records",43,"TypeForceUsed_PhysicalControl_EscortTechniques","integer"
"arsau_2024_uof_individual_records",44,"TypeForceUsed_PhysicalControl_Grounding","integer"
"arsau_2024_uof_individual_records",45,"TypeForceUsed_PhysicalControl_JointLocks","integer"
"arsau_2024_uof_individual_records",46,"TypeForceUsed_PhysicalControl_Pinning","integer"
"arsau_2024_uof_individual_records",47,"TypeForceUsed_PhysicalControl_PressurePoints","integer"
"arsau_2024_uof_individual_records",48,"TypeForceUsed_PhysicalControl_Strikes","integer"
"arsau_2024_uof_individual_records",49,"TypeForceUsed_PhysicalControl_Other","integer"
"arsau_2024_uof_individual_records",50,"TypeForceUsed_PhysicalControl_AssistCtrlBhvr","integer"
"arsau_2024_uof_individual_records",51,"TypeForceUsed_IntermWeapon_Check","integer"
"arsau_2024_uof_individual_records",52,"TypeForceUsed_IntermWeapon_OC_Check","integer"
"arsau_2024_uof_individual_records",53,"TypeForceUsed_IntermWeapon_OC_AssistCtrlBhvr","integer"
"arsau_2024_uof_individual_records",54,"TypeForceUsed_IntermWeapon_Baton_Check","integer"
"arsau_2024_uof_individual_records",55,"TypeForceUsed_IntermWeapon_Baton_Hard","integer"
"arsau_2024_uof_individual_records",56,"TypeForceUsed_IntermWeapon_Baton_Soft","integer"
"arsau_2024_uof_individual_records",57,"TypeForceUsed_IntermWeapon_Baton_AssistCtrlBhvr","integer"
"arsau_2024_uof_individual_records",58,"TypeForceUsed_IntermWeapon_CEW_Check","integer"
"arsau_2024_uof_individual_records",59,"TypeForceUsed_IntermWeapon_CEW_AssistCtrlBhvr","integer"
"arsau_2024_uof_individual_records",60,"TypeForceUsed_IntermWeapon_CEW_WhyNot_CartridgeMalfunction","integer"
"arsau_2024_uof_individual_records",61,"TypeForceUsed_IntermWeapon_CEW_WhyNot_Disconnect","integer"
"arsau_2024_uof_individual_records",62,"TypeForceUsed_IntermWeapon_CEW_WhyNot_InsufficientProbeSpread","integer"
"arsau_2024_uof_individual_records",63,"TypeForceUsed_IntermWeapon_CEW_WhyNot_OperatorError","integer"
"arsau_2024_uof_individual_records",64,"TypeForceUsed_IntermWeapon_CEW_WhyNot_ProbeMiss","integer"
"arsau_2024_uof_individual_records",65,"TypeForceUsed_IntermWeapon_CEW_WhyNot_WeaponMalfunction","integer"
"arsau_2024_uof_individual_records",66,"TypeForceUsed_IntermWeapon_CEW_WhyNot_Other","integer"
"arsau_2024_uof_individual_records",67,"TypeForceUsed_IntermWeapon_CEW_Drawn","integer"
"arsau_2024_uof_individual_records",68,"TypeForceUsed_IntermWeapon_CEW_Pointed","integer"
"arsau_2024_uof_individual_records",69,"TypeForceUsed_IntermWeapon_CEW_Discharged","integer"
"arsau_2024_uof_individual_records",70,"TypeForceUsed_IntermWeapon_CEW_DeloymentMode_Cartridge","integer"
"arsau_2024_uof_individual_records",71,"TypeForceUsed_IntermWeapon_CEW_DeloymentMode_DrivePushStun","integer"
"arsau_2024_uof_individual_records",72,"TypeForceUsed_IntermWeapon_CEW_DeloymentMode_ThreePointContact","integer"
"arsau_2024_uof_individual_records",73,"TypeForceUsed_IntermWeapon_CEW_DrivePushStunCycles","integer"
"arsau_2024_uof_individual_records",74,"TypeForceUsed_IntermWeapon_CEW_ThreePointContactCycles","integer"
"arsau_2024_uof_individual_records",75,"TypeForceUsed_LLFirearm_Check","integer"
"arsau_2024_uof_individual_records",76,"TypeForceUsed_LLFirearm_Shotgun_Check","integer"
"arsau_2024_uof_individual_records",77,"TypeForceUsed_LLFirearm_Shotgun_Pointed","integer"
"arsau_2024_uof_individual_records",78,"TypeForceUsed_LLFirearm_Shotgun_Discharged","integer"
"arsau_2024_uof_individual_records",79,"TypeForceUsed_LLFirearm_Shotgun_AssistCtrlBhvr","integer"
"arsau_2024_uof_individual_records",80,"TypeForceUsed_LLFirearm_ExtRangeImpactWeapon_Check","integer"
"arsau_2024_uof_individual_records",81,"TypeForceUsed_LLFirearm_ExtRangeImpactWeapon_Pointed","integer"
"arsau_2024_uof_individual_records",82,"TypeForceUsed_LLFirearm_ExtRangeImpactWeapon_Discharged","integer"
"arsau_2024_uof_individual_records",83,"TypeForceUsed_LLFirearm_ExtRangeImpactWeapon_AssistCtrlBhvr","integer"
"arsau_2024_uof_individual_records",84,"TypeForceUsed_Other_Check","integer"
"arsau_2024_uof_individual_records",85,"TypeForceUsed_Other_AssistCtrlBhvr","integer"
"arsau_2024_uof_individual_records",86,"TypeForceUsed_Firearm_Check","integer"
"arsau_2024_uof_individual_records",87,"TypeForceUsed_Firearm_Handgun_Check","integer"
"arsau_2024_uof_individual_records",88,"TypeForceUsed_Firearm_Handgun_Drawn","integer"
"arsau_2024_uof_individual_records",89,"TypeForceUsed_Firearm_Handgun_Pointed","integer"
"arsau_2024_uof_individual_records",90,"TypeForceUsed_Firearm_Handgun_Discharged","integer"
"arsau_2024_uof_individual_records",91,"TypeForceUsed_Firearm_Handgun_AssistCtrlBhvr","integer"
"arsau_2024_uof_individual_records",92,"TypeForceUsed_Firearm_Rifle_Check","integer"
"arsau_2024_uof_individual_records",93,"TypeForceUsed_Firearm_Rifle_Pointed","integer"
"arsau_2024_uof_individual_records",94,"TypeForceUsed_Firearm_Rifle_Discharged","integer"
"arsau_2024_uof_individual_records",95,"TypeForceUsed_Firearm_Rifle_AssistCtrlBhvr","integer"
"arsau_2024_uof_individual_records",96,"TypeForceUsed_Firearm_ShotgunLethal_Check","integer"
"arsau_2024_uof_individual_records",97,"TypeForceUsed_Firearm_ShotgunLethal_Pointed","integer"
"arsau_2024_uof_individual_records",98,"TypeForceUsed_Firearm_ShotgunLethal_Discharged","integer"
"arsau_2024_uof_individual_records",99,"TypeForceUsed_Firearm_ShotgunLethal_AssistCtrlBhvr","integer"
"arsau_2024_uof_individual_records",100,"TypeForceUsed_Firearm_IssuePoliceChallenge","integer"
"arsau_2024_uof_individual_records",101,"TypeForceUsed_Firearm_Comply","integer"
"arsau_2024_uof_individual_records",102,"TypeForceUsed_Firearm_NoChallengeWhyNot_NotViable","integer"
"arsau_2024_uof_individual_records",103,"TypeForceUsed_Firearm_NoChallengeWhyNot_IssuedByAnOtherOfficer","integer"
"arsau_2024_uof_individual_records",104,"TypeForceUsed_Firearm_NoChallengeWhyNot_Other","integer"
"arsau_2024_uof_individual_records",105,"IndivInjuries_PhysicalInjuries","integer"
"arsau_2024_uof_individual_records",106,"IndivInjuries_Treatment_No","integer"
"arsau_2024_uof_individual_records",107,"IndivInjuries_Treatment_FirstAid","integer"
"arsau_2024_uof_individual_records",108,"IndivInjuries_Treatment_MedicalPersonnelScene","integer"
"arsau_2024_uof_individual_records",109,"IndivInjuries_Treatment_AdmissionMedicalFacility","integer"
"arsau_2024_uof_individual_records",110,"IndivInjuries_Treatment_MedicalFacility","integer"
"arsau_2024_uof_individual_records",111,"IndivInjuries_Treatment_Unknown","integer"
"arsau_2024_uof_individual_records",112,"IndivInjuries_Treatment_Other","integer"
"arsau_2024_uof_main_records",1,"IncidentYear","integer"
"arsau_2024_uof_main_records",2,"BatchFileName","character"
"arsau_2024_uof_main_records",3,"PoliceServiceType","character"
"arsau_2024_uof_main_records",4,"PoliceService","character"
"arsau_2024_uof_main_records",5,"OPP_PoliceService_Region","character"
"arsau_2024_uof_main_records",6,"IncidentNumber","character"
"arsau_2024_uof_main_records",7,"Date","character"
"arsau_2024_uof_main_records",8,"ApproximateTimeForceApplied","character"
"arsau_2024_uof_main_records",9,"LocationType_ResidentialBuilding","integer"
"arsau_2024_uof_main_records",10,"LocationType_NonResidentialBuilding","integer"
"arsau_2024_uof_main_records",11,"LocationType_MotorVehicle","integer"
"arsau_2024_uof_main_records",12,"LocationType_OpenSpace","integer"
"arsau_2024_uof_main_records",13,"LocationType_PublicTransportation","integer"
"arsau_2024_uof_main_records",14,"ReportType","character"
"arsau_2024_uof_main_records",15,"TypeTeam","character"
"arsau_2024_uof_main_records",16,"NumberTeam","integer"
"arsau_2024_uof_main_records",17,"Attire","character"
"arsau_2024_uof_main_records",18,"AssignmentType","character"
"arsau_2024_uof_main_records",19,"IncidentType","character"
"arsau_2024_uof_main_records",20,"InteractionType","character"
"arsau_2024_uof_main_records",21,"NumberIndiv","integer"
"arsau_2024_uof_main_records",22,"NumberOtherOfficers","integer"
"arsau_2024_uof_main_records",23,"OfficerInvolvedInjuries_PhysicalInjuries","character"
"arsau_2024_uof_probe_cycle_records",1,"BatchFileName","character"
"arsau_2024_uof_probe_cycle_records",2,"Indiv_Index","integer"
"arsau_2024_uof_probe_cycle_records",3,"CEW_CartridgeProbe_CartridgeProbeCycles_Cyc","integer"
"arsau_2024_uof_weapon_records",1,"BatchFileName","character"
"arsau_2024_uof_weapon_records",2,"Indiv_Index","integer"
"arsau_2024_uof_weapon_records",3,"Weapon","character"
"arsau_2024_uof_weapon_records",4,"Location","character"
"arsau_2024_uof_weapon_records",5,"Indiv_Weapon_Index","integer"
"arsau_uof_detailed_dataset_2020_2022_sample",1,"REPORTING_YEAR","integer"
"arsau_uof_detailed_dataset_2020_2022_sample",2,"RECORD_ID","character"
"arsau_uof_detailed_dataset_2020_2022_sample",3,"POLICE_SERVICE","character"
"arsau_uof_detailed_dataset_2020_2022_sample",4,"REPORT_TYPE","character"
"arsau_uof_detailed_dataset_2020_2022_sample",5,"TEAM_TYPE","integer"
"arsau_uof_detailed_dataset_2020_2022_sample",6,"NUMBER_POLICE_OFFICERS_INVOLVED","integer"
"arsau_uof_detailed_dataset_2020_2022_sample",7,"ASSIGNMENT_TYPE","integer"
"arsau_uof_detailed_dataset_2020_2022_sample",8,"TYPE_INCIDENT_ALARM","integer"
"arsau_uof_detailed_dataset_2020_2022_sample",9,"TYPE_INCIDENT_BREAK_ENTER","integer"
"arsau_uof_detailed_dataset_2020_2022_sample",10,"TYPE_INCIDENT_DOMESTIC_DISTURBANCE","integer"
"arsau_uof_detailed_dataset_2020_2022_sample",11,"TYPE_INCIDENT_HOMICIDE","integer"
"arsau_uof_detailed_dataset_2020_2022_sample",12,"TYPE_INCIDENT_OTHER_DISTURBANCE","integer"
"arsau_uof_detailed_dataset_2020_2022_sample",13,"TYPE_INCIDENT_ROBBERY","integer"
"arsau_uof_detailed_dataset_2020_2022_sample",14,"TYPE_INCIDENT_SERIOUS_INJURY","integer"
"arsau_uof_detailed_dataset_2020_2022_sample",15,"TYPE_INCIDENT_SUSPICIOUS_PERSON","integer"
"arsau_uof_detailed_dataset_2020_2022_sample",16,"TYPE_INCIDENT_TRAFFIC","integer"
"arsau_uof_detailed_dataset_2020_2022_sample",17,"TYPE_INCIDENT_WEAPONS_CALL","integer"
"arsau_uof_detailed_dataset_2020_2022_sample",18,"TYPE_INCIDENT_OTHER","integer"
"arsau_uof_detailed_dataset_2020_2022_sample",19,"POLICE_PRESENCE","integer"
"arsau_uof_detailed_dataset_2020_2022_sample",20,"NUMBER_OF_POLICE_PRESENT","integer"
"arsau_uof_detailed_dataset_2020_2022_sample",21,"ATTIRE","integer"
"arsau_uof_detailed_dataset_2020_2022_sample",22,"NUMBER_OF_SUBJECTS","integer"
"arsau_uof_detailed_dataset_2020_2022_sample",23,"RACE_SUB_ONE","integer"
"arsau_uof_detailed_dataset_2020_2022_sample",24,"RACE_SUB_TWO","integer"
"arsau_uof_detailed_dataset_2020_2022_sample",25,"RACE_SUB_THREE","integer"
"arsau_uof_detailed_dataset_2020_2022_sample",26,"RACE","integer"
"arsau_uof_detailed_dataset_2020_2022_sample",27,"TYPE_FORCE_FIREARM_DISCHARGED","integer"
"arsau_uof_detailed_dataset_2020_2022_sample",28,"TYPE_FORCE_FIREARM_DISCHARGED_RANK","integer"
"arsau_uof_detailed_dataset_2020_2022_sample",29,"TYPE_FORCE_FIREARM_DISCHARGED_FORCE_EFFECTIVE","integer"
"arsau_uof_detailed_dataset_2020_2022_sample",30,"TYPE_FORCE_FIREARM_POINTED_UNKNOWN","integer"
"arsau_uof_detailed_dataset_2020_2022_sample",31,"TYPE_FORCE_FIREARM_POINTED_AT_PERSON_RANK","integer"
"arsau_uof_detailed_dataset_2020_2022_sample",32,"TYPE_FORCE_FIREARM_POINTED_AT_PERSON_FORCE_EFFECTIVE","integer"
"arsau_uof_detailed_dataset_2020_2022_sample",33,"TYPE_FORCE_HANDGUN_DRAWN","integer"
"arsau_uof_detailed_dataset_2020_2022_sample",34,"TYPE_FORCE_HANDGUN_DRAWN_RANK","integer"
"arsau_uof_detailed_dataset_2020_2022_sample",35,"TYPE_FORCE_HANDGUN_DRAWN_FORCE_EFFECTIVE","integer"
"arsau_uof_detailed_dataset_2020_2022_sample",36,"TYPE_FORCE_LLF_DISCHARGED","integer"
"arsau_uof_detailed_dataset_2020_2022_sample",37,"TYPE_FORCE_LLF_POINTED_UNKNOWN","integer"
"arsau_uof_detailed_dataset_2020_2022_sample",38,"TYPE_FORCE_CEW","integer"
"arsau_uof_detailed_dataset_2020_2022_sample",39,"TYPE_FORCE_IMPACT_WEAPON_HARD","integer"
"arsau_uof_detailed_dataset_2020_2022_sample",40,"TYPE_FORCE_IMPACT_WEAPON_HARD_RANK","integer"
"arsau_uof_detailed_dataset_2020_2022_sample",41,"TYPE_FORCE_IMPACT_WEAPON_HARD_FORCE_EFFECTIVE","integer"
"arsau_uof_detailed_dataset_2020_2022_sample",42,"TYPE_FORCE_IMPACT_WEAPON_SOFT","integer"
"arsau_uof_detailed_dataset_2020_2022_sample",43,"TYPE_FORCE_IMPACT_WEAPON_SOFT_RANK","integer"
"arsau_uof_detailed_dataset_2020_2022_sample",44,"TYPE_FORCE_IMPACT_WEAPON_SOFT_FORCE_EFFECTIVE","integer"
"arsau_uof_detailed_dataset_2020_2022_sample",45,"TYPE_FORCE_AEROSOL","integer"
"arsau_uof_detailed_dataset_2020_2022_sample",46,"TYPE_FORCE_AEROSOL_WEAPON_RANK","integer"
"arsau_uof_detailed_dataset_2020_2022_sample",47,"TYPE_FORCE_AEROSOL_WEAPON_FORCE_EFFECTIVE","integer"
"arsau_uof_detailed_dataset_2020_2022_sample",48,"TYPE_FORCE_EMPTY_HAND_HARD","integer"
"arsau_uof_detailed_dataset_2020_2022_sample",49,"TYPE_FORCE_EMPTY_HAND_TECHNIQUES_HARD_RANK","integer"
"arsau_uof_detailed_dataset_2020_2022_sample",50,"TYPE_FORCE_EMPTY_HAND_TECHNIQUES_HARD_FORCE_EFFECTIVE","integer"
"arsau_uof_detailed_dataset_2020_2022_sample",51,"TYPE_FORCE_EMPTY_HAND_SOFT","integer"
"arsau_uof_detailed_dataset_2020_2022_sample",52,"TYPE_FORCE_EMPTY_HAND_TECHNIQUES_SOFT_RANK","integer"
"arsau_uof_detailed_dataset_2020_2022_sample",53,"TYPE_FORCE_EMPTY_HAND_TECHNIQUES_SOFT_FORCE_EFFECTIVE","integer"
"arsau_uof_detailed_dataset_2020_2022_sample",54,"TYPE_FORCE_PHYSICAL_FORCE","integer"
"arsau_uof_detailed_dataset_2020_2022_sample",55,"TYPE_FORCE_OTHER","integer"
"arsau_uof_detailed_dataset_2020_2022_sample",56,"TYPE_FORCE_OTHER_RANK","integer"
"arsau_uof_detailed_dataset_2020_2022_sample",57,"TYPE_FORCE_OTHER_FORCE_EFFECTIVE","integer"
"arsau_uof_detailed_dataset_2020_2022_sample",58,"REASON_FORCE_EFFECT_ARREST","integer"
"arsau_uof_detailed_dataset_2020_2022_sample",59,"REASON_FORCE_PROTECT_SELF","integer"
"arsau_uof_detailed_dataset_2020_2022_sample",60,"REASON_FORCE_PROTECT_PUBLIC","integer"
"arsau_uof_detailed_dataset_2020_2022_sample",61,"REASON_FORCE_PREVENT_ESCAPE","integer"
"arsau_uof_detailed_dataset_2020_2022_sample",62,"REASON_FORCE_ACCIDENTAL","integer"
"arsau_uof_detailed_dataset_2020_2022_sample",63,"REASON_FORCE_PREVENT_COMMISSION_OF_OFFENCE","integer"
"arsau_uof_detailed_dataset_2020_2022_sample",64,"REASON_FORCE_PROTECT_OTHER_OFFICER","integer"
"arsau_uof_detailed_dataset_2020_2022_sample",65,"REASON_FORCE_PROTECT_SUBJECT","integer"
"arsau_uof_detailed_dataset_2020_2022_sample",66,"REASON_FORCE_OTHER","integer"
"arsau_uof_detailed_dataset_2020_2022_sample",67,"TYPE_FIREARM_REVOLVER_CHECK","integer"
"arsau_uof_detailed_dataset_2020_2022_sample",68,"TYPE_FIREARM_REVOLVER_NUMBER_ROUNDS","integer"
"arsau_uof_detailed_dataset_2020_2022_sample",69,"TYPE_FIREARM_RIFLE_CHECK","integer"
"arsau_uof_detailed_dataset_2020_2022_sample",70,"TYPE_FIREARM_RIFLE_NUMBER_ROUNDS","integer"
"arsau_uof_detailed_dataset_2020_2022_sample",71,"TYPE_FIREARM_SEMI_AUTOMATIC_CHECK","integer"
"arsau_uof_detailed_dataset_2020_2022_sample",72,"TYPE_FIREARM_SEMI_AUTOMATIC_NUMBER_ROUNDS","integer"
"arsau_uof_detailed_dataset_2020_2022_sample",73,"TYPE_FIREARM_SHOTGUN_CHECK","integer"
"arsau_uof_detailed_dataset_2020_2022_sample",74,"TYPE_FIREARM_SHOTGUN_NUMBER_ROUNDS","integer"
"arsau_uof_detailed_dataset_2020_2022_sample",75,"TYPE_FIREARM_OTHER_CHECK","integer"
"arsau_uof_detailed_dataset_2020_2022_sample",76,"TYPE_FIREARM_OTHER_NUMBER_ROUNDS","integer"
"arsau_uof_detailed_dataset_2020_2022_sample",77,"DIST_SUB_ONE","integer"
"arsau_uof_detailed_dataset_2020_2022_sample",78,"DIST_SUB_TWO","integer"
"arsau_uof_detailed_dataset_2020_2022_sample",79,"DIST_SUB_THREE","integer"
"arsau_uof_detailed_dataset_2020_2022_sample",80,"ALTERNATIVE_STRATEGIES_CONCEALMENT","integer"
"arsau_uof_detailed_dataset_2020_2022_sample",81,"ALTERNATIVE_STRATEGIES_COVER","integer"
"arsau_uof_detailed_dataset_2020_2022_sample",82,"ALTERNATIVE_STRATEGIES_VERBAL_INTERACTION","integer"
"arsau_uof_detailed_dataset_2020_2022_sample",83,"ALTERNATIVE_STRATEGIES_OTHER","integer"
"arsau_uof_detailed_dataset_2020_2022_sample",84,"WEAPONS_CARRIED_SUBJECT_BASEBALL_BAT_CLUB_SUBJECT_ONE","integer"
"arsau_uof_detailed_dataset_2020_2022_sample",85,"WEAPONS_CARRIED_SUBJECT_BASEBALL_BAT_CLUB_SUBJECT_TWO","integer"
"arsau_uof_detailed_dataset_2020_2022_sample",86,"WEAPONS_CARRIED_SUBJECT_BASEBALL_BAT_CLUB_SUBJECT_THREE","integer"
"arsau_uof_detailed_dataset_2020_2022_sample",87,"WEAPONS_CARRIED_SUBJECT_KNIFE_EDGED_WEAPON_SUBJECT_ONE","integer"
"arsau_uof_detailed_dataset_2020_2022_sample",88,"WEAPONS_CARRIED_SUBJECT_KNIFE_EDGED_WEAPON_SUBJECT_TWO","integer"
"arsau_uof_detailed_dataset_2020_2022_sample",89,"WEAPONS_CARRIED_SUBJECT_KNIFE_EDGED_WEAPON_SUBJECT_THREE","integer"
"arsau_uof_detailed_dataset_2020_2022_sample",90,"WEAPONS_CARRIED_SUBJECT_REVOLVER_SUBJECT_ONE","integer"
"arsau_uof_detailed_dataset_2020_2022_sample",91,"WEAPONS_CARRIED_SUBJECT_REVOLVER_SUBJECT_TWO","integer"
"arsau_uof_detailed_dataset_2020_2022_sample",92,"WEAPONS_CARRIED_SUBJECT_REVOLVER_SUBJECT_THREE","integer"
"arsau_uof_detailed_dataset_2020_2022_sample",93,"WEAPONS_CARRIED_SUBJECT_RIFLE_SUBJECT_ONE","integer"
"arsau_uof_detailed_dataset_2020_2022_sample",94,"WEAPONS_CARRIED_SUBJECT_RIFLE_SUBJECT_TWO","integer"
"arsau_uof_detailed_dataset_2020_2022_sample",95,"WEAPONS_CARRIED_SUBJECT_RIFLE_SUBJECT_THREE","integer"
"arsau_uof_detailed_dataset_2020_2022_sample",96,"WEAPONS_CARRIED_SUBJECT_SEMI_AUTOMATIC_SUBJECT_ONE","integer"
"arsau_uof_detailed_dataset_2020_2022_sample",97,"WEAPONS_CARRIED_SUBJECT_SEMI_AUTOMATIC_SUBJECT_TWO","integer"
"arsau_uof_detailed_dataset_2020_2022_sample",98,"WEAPONS_CARRIED_SUBJECT_SEMI_AUTOMATIC_SUBJECT_THREE","integer"
"arsau_uof_detailed_dataset_2020_2022_sample",99,"WEAPONS_CARRIED_SUBJECT_SHOTGUN_SUBJECT_ONE","integer"
"arsau_uof_detailed_dataset_2020_2022_sample",100,"WEAPONS_CARRIED_SUBJECT_SHOTGUN_SUBJECT_TWO","integer"
"arsau_uof_detailed_dataset_2020_2022_sample",101,"WEAPONS_CARRIED_SUBJECT_SHOTGUN_SUBJECT_THREE","integer"
"arsau_uof_detailed_dataset_2020_2022_sample",102,"WEAPONS_CARRIED_SUBJECT_NONE_SUBJECT_ONE","integer"
"arsau_uof_detailed_dataset_2020_2022_sample",103,"WEAPONS_CARRIED_SUBJECT_NONE_SUBJECT_TWO","integer"
"arsau_uof_detailed_dataset_2020_2022_sample",104,"WEAPONS_CARRIED_SUBJECT_NONE_SUBJECT_THREE","integer"
"arsau_uof_detailed_dataset_2020_2022_sample",105,"WEAPONS_CARRIED_SUBJECT_UNKNOWN_SUBJECT_ONE","integer"
"arsau_uof_detailed_dataset_2020_2022_sample",106,"WEAPONS_CARRIED_SUBJECT_UNKNOWN_SUBJECT_TWO","integer"
"arsau_uof_detailed_dataset_2020_2022_sample",107,"WEAPONS_CARRIED_SUBJECT_UNKNOWN_SUBJECT_THREE","integer"
"arsau_uof_detailed_dataset_2020_2022_sample",108,"WEAPONS_CARRIED_SUBJECT_OTHER_SUBJECT_ONE","integer"
"arsau_uof_detailed_dataset_2020_2022_sample",109,"WEAPONS_CARRIED_SUBJECT_OTHER_SUBJECT_TWO","integer"
"arsau_uof_detailed_dataset_2020_2022_sample",110,"WEAPONS_CARRIED_SUBJECT_OTHER_SUBJECT_THREE","integer"
"arsau_uof_detailed_dataset_2020_2022_sample",111,"WEAPONS_CARRIED_FIREARM","integer"
"arsau_uof_detailed_dataset_2020_2022_sample",112,"WEAPONS_CARRIED_KNIFE_EDGED_WEAPON","integer"
"arsau_uof_detailed_dataset_2020_2022_sample",113,"WEAPONS_CARRIED_IMPACT_WEAPON","integer"
"arsau_uof_detailed_dataset_2020_2022_sample",114,"WEAPONS_CARRIED_UNARMED","integer"
"arsau_uof_detailed_dataset_2020_2022_sample",115,"WEAPONS_CARRIED_UNKNOWN_WEAPON","integer"
"arsau_uof_detailed_dataset_2020_2022_sample",116,"WEAPONS_CARRIED_OTHER_WEAPON","integer"
"arsau_uof_detailed_dataset_2020_2022_sample",117,"LOCATION_SUBJECT_WEAPONS_AT_HAND_SUBJECT_ONE","integer"
"arsau_uof_detailed_dataset_2020_2022_sample",118,"LOCATION_SUBJECT_WEAPONS_AT_HAND_SUBJECT_TWO","integer"
"arsau_uof_detailed_dataset_2020_2022_sample",119,"LOCATION_SUBJECT_WEAPONS_AT_HAND_SUBJECT_THREE","integer"
"arsau_uof_detailed_dataset_2020_2022_sample",120,"LOCATION_SUBJECT_WEAPONS_CONCEALED_PERSON_SUBJECT_ONE","integer"
"arsau_uof_detailed_dataset_2020_2022_sample",121,"LOCATION_SUBJECT_WEAPONS_CONCEALED_PERSON_SUBJECT_TWO","integer"
"arsau_uof_detailed_dataset_2020_2022_sample",122,"LOCATION_SUBJECT_WEAPONS_CONCEALED_PERSON_SUBJECT_THREE","integer"
"arsau_uof_detailed_dataset_2020_2022_sample",123,"LOCATION_SUBJECT_WEAPONS_IN_HAND_SUBJECT_ONE","integer"
"arsau_uof_detailed_dataset_2020_2022_sample",124,"LOCATION_SUBJECT_WEAPONS_IN_HAND_SUBJECT_TWO","integer"
"arsau_uof_detailed_dataset_2020_2022_sample",125,"LOCATION_SUBJECT_WEAPONS_IN_HAND_SUBJECT_THREE","integer"
"arsau_uof_detailed_dataset_2020_2022_sample",126,"TOTAL_ROUNDS_FIRED_ALL_SUBJECTS","integer"
"arsau_uof_detailed_dataset_2020_2022_sample",127,"LOCATION_INCIDENT_OUTDOOR_LANEWAY","integer"
"arsau_uof_detailed_dataset_2020_2022_sample",128,"LOCATION_INCIDENT_OUTDOOR_MOTOR_VEHICLE","integer"
"arsau_uof_detailed_dataset_2020_2022_sample",129,"LOCATION_INCIDENT_OUTDOOR_PARK","integer"
"arsau_uof_detailed_dataset_2020_2022_sample",130,"LOCATION_INCIDENT_OUTDOOR_ROADWAY","integer"
"arsau_uof_detailed_dataset_2020_2022_sample",131,"LOCATION_INCIDENT_OUTDOOR_RURAL","integer"
"arsau_uof_detailed_dataset_2020_2022_sample",132,"LOCATION_INCIDENT_OUTDOOR_YARD","integer"
"arsau_uof_detailed_dataset_2020_2022_sample",133,"LOCATION_INCIDENT_OUTDOOR_OTHER","integer"
"arsau_uof_detailed_dataset_2020_2022_sample",134,"LOCATION_INCIDENT_INDOOR_PRIVATE_PROPERTY_APARTMENT","integer"
"arsau_uof_detailed_dataset_2020_2022_sample",135,"LOCATION_INCIDENT_INDOOR_PRIVATE_PROPERTY_HALLWAY","integer"
"arsau_uof_detailed_dataset_2020_2022_sample",136,"LOCATION_INCIDENT_INDOOR_PRIVATE_PROPERTY_HOUSE","integer"
"arsau_uof_detailed_dataset_2020_2022_sample",137,"LOCATION_INCIDENT_INDOOR_PUBLIC_PROPERTY_COMMERCIAL_SITE","integer"
"arsau_uof_detailed_dataset_2020_2022_sample",138,"LOCATION_INCIDENT_INDOOR_PUBLIC_PROPERTY_FINANCIAL_INSTITUTION","integer"
"arsau_uof_detailed_dataset_2020_2022_sample",139,"LOCATION_INCIDENT_INDOOR_PUBLIC_PROPERTY_PUBLIC_INSTITUTION","integer"
"arsau_uof_detailed_dataset_2020_2022_sample",140,"LOCATION_INCIDENT_INDOOR_OTHER","integer"
"arsau_uof_detailed_dataset_2020_2022_sample",141,"WEATHER_CONDITIONS_CLEAR","integer"
"arsau_uof_detailed_dataset_2020_2022_sample",142,"WEATHER_CONDITIONS_CLOUDY","integer"
"arsau_uof_detailed_dataset_2020_2022_sample",143,"WEATHER_CONDITIONS_FOG","integer"
"arsau_uof_detailed_dataset_2020_2022_sample",144,"WEATHER_CONDITIONS_RAIN","integer"
"arsau_uof_detailed_dataset_2020_2022_sample",145,"WEATHER_CONDITIONS_SNOW_SLEET","integer"
"arsau_uof_detailed_dataset_2020_2022_sample",146,"WEATHER_CONDITIONS_SUNNY","integer"
"arsau_uof_detailed_dataset_2020_2022_sample",147,"WEATHER_CONDITIONS_OTHER","integer"
"arsau_uof_detailed_dataset_2020_2022_sample",148,"LIGHTING_CONDITIONS_DARK","integer"
"arsau_uof_detailed_dataset_2020_2022_sample",149,"LIGHTING_CONDITIONS_DAYLIGHT","integer"
"arsau_uof_detailed_dataset_2020_2022_sample",150,"LIGHTING_CONDITIONS_DUSK","integer"
"arsau_uof_detailed_dataset_2020_2022_sample",151,"LIGHTING_CONDITIONS_GOOD_ARTIFICIAL_LIGHT","integer"
"arsau_uof_detailed_dataset_2020_2022_sample",152,"LIGHTING_CONDITIONS_POOR_ARTIFICIAL_LIGHT","integer"
"arsau_uof_detailed_dataset_2020_2022_sample",153,"LIGHTING_CONDITIONS_OTHER","integer"
"arsau_uof_detailed_dataset_2020_2022_sample",154,"PERSON_INJURED_SELF_MEDICAL_ATTENTION_REQUIRED","integer"
"arsau_uof_detailed_dataset_2020_2022_sample",155,"PERSON_INJURED_SELF_NATURE_INJURIES","integer"
"arsau_uof_detailed_dataset_2020_2022_sample",156,"PERSON_INJURED_OTHER_POLICE_OFFICER_MEDICAL_ATTENTION_REQUIRED","integer"
"arsau_uof_detailed_dataset_2020_2022_sample",157,"PERSON_INJURED_OTHER_POLICE_OFFICER_NATURE_INJURIES","integer"
"arsau_uof_detailed_dataset_2020_2022_sample",158,"PERSON_INJURED_THIRD_PARTY_MEDICAL_ATTENTION_REQUIRED","integer"
"arsau_uof_detailed_dataset_2020_2022_sample",159,"PERSON_INJURED_THIRD_PARTY_NATURE_INJURIES","integer"
"arsau_uof_detailed_dataset_2020_2022_sample",160,"PERSON_INJURED_SUBJECT1_MEDICAL_ATTENTION_REQUIRED","integer"
"arsau_uof_detailed_dataset_2020_2022_sample",161,"PERSON_INJURED_SUBJECT1_NATURE_INJURIES","integer"
"arsau_uof_detailed_dataset_2020_2022_sample",162,"PERSON_INJURED_SUBJECT2_MEDICAL_ATTENTION_REQUIRED","integer"
"arsau_uof_detailed_dataset_2020_2022_sample",163,"PERSON_INJURED_SUBJECT2_NATURE_INJURIES","integer"
"arsau_uof_detailed_dataset_2020_2022_sample",164,"PERSON_INJURED_SUBJECT3_MEDICAL_ATTENTION_REQUIRED","integer"
"arsau_uof_detailed_dataset_2020_2022_sample",165,"PERSON_INJURED_SUBJECT3_NATURE_INJURIES","integer"
"arsau_uof_detailed_dataset_2020_2022_sample",166,"REVIEWED_SUPERVISOR","integer"
"arsau_uof_detailed_dataset_2020_2022_sample",167,"REVIEWED_TRAINING_ANALYST","integer"
"arsau_uof_individual_records_sample",1,"BatchFileName","character"
"arsau_uof_individual_records_sample",2,"Indiv_Index","integer"
"arsau_uof_individual_records_sample",3,"Race","character"
"arsau_uof_individual_records_sample",4,"DifficultyPerceiving","character"
"arsau_uof_individual_records_sample",5,"AgeCategory","character"
"arsau_uof_individual_records_sample",6,"Gender","character"
"arsau_uof_individual_records_sample",7,"DistanceBetweenOfficerAndIndiv","integer"
"arsau_uof_individual_records_sample",8,"ReasonUseOfForce_EffectArrest","integer"
"arsau_uof_individual_records_sample",9,"ReasonUseOfForce_PreventOffence","integer"
"arsau_uof_individual_records_sample",10,"ReasonUseOfForce_PreventEscape","integer"
"arsau_uof_individual_records_sample",11,"ReasonUseOfForce_ProtectOtherOfficers","integer"
"arsau_uof_individual_records_sample",12,"ReasonUseOfForce_ProtectPublic","integer"
"arsau_uof_individual_records_sample",13,"ReasonUseOfForce_ProtectSelf","integer"
"arsau_uof_individual_records_sample",14,"ReasonUseOfForce_ProtectIndiv","integer"
"arsau_uof_individual_records_sample",15,"ReasonUseOfForce_Unintentional","integer"
"arsau_uof_individual_records_sample",16,"ReasonUseOfForce_Other","integer"
"arsau_uof_individual_records_sample",17,"FactorsInfluenceResponse_NatureIncident","integer"
"arsau_uof_individual_records_sample",18,"FactorsInfluenceResponse_PastHistory","integer"
"arsau_uof_individual_records_sample",19,"FactorsInfluenceResponse_PhysicalSizeStrength","integer"
"arsau_uof_individual_records_sample",20,"FactorsInfluenceResponse_OtherFactors","integer"
"arsau_uof_individual_records_sample",21,"IndivActions_ResistantPassive","integer"
"arsau_uof_individual_records_sample",22,"IndivActions_ResistantActive","integer"
"arsau_uof_individual_records_sample",23,"IndivActions_Assaultive","integer"
"arsau_uof_individual_records_sample",24,"IndivActions_SeriousBodilyHarmDeath","integer"
"arsau_uof_individual_records_sample",25,"PerceiveAccessWeapon","integer"
"arsau_uof_individual_records_sample",26,"OfficerResponses_DirectionsToComply","integer"
"arsau_uof_individual_records_sample",27,"OfficerResponses_Comply","integer"
"arsau_uof_individual_records_sample",28,"OfficerResponses_AttemptDeescalation","integer"
"arsau_uof_individual_records_sample",29,"OfficerResponses_DeescalationTechniques_Communication","integer"
"arsau_uof_individual_records_sample",30,"OfficerResponses_DeescalationTechniques_Containment","integer"
"arsau_uof_individual_records_sample",31,"OfficerResponses_DeescalationTechniques_Cover","integer"
"arsau_uof_individual_records_sample",32,"OfficerResponses_DeescalationTechniques_Distance","integer"
"arsau_uof_individual_records_sample",33,"OfficerResponses_DeescalationTechniques_Repositioning","integer"
"arsau_uof_individual_records_sample",34,"OfficerResponses_DeescalationTechniques_Teamwork","integer"
"arsau_uof_individual_records_sample",35,"OfficerResponses_DeescalationTechniques_Time","integer"
"arsau_uof_individual_records_sample",36,"OfficerResponses_DeescalationTechniques_Other","integer"
"arsau_uof_individual_records_sample",37,"OfficerResponses_AssistCtrlBhvr","integer"
"arsau_uof_individual_records_sample",38,"OfficerResponses_Reason_ImminentThreat","integer"
"arsau_uof_individual_records_sample",39,"OfficerResponses_Reason_ActionRequiredImmediately","integer"
"arsau_uof_individual_records_sample",40,"OfficerResponses_Reason_DeescalationUsedOtherOfficers","integer"
"arsau_uof_individual_records_sample",41,"OfficerResponses_Reason_Other","integer"
"arsau_uof_individual_records_sample",42,"TypeForceUsed_PhysicalControl_Check","integer"
"arsau_uof_individual_records_sample",43,"TypeForceUsed_PhysicalControl_EscortTechniques","integer"
"arsau_uof_individual_records_sample",44,"TypeForceUsed_PhysicalControl_Grounding","integer"
"arsau_uof_individual_records_sample",45,"TypeForceUsed_PhysicalControl_JointLocks","integer"
"arsau_uof_individual_records_sample",46,"TypeForceUsed_PhysicalControl_Pinning","integer"
"arsau_uof_individual_records_sample",47,"TypeForceUsed_PhysicalControl_PressurePoints","integer"
"arsau_uof_individual_records_sample",48,"TypeForceUsed_PhysicalControl_Strikes","integer"
"arsau_uof_individual_records_sample",49,"TypeForceUsed_PhysicalControl_Other","integer"
"arsau_uof_individual_records_sample",50,"TypeForceUsed_PhysicalControl_AssistCtrlBhvr","integer"
"arsau_uof_individual_records_sample",51,"TypeForceUsed_IntermWeapon_Check","integer"
"arsau_uof_individual_records_sample",52,"TypeForceUsed_IntermWeapon_OC_Check","integer"
"arsau_uof_individual_records_sample",53,"TypeForceUsed_IntermWeapon_OC_AssistCtrlBhvr","integer"
"arsau_uof_individual_records_sample",54,"TypeForceUsed_IntermWeapon_Baton_Check","integer"
"arsau_uof_individual_records_sample",55,"TypeForceUsed_IntermWeapon_Baton_Hard","integer"
"arsau_uof_individual_records_sample",56,"TypeForceUsed_IntermWeapon_Baton_Soft","integer"
"arsau_uof_individual_records_sample",57,"TypeForceUsed_IntermWeapon_Baton_AssistCtrlBhvr","integer"
"arsau_uof_individual_records_sample",58,"TypeForceUsed_IntermWeapon_CEW_Check","integer"
"arsau_uof_individual_records_sample",59,"TypeForceUsed_IntermWeapon_CEW_AssistCtrlBhvr","integer"
"arsau_uof_individual_records_sample",60,"TypeForceUsed_IntermWeapon_CEW_WhyNot_CartridgeMalfunction","integer"
"arsau_uof_individual_records_sample",61,"TypeForceUsed_IntermWeapon_CEW_WhyNot_Disconnect","integer"
"arsau_uof_individual_records_sample",62,"TypeForceUsed_IntermWeapon_CEW_WhyNot_InsufficientProbeSpread","integer"
"arsau_uof_individual_records_sample",63,"TypeForceUsed_IntermWeapon_CEW_WhyNot_OperatorError","integer"
"arsau_uof_individual_records_sample",64,"TypeForceUsed_IntermWeapon_CEW_WhyNot_ProbeMiss","integer"
"arsau_uof_individual_records_sample",65,"TypeForceUsed_IntermWeapon_CEW_WhyNot_WeaponMalfunction","integer"
"arsau_uof_individual_records_sample",66,"TypeForceUsed_IntermWeapon_CEW_WhyNot_Other","integer"
"arsau_uof_individual_records_sample",67,"TypeForceUsed_IntermWeapon_CEW_Drawn","integer"
"arsau_uof_individual_records_sample",68,"TypeForceUsed_IntermWeapon_CEW_Pointed","integer"
"arsau_uof_individual_records_sample",69,"TypeForceUsed_IntermWeapon_CEW_Discharged","integer"
"arsau_uof_individual_records_sample",70,"TypeForceUsed_IntermWeapon_CEW_DeloymentMode_Cartridge","integer"
"arsau_uof_individual_records_sample",71,"TypeForceUsed_IntermWeapon_CEW_DeloymentMode_DrivePushStun","integer"
"arsau_uof_individual_records_sample",72,"TypeForceUsed_IntermWeapon_CEW_DeloymentMode_ThreePointContact","integer"
"arsau_uof_individual_records_sample",73,"TypeForceUsed_IntermWeapon_CEW_DrivePushStunCycles","integer"
"arsau_uof_individual_records_sample",74,"TypeForceUsed_IntermWeapon_CEW_ThreePointContactCycles","integer"
"arsau_uof_individual_records_sample",75,"TypeForceUsed_LLFirearm_Check","integer"
"arsau_uof_individual_records_sample",76,"TypeForceUsed_LLFirearm_Shotgun_Check","integer"
"arsau_uof_individual_records_sample",77,"TypeForceUsed_LLFirearm_Shotgun_Pointed","integer"
"arsau_uof_individual_records_sample",78,"TypeForceUsed_LLFirearm_Shotgun_Discharged","integer"
"arsau_uof_individual_records_sample",79,"TypeForceUsed_LLFirearm_Shotgun_AssistCtrlBhvr","integer"
"arsau_uof_individual_records_sample",80,"TypeForceUsed_LLFirearm_ExtRangeImpactWeapon_Check","integer"
"arsau_uof_individual_records_sample",81,"TypeForceUsed_LLFirearm_ExtRangeImpactWeapon_Pointed","integer"
"arsau_uof_individual_records_sample",82,"TypeForceUsed_LLFirearm_ExtRangeImpactWeapon_Discharged","integer"
"arsau_uof_individual_records_sample",83,"TypeForceUsed_LLFirearm_ExtRangeImpactWeapon_AssistCtrlBhvr","integer"
"arsau_uof_individual_records_sample",84,"TypeForceUsed_Other_Check","integer"
"arsau_uof_individual_records_sample",85,"TypeForceUsed_Other_AssistCtrlBhvr","integer"
"arsau_uof_individual_records_sample",86,"TypeForceUsed_Firearm_Check","integer"
"arsau_uof_individual_records_sample",87,"TypeForceUsed_Firearm_Handgun_Check","integer"
"arsau_uof_individual_records_sample",88,"TypeForceUsed_Firearm_Handgun_Drawn","integer"
"arsau_uof_individual_records_sample",89,"TypeForceUsed_Firearm_Handgun_Pointed","integer"
"arsau_uof_individual_records_sample",90,"TypeForceUsed_Firearm_Handgun_Discharged","integer"
"arsau_uof_individual_records_sample",91,"TypeForceUsed_Firearm_Handgun_AssistCtrlBhvr","integer"
"arsau_uof_individual_records_sample",92,"TypeForceUsed_Firearm_Rifle_Check","integer"
"arsau_uof_individual_records_sample",93,"TypeForceUsed_Firearm_Rifle_Pointed","integer"
"arsau_uof_individual_records_sample",94,"TypeForceUsed_Firearm_Rifle_Discharged","integer"
"arsau_uof_individual_records_sample",95,"TypeForceUsed_Firearm_Rifle_AssistCtrlBhvr","integer"
"arsau_uof_individual_records_sample",96,"TypeForceUsed_Firearm_ShotgunLethal_Check","integer"
"arsau_uof_individual_records_sample",97,"TypeForceUsed_Firearm_ShotgunLethal_Pointed","integer"
"arsau_uof_individual_records_sample",98,"TypeForceUsed_Firearm_ShotgunLethal_Discharged","integer"
"arsau_uof_individual_records_sample",99,"TypeForceUsed_Firearm_ShotgunLethal_AssistCtrlBhvr","integer"
"arsau_uof_individual_records_sample",100,"TypeForceUsed_Firearm_IssuePoliceChallenge","integer"
"arsau_uof_individual_records_sample",101,"TypeForceUsed_Firearm_Comply","integer"
"arsau_uof_individual_records_sample",102,"TypeForceUsed_Firearm_NoChallengeWhyNot_NotViable","integer"
"arsau_uof_individual_records_sample",103,"TypeForceUsed_Firearm_NoChallengeWhyNot_IssuedByAnOtherOfficer","integer"
"arsau_uof_individual_records_sample",104,"TypeForceUsed_Firearm_NoChallengeWhyNot_Other","integer"
"arsau_uof_individual_records_sample",105,"IndivInjuries_PhysicalInjuries","integer"
"arsau_uof_individual_records_sample",106,"IndivInjuries_Treatment_No","integer"
"arsau_uof_individual_records_sample",107,"IndivInjuries_Treatment_FirstAid","integer"
"arsau_uof_individual_records_sample",108,"IndivInjuries_Treatment_MedicalPersonnelScene","integer"
"arsau_uof_individual_records_sample",109,"IndivInjuries_Treatment_AdmissionMedicalFacility","integer"
"arsau_uof_individual_records_sample",110,"IndivInjuries_Treatment_MedicalFacility","integer"
"arsau_uof_individual_records_sample",111,"IndivInjuries_Treatment_Unknown","integer"
"arsau_uof_individual_records_sample",112,"IndivInjuries_Treatment_Other","integer"
"calgary_community_crime_stats_sample",1,"community","character"
"calgary_community_crime_stats_sample",2,"category","character"
"calgary_community_crime_stats_sample",3,"crime_count","integer"
"calgary_community_crime_stats_sample",4,"year","integer"
"calgary_community_crime_stats_sample",5,"month","integer"
"calgary_fire_response_calls_sample",1,"date","character"
"calgary_fire_response_calls_sample",2,"alarm_year","integer"
"calgary_fire_response_calls_sample",3,"alarm_month","integer"
"calgary_fire_response_calls_sample",4,"alarm_day","integer"
"calgary_fire_response_calls_sample",5,"major_incident_type","character"
"calgary_fire_response_calls_sample",6,"incident_count","integer"
"calgary_fire_response_calls_sample",7,"id","character"
"calgary_fire_stations",1,"stn_num","integer"
"calgary_fire_stations",2,"name","character"
"calgary_fire_stations",3,"address","character"
"calgary_fire_stations",4,"community","character"
"calgary_fire_stations",5,"non_emergency_info","character"
"calgary_fire_stations",6,"X..computed_region_4b54_tmc4","integer"
"calgary_fire_stations",7,"X..computed_region_4a3i_ccfj","integer"
"calgary_fire_stations",8,"X..computed_region_kxmf_bzkv","integer"
"calgary_fire_stations",9,"X..computed_region_p8tp_5dkv","integer"
"calgary_fire_stations",10,"modified_dt","character"
"calgary_opendata_bulk_catalog",1,"soda_id","character"
"calgary_opendata_bulk_catalog",2,"title","character"
"calgary_opendata_bulk_catalog",3,"type","character"
"calgary_opendata_bulk_catalog",4,"description","character"
"calgary_opendata_bulk_catalog",5,"updated_at","character"
"calgary_opendata_bulk_catalog",6,"page_views_total","integer"
"calgary_opendata_bulk_catalog",7,"domain_category","character"
"calgary_opendata_crime_adjacent_catalog",1,"soda_id","character"
"calgary_opendata_crime_adjacent_catalog",2,"title","character"
"calgary_opendata_crime_adjacent_catalog",3,"type","character"
"calgary_opendata_crime_adjacent_catalog",4,"search_keyword","character"
"chicago_iucr_codes",1,"iucr","character"
"chicago_iucr_codes",2,"primary_description","character"
"chicago_iucr_codes",3,"secondary_description","character"
"chicago_iucr_codes",4,"index_code","character"
"chicago_iucr_codes",5,"active","character"
"chicago_neighborhoods",1,"pri_neigh","character"
"chicago_neighborhoods",2,"sec_neigh","character"
"chicago_neighborhoods",3,"shape_area","numeric"
"chicago_neighborhoods",4,"shape_len","numeric"
"chicago_opendata_bulk_catalog",1,"soda_id","character"
"chicago_opendata_bulk_catalog",2,"title","character"
"chicago_opendata_bulk_catalog",3,"type","character"
"chicago_opendata_bulk_catalog",4,"description","character"
"chicago_opendata_bulk_catalog",5,"updated_at","character"
"chicago_opendata_bulk_catalog",6,"page_views_total","integer"
"chicago_opendata_bulk_catalog",7,"domain_category","character"
"cihi_data_tables",1,"title","character"
"cihi_data_tables",2,"url","character"
"cihi_data_tables",3,"format","character"
"cihi_data_tables",4,"wayback_url","character"
"cihi_data_tables",5,"retrieved","character"
"cihi_data_tables",6,"source_page_url","character"
"cihi_data_tables",7,"license","character"
"cpads_pumf_synthetic",1,"SEQID","integer"
"cpads_pumf_synthetic",2,"stu04","integer"
"cpads_pumf_synthetic",3,"region","integer"
"cpads_pumf_synthetic",4,"age_groups","integer"
"cpads_pumf_synthetic",5,"und_age","integer"
"cpads_pumf_synthetic",6,"pse1","integer"
"cpads_pumf_synthetic",7,"dvstu01","integer"
"cpads_pumf_synthetic",8,"dvstu02","integer"
"cpads_pumf_synthetic",9,"dvdemq01","integer"
"cpads_pumf_synthetic",10,"dvdemq02","integer"
"cpads_pumf_synthetic",11,"dvdemq6","integer"
"cpads_pumf_synthetic",12,"dvstu03","integer"
"cpads_pumf_synthetic",13,"demq5","integer"
"cpads_pumf_synthetic",14,"wtpumf","numeric"
"cpads_pumf_synthetic",15,"hwbq01","integer"
"cpads_pumf_synthetic",16,"hwbq02","integer"
"cpads_pumf_synthetic",17,"alc01","integer"
"cpads_pumf_synthetic",18,"alc03","integer"
"cpads_pumf_synthetic",19,"alc04","integer"
"cpads_pumf_synthetic",20,"alc05","integer"
"cpads_pumf_synthetic",21,"covid1alc","integer"
"cpads_pumf_synthetic",22,"covid2aalc_1","integer"
"cpads_pumf_synthetic",23,"covid2aalc_2","integer"
"cpads_pumf_synthetic",24,"covid2aalc_3","integer"
"cpads_pumf_synthetic",25,"covid2aalc_4","integer"
"cpads_pumf_synthetic",26,"covid2aalc_5","integer"
"cpads_pumf_synthetic",27,"covid2aalc_6","integer"
"cpads_pumf_synthetic",28,"covid2aalc_7","integer"
"cpads_pumf_synthetic",29,"covid2aalc_8","integer"
"cpads_pumf_synthetic",30,"covid2aalc_9","integer"
"cpads_pumf_synthetic",31,"covid2aalc_10","integer"
"cpads_pumf_synthetic",32,"covid2aalc_11","integer"
"cpads_pumf_synthetic",33,"covid2balc_1","integer"
"cpads_pumf_synthetic",34,"covid2balc_2","integer"
"cpads_pumf_synthetic",35,"covid2balc_3","integer"
"cpads_pumf_synthetic",36,"covid2balc_4","integer"
"cpads_pumf_synthetic",37,"covid2balc_5","integer"
"cpads_pumf_synthetic",38,"covid2balc_6","integer"
"cpads_pumf_synthetic",39,"covid2balc_7","integer"
"cpads_pumf_synthetic",40,"covid2balc_8","integer"
"cpads_pumf_synthetic",41,"covid2balc_9","integer"
"cpads_pumf_synthetic",42,"covid2balc_10","integer"
"cpads_pumf_synthetic",43,"covid2balc_11","integer"
"cpads_pumf_synthetic",44,"covid2balc_12","integer"
"cpads_pumf_synthetic",45,"covid2balc_13","integer"
"cpads_pumf_synthetic",46,"covid2balc_14","integer"
"cpads_pumf_synthetic",47,"covid2balc_15","integer"
"cpads_pumf_synthetic",48,"covid3alc","integer"
"cpads_pumf_synthetic",49,"alc08_a","integer"
"cpads_pumf_synthetic",50,"alc08_b","integer"
"cpads_pumf_synthetic",51,"alc08_c","integer"
"cpads_pumf_synthetic",52,"alc08_d","integer"
"cpads_pumf_synthetic",53,"alc08_e","integer"
"cpads_pumf_synthetic",54,"alc06","integer"
"cpads_pumf_synthetic",55,"alc10","integer"
"cpads_pumf_synthetic",56,"alc07","integer"
"cpads_pumf_synthetic",57,"alc09_a","integer"
"cpads_pumf_synthetic",58,"alc09_b","integer"
"cpads_pumf_synthetic",59,"alc09_c","integer"
"cpads_pumf_synthetic",60,"alc09_d","integer"
"cpads_pumf_synthetic",61,"alc09_e","integer"
"cpads_pumf_synthetic",62,"alc09_f","integer"
"cpads_pumf_synthetic",63,"alc09_g","integer"
"cpads_pumf_synthetic",64,"alc09_h","integer"
"cpads_pumf_synthetic",65,"alc11a","integer"
"cpads_pumf_synthetic",66,"alc11b","integer"
"cpads_pumf_synthetic",67,"alc18","integer"
"cpads_pumf_synthetic",68,"alc12f","integer"
"cpads_pumf_synthetic",69,"alc12m","integer"
"cpads_pumf_synthetic",70,"alc13a","integer"
"cpads_pumf_synthetic",71,"alc13b_a","integer"
"cpads_pumf_synthetic",72,"alc13b_b","integer"
"cpads_pumf_synthetic",73,"alc14","integer"
"cpads_pumf_synthetic",74,"alc15","integer"
"cpads_pumf_synthetic",75,"alc16a","integer"
"cpads_pumf_synthetic",76,"alc16b","integer"
"cpads_pumf_synthetic",77,"alc17","integer"
"cpads_pumf_synthetic",78,"aed01_a","integer"
"cpads_pumf_synthetic",79,"aed01_b","integer"
"cpads_pumf_synthetic",80,"aed01_c","integer"
"cpads_pumf_synthetic",81,"aed01_d","integer"
"cpads_pumf_synthetic",82,"aed01_e","integer"
"cpads_pumf_synthetic",83,"alcdr01","integer"
"cpads_pumf_synthetic",84,"alcdr03","integer"
"cpads_pumf_synthetic",85,"alcdr04","integer"
"cpads_pumf_synthetic",86,"alcdr02","integer"
"cpads_pumf_synthetic",87,"ahs_a","integer"
"cpads_pumf_synthetic",88,"ahs_b","integer"
"cpads_pumf_synthetic",89,"ahs_c","integer"
"cpads_pumf_synthetic",90,"ahs_d","integer"
"cpads_pumf_synthetic",91,"ahs_e","integer"
"cpads_pumf_synthetic",92,"ahs_f","integer"
"cpads_pumf_synthetic",93,"ahs_g","integer"
"cpads_pumf_synthetic",94,"ahs_h","integer"
"cpads_pumf_synthetic",95,"ahs_i","integer"
"cpads_pumf_synthetic",96,"ahs_j","integer"
"cpads_pumf_synthetic",97,"ahs_k","integer"
"cpads_pumf_synthetic",98,"ahs_l","integer"
"cpads_pumf_synthetic",99,"ahs_m","integer"
"cpads_pumf_synthetic",100,"ahs_n","integer"
"cpads_pumf_synthetic",101,"ahs_o","integer"
"cpads_pumf_synthetic",102,"ahs_p","integer"
"cpads_pumf_synthetic",103,"ahs_q","integer"
"cpads_pumf_synthetic",104,"ahs_r","integer"
"cpads_pumf_synthetic",105,"ahs_s","integer"
"cpads_pumf_synthetic",106,"ahs_t","integer"
"cpads_pumf_synthetic",107,"ahs_u","integer"
"cpads_pumf_synthetic",108,"ahs_v","integer"
"cpads_pumf_synthetic",109,"ahs_w","integer"
"cpads_pumf_synthetic",110,"ahs_x","integer"
"cpads_pumf_synthetic",111,"ahs_y","integer"
"cpads_pumf_synthetic",112,"ahs_z","integer"
"cpads_pumf_synthetic",113,"ahs_aa","integer"
"cpads_pumf_synthetic",114,"ahs_ab","integer"
"cpads_pumf_synthetic",115,"aho_a","integer"
"cpads_pumf_synthetic",116,"aho_b","integer"
"cpads_pumf_synthetic",117,"aho_c","integer"
"cpads_pumf_synthetic",118,"aho_d","integer"
"cpads_pumf_synthetic",119,"aho_e","integer"
"cpads_pumf_synthetic",120,"aho_f","integer"
"cpads_pumf_synthetic",121,"aho_g","integer"
"cpads_pumf_synthetic",122,"aho_h","integer"
"cpads_pumf_synthetic",123,"aho_i","integer"
"cpads_pumf_synthetic",124,"aho_j","integer"
"cpads_pumf_synthetic",125,"aho_k","integer"
"cpads_pumf_synthetic",126,"apb_a","integer"
"cpads_pumf_synthetic",127,"apb_b","integer"
"cpads_pumf_synthetic",128,"apb_c","integer"
"cpads_pumf_synthetic",129,"apb_d","integer"
"cpads_pumf_synthetic",130,"apb_e","integer"
"cpads_pumf_synthetic",131,"apb_f","integer"
"cpads_pumf_synthetic",132,"apb_g","integer"
"cpads_pumf_synthetic",133,"apb_h","integer"
"cpads_pumf_synthetic",134,"apb_i","integer"
"cpads_pumf_synthetic",135,"apb_j","integer"
"cpads_pumf_synthetic",136,"apb_k","integer"
"cpads_pumf_synthetic",137,"apb_l","integer"
"cpads_pumf_synthetic",138,"apb_m","integer"
"cpads_pumf_synthetic",139,"apb_n","integer"
"cpads_pumf_synthetic",140,"apb_o","integer"
"cpads_pumf_synthetic",141,"apb_p","integer"
"cpads_pumf_synthetic",142,"apb_q","integer"
"cpads_pumf_synthetic",143,"apb_r","integer"
"cpads_pumf_synthetic",144,"apb_s","integer"
"cpads_pumf_synthetic",145,"can01_1","integer"
"cpads_pumf_synthetic",146,"can01_2","integer"
"cpads_pumf_synthetic",147,"can01_3","integer"
"cpads_pumf_synthetic",148,"can01_4","integer"
"cpads_pumf_synthetic",149,"can01_5","integer"
"cpads_pumf_synthetic",150,"can01_6","integer"
"cpads_pumf_synthetic",151,"can01_7","integer"
"cpads_pumf_synthetic",152,"can01_8","integer"
"cpads_pumf_synthetic",153,"can01_9","integer"
"cpads_pumf_synthetic",154,"can01_10","integer"
"cpads_pumf_synthetic",155,"can01_11","integer"
"cpads_pumf_synthetic",156,"can01_12","integer"
"cpads_pumf_synthetic",157,"can01_13","integer"
"cpads_pumf_synthetic",158,"can01_14","integer"
"cpads_pumf_synthetic",159,"can01_15","integer"
"cpads_pumf_synthetic",160,"can02_a","integer"
"cpads_pumf_synthetic",161,"can02_b","integer"
"cpads_pumf_synthetic",162,"can02_c","integer"
"cpads_pumf_synthetic",163,"can02_d","integer"
"cpads_pumf_synthetic",164,"can02_e","integer"
"cpads_pumf_synthetic",165,"can02_f","integer"
"cpads_pumf_synthetic",166,"can02_g","integer"
"cpads_pumf_synthetic",167,"can02_h","integer"
"cpads_pumf_synthetic",168,"can02_i","integer"
"cpads_pumf_synthetic",169,"can04a","integer"
"cpads_pumf_synthetic",170,"can04b","integer"
"cpads_pumf_synthetic",171,"can04c","integer"
"cpads_pumf_synthetic",172,"can05","integer"
"cpads_pumf_synthetic",173,"can17","integer"
"cpads_pumf_synthetic",174,"can08","integer"
"cpads_pumf_synthetic",175,"covid1can","integer"
"cpads_pumf_synthetic",176,"covid2acan_1","integer"
"cpads_pumf_synthetic",177,"covid2acan_2","integer"
"cpads_pumf_synthetic",178,"covid2acan_3","integer"
"cpads_pumf_synthetic",179,"covid2acan_4","integer"
"cpads_pumf_synthetic",180,"covid2acan_5","integer"
"cpads_pumf_synthetic",181,"covid2acan_6","integer"
"cpads_pumf_synthetic",182,"covid2acan_7","integer"
"cpads_pumf_synthetic",183,"covid2acan_8","integer"
"cpads_pumf_synthetic",184,"covid2acan_9","integer"
"cpads_pumf_synthetic",185,"covid2acan_10","integer"
"cpads_pumf_synthetic",186,"covid2acan_11","integer"
"cpads_pumf_synthetic",187,"covid2acan_12","integer"
"cpads_pumf_synthetic",188,"covid2acan_13","integer"
"cpads_pumf_synthetic",189,"covid2bcan_1","integer"
"cpads_pumf_synthetic",190,"covid2bcan_2","integer"
"cpads_pumf_synthetic",191,"covid2bcan_3","integer"
"cpads_pumf_synthetic",192,"covid2bcan_4","integer"
"cpads_pumf_synthetic",193,"covid2bcan_5","integer"
"cpads_pumf_synthetic",194,"covid2bcan_6","integer"
"cpads_pumf_synthetic",195,"covid2bcan_7","integer"
"cpads_pumf_synthetic",196,"covid2bcan_8","integer"
"cpads_pumf_synthetic",197,"covid2bcan_9","integer"
"cpads_pumf_synthetic",198,"covid2bcan_10","integer"
"cpads_pumf_synthetic",199,"covid2bcan_11","integer"
"cpads_pumf_synthetic",200,"covid2bcan_12","integer"
"cpads_pumf_synthetic",201,"covid2bcan_13","integer"
"cpads_pumf_synthetic",202,"covid3can","integer"
"cpads_pumf_synthetic",203,"can07","integer"
"cpads_pumf_synthetic",204,"can06","integer"
"cpads_pumf_synthetic",205,"can20a_1","integer"
"cpads_pumf_synthetic",206,"can20a_2","integer"
"cpads_pumf_synthetic",207,"can20a_3","integer"
"cpads_pumf_synthetic",208,"can20a_4","integer"
"cpads_pumf_synthetic",209,"can20a_5","integer"
"cpads_pumf_synthetic",210,"can20a_6","integer"
"cpads_pumf_synthetic",211,"can20a_7","integer"
"cpads_pumf_synthetic",212,"can20a_8","integer"
"cpads_pumf_synthetic",213,"can20b_1","integer"
"cpads_pumf_synthetic",214,"can20b_2","integer"
"cpads_pumf_synthetic",215,"can20b_3","integer"
"cpads_pumf_synthetic",216,"can20b_4","integer"
"cpads_pumf_synthetic",217,"can21","integer"
"cpads_pumf_synthetic",218,"can10","integer"
"cpads_pumf_synthetic",219,"can11a_1","integer"
"cpads_pumf_synthetic",220,"can11a_2","integer"
"cpads_pumf_synthetic",221,"can11a_3","integer"
"cpads_pumf_synthetic",222,"can11a_4","integer"
"cpads_pumf_synthetic",223,"can11a_5","integer"
"cpads_pumf_synthetic",224,"can11a_6","integer"
"cpads_pumf_synthetic",225,"can11a_7","integer"
"cpads_pumf_synthetic",226,"can11a_8","integer"
"cpads_pumf_synthetic",227,"can11a_9","integer"
"cpads_pumf_synthetic",228,"can11b_a","integer"
"cpads_pumf_synthetic",229,"can11b_b","integer"
"cpads_pumf_synthetic",230,"can11b_c","integer"
"cpads_pumf_synthetic",231,"can11b_d","integer"
"cpads_pumf_synthetic",232,"can11b_e","integer"
"cpads_pumf_synthetic",233,"can11b_f","integer"
"cpads_pumf_synthetic",234,"can11b_g","integer"
"cpads_pumf_synthetic",235,"can11b_h","integer"
"cpads_pumf_synthetic",236,"can11b_i","integer"
"cpads_pumf_synthetic",237,"can14_a","integer"
"cpads_pumf_synthetic",238,"can14_b","integer"
"cpads_pumf_synthetic",239,"can14_d","integer"
"cpads_pumf_synthetic",240,"can14_e","integer"
"cpads_pumf_synthetic",241,"can14_f","integer"
"cpads_pumf_synthetic",242,"can14_g","integer"
"cpads_pumf_synthetic",243,"can14_h","integer"
"cpads_pumf_synthetic",244,"can14_i","integer"
"cpads_pumf_synthetic",245,"can14_j","integer"
"cpads_pumf_synthetic",246,"can12","integer"
"cpads_pumf_synthetic",247,"can13","integer"
"cpads_pumf_synthetic",248,"can04","integer"
"cpads_pumf_synthetic",249,"can16","integer"
"cpads_pumf_synthetic",250,"can18","integer"
"cpads_pumf_synthetic",251,"can19_1","integer"
"cpads_pumf_synthetic",252,"can19_2","integer"
"cpads_pumf_synthetic",253,"can19_3","integer"
"cpads_pumf_synthetic",254,"can19_4","integer"
"cpads_pumf_synthetic",255,"can19_5","integer"
"cpads_pumf_synthetic",256,"can19_6","integer"
"cpads_pumf_synthetic",257,"can19_7","integer"
"cpads_pumf_synthetic",258,"can19_8","integer"
"cpads_pumf_synthetic",259,"can19_9","integer"
"cpads_pumf_synthetic",260,"can19_10","integer"
"cpads_pumf_synthetic",261,"can19_11","integer"
"cpads_pumf_synthetic",262,"can19_12","integer"
"cpads_pumf_synthetic",263,"caa00","integer"
"cpads_pumf_synthetic",264,"caa01","integer"
"cpads_pumf_synthetic",265,"caa02","integer"
"cpads_pumf_synthetic",266,"caa03","integer"
"cpads_pumf_synthetic",267,"caa04","integer"
"cpads_pumf_synthetic",268,"caa05","integer"
"cpads_pumf_synthetic",269,"opi01","integer"
"cpads_pumf_synthetic",270,"opi01b_1","integer"
"cpads_pumf_synthetic",271,"opi01b_2","integer"
"cpads_pumf_synthetic",272,"opi01b_3","integer"
"cpads_pumf_synthetic",273,"opi01b_5","integer"
"cpads_pumf_synthetic",274,"opi01b_6","integer"
"cpads_pumf_synthetic",275,"opi01b_7","integer"
"cpads_pumf_synthetic",276,"opi01b_9","integer"
"cpads_pumf_synthetic",277,"opi02","integer"
"cpads_pumf_synthetic",278,"opi03","integer"
"cpads_pumf_synthetic",279,"opi04a","integer"
"cpads_pumf_synthetic",280,"opi04b","integer"
"cpads_pumf_synthetic",281,"opi05","integer"
"cpads_pumf_synthetic",282,"opi06","integer"
"cpads_pumf_synthetic",283,"opi08_1","integer"
"cpads_pumf_synthetic",284,"opi08_2","integer"
"cpads_pumf_synthetic",285,"opi08_3","integer"
"cpads_pumf_synthetic",286,"opi08_7","integer"
"cpads_pumf_synthetic",287,"opi08_8","integer"
"cpads_pumf_synthetic",288,"opi08_9","integer"
"cpads_pumf_synthetic",289,"sti01","integer"
"cpads_pumf_synthetic",290,"sti02","integer"
"cpads_pumf_synthetic",291,"sti03","integer"
"cpads_pumf_synthetic",292,"sti04a","integer"
"cpads_pumf_synthetic",293,"sti04b","integer"
"cpads_pumf_synthetic",294,"sti05","integer"
"cpads_pumf_synthetic",295,"sti06","integer"
"cpads_pumf_synthetic",296,"sti08_1","integer"
"cpads_pumf_synthetic",297,"sti08_2","integer"
"cpads_pumf_synthetic",298,"sti08_3","integer"
"cpads_pumf_synthetic",299,"sti08_7","integer"
"cpads_pumf_synthetic",300,"sti08_8","integer"
"cpads_pumf_synthetic",301,"sti08_9","integer"
"cpads_pumf_synthetic",302,"sti08_13","integer"
"cpads_pumf_synthetic",303,"sed01","integer"
"cpads_pumf_synthetic",304,"sed02","integer"
"cpads_pumf_synthetic",305,"sed03","integer"
"cpads_pumf_synthetic",306,"sed04a","integer"
"cpads_pumf_synthetic",307,"sed04b","integer"
"cpads_pumf_synthetic",308,"sed05","integer"
"cpads_pumf_synthetic",309,"sed06","integer"
"cpads_pumf_synthetic",310,"sed08_1","integer"
"cpads_pumf_synthetic",311,"sed08_2","integer"
"cpads_pumf_synthetic",312,"sed08_3","integer"
"cpads_pumf_synthetic",313,"sed08_7","integer"
"cpads_pumf_synthetic",314,"sed08_8","integer"
"cpads_pumf_synthetic",315,"sed08_9","integer"
"cpads_pumf_synthetic",316,"sed08_13","integer"
"cpads_pumf_synthetic",317,"oth01","integer"
"cpads_pumf_synthetic",318,"dru01_a","integer"
"cpads_pumf_synthetic",319,"dru01_b","integer"
"cpads_pumf_synthetic",320,"dru01_c","integer"
"cpads_pumf_synthetic",321,"dru01_d","integer"
"cpads_pumf_synthetic",322,"dru01_e","integer"
"cpads_pumf_synthetic",323,"dru01_f","integer"
"cpads_pumf_synthetic",324,"dru01_g","integer"
"cpads_pumf_synthetic",325,"dru01_h","integer"
"cpads_pumf_synthetic",326,"dru01_i","integer"
"cpads_pumf_synthetic",327,"dru01_j","integer"
"cpads_pumf_synthetic",328,"dru01_k","integer"
"cpads_pumf_synthetic",329,"dru01_l","integer"
"cpads_pumf_synthetic",330,"dru02","integer"
"cpads_pumf_synthetic",331,"dru03","integer"
"cpads_pumf_synthetic",332,"dru04","integer"
"cpads_pumf_synthetic",333,"dru05","integer"
"cpads_pumf_synthetic",334,"dha01_a","integer"
"cpads_pumf_synthetic",335,"dha01_b","integer"
"cpads_pumf_synthetic",336,"dha01_c","integer"
"cpads_pumf_synthetic",337,"dha01_d","integer"
"cpads_pumf_synthetic",338,"dha01_e","integer"
"cpads_pumf_synthetic",339,"dha02","integer"
"cpads_pumf_synthetic",340,"dha03","integer"
"cpads_pumf_synthetic",341,"dha04","integer"
"cpads_pumf_synthetic",342,"tre01_1","integer"
"cpads_pumf_synthetic",343,"tre01_2","integer"
"cpads_pumf_synthetic",344,"tre01_3","integer"
"cpads_pumf_synthetic",345,"tre01_4","integer"
"cpads_pumf_synthetic",346,"tre02_1","integer"
"cpads_pumf_synthetic",347,"tre02_2","integer"
"cpads_pumf_synthetic",348,"tre02_3","integer"
"cpads_pumf_synthetic",349,"tre02_4","integer"
"cpads_pumf_synthetic",350,"tre03_1","integer"
"cpads_pumf_synthetic",351,"tre03_2","integer"
"cpads_pumf_synthetic",352,"tre03_3","integer"
"cpads_pumf_synthetic",353,"tre03_4","integer"
"cpads_pumf_synthetic",354,"tre03_5","integer"
"cpads_pumf_synthetic",355,"tre03_6","integer"
"cpads_pumf_synthetic",356,"tre03_7","integer"
"cpads_pumf_synthetic",357,"tre03_8","integer"
"cpads_pumf_synthetic",358,"tre03_9","integer"
"cpads_pumf_synthetic",359,"kab02","integer"
"cpads_pumf_synthetic",360,"kab03","integer"
"cpads_pumf_synthetic",361,"kab04","integer"
"cpads_pumf_synthetic",362,"tob02","integer"
"cpads_pumf_synthetic",363,"tob03","integer"
"cpads_pumf_synthetic",364,"tob04","integer"
"cpads_pumf_synthetic",365,"vap01","integer"
"cpads_pumf_synthetic",366,"vap03","integer"
"cpads_pumf_synthetic",367,"h_grp","integer"
"cpads_pumf_synthetic",368,"mh_grp","integer"
"cpads_pumf_synthetic",369,"promotion","integer"
"cpads_pumf_synthetic",370,"u_d_lrdg","integer"
"cpads_pumf_synthetic",371,"alc12_30d_freq","integer"
"cpads_pumf_synthetic",372,"alc12_30d_prev","integer"
"cpads_pumf_synthetic",373,"alc12_30d_prev_total","integer"
"cpads_pumf_synthetic",374,"alc13_lrdg","integer"
"cpads_pumf_synthetic",375,"energy_prev","integer"
"cpads_pumf_synthetic",376,"alcensep_prev","integer"
"cpads_pumf_synthetic",377,"alcenhand_prev","integer"
"cpads_pumf_synthetic",378,"alcenmix_prev","integer"
"cpads_pumf_synthetic",379,"alcmixnrg3_prev","integer"
"cpads_pumf_synthetic",380,"alcensweet_prev","integer"
"cpads_pumf_synthetic",381,"ahs30d","integer"
"cpads_pumf_synthetic",382,"ahs_sch","integer"
"cpads_pumf_synthetic",383,"ahs_dependence","integer"
"cpads_pumf_synthetic",384,"ahs_phy","integer"
"cpads_pumf_synthetic",385,"aho30d","integer"
"cpads_pumf_synthetic",386,"aho_violence","integer"
"cpads_pumf_synthetic",387,"aho_disr","integer"
"cpads_pumf_synthetic",388,"apb30d","integer"
"cpads_pumf_synthetic",389,"can_assist","integer"
"cpads_pumf_synthetic",390,"opi12m_problem","integer"
"cpads_pumf_synthetic",391,"stim12m_problem","integer"
"cpads_pumf_synthetic",392,"sed12m_problem","integer"
"cpads_pumf_synthetic",393,"ebac_tot","numeric"
"cpads_pumf_synthetic",394,"ebac_legal","integer"
"edmonton_opendata_bulk_catalog",1,"soda_id","character"
"edmonton_opendata_bulk_catalog",2,"title","character"
"edmonton_opendata_bulk_catalog",3,"type","character"
"edmonton_opendata_bulk_catalog",4,"description","character"
"edmonton_opendata_bulk_catalog",5,"updated_at","character"
"edmonton_opendata_bulk_catalog",6,"page_views_total","integer"
"edmonton_opendata_bulk_catalog",7,"domain_category","character"
"edmonton_opendata_crime_adjacent_catalog",1,"soda_id","character"
"edmonton_opendata_crime_adjacent_catalog",2,"title","character"
"edmonton_opendata_crime_adjacent_catalog",3,"type","character"
"edmonton_opendata_crime_adjacent_catalog",4,"search_keyword","character"
"montreal_opendata_bulk_catalog",1,"package_name","character"
"montreal_opendata_bulk_catalog",2,"title","character"
"montreal_opendata_bulk_catalog",3,"num_resources","integer"
"montreal_opendata_bulk_catalog",4,"metadata_modified","character"
"montreal_opendata_bulk_catalog",5,"language","character"
"montreal_opendata_bulk_catalog",6,"license","character"
"montreal_sim_intervention_types",1,"INCIDENT_TYPE_DESCRIPTION","character"
"montreal_sim_intervention_types",2,"Description","character"
"montreal_sim_interventions_sample",1,"INCIDENT_NBR","integer"
"montreal_sim_interventions_sample",2,"CREATION_DATE_TIME","character"
"montreal_sim_interventions_sample",3,"INCIDENT_TYPE_DESC","character"
"montreal_sim_interventions_sample",4,"DESCRIPTION_GROUPE","character"
"montreal_sim_interventions_sample",5,"CASERNE","integer"
"montreal_sim_interventions_sample",6,"NOM_VILLE","character"
"montreal_sim_interventions_sample",7,"NOM_ARROND","character"
"montreal_sim_interventions_sample",8,"DIVISION","integer"
"montreal_sim_interventions_sample",9,"NOMBRE_UNITES","integer"
"montreal_sim_interventions_sample",10,"MTM8_X","numeric"
"montreal_sim_interventions_sample",11,"MTM8_Y","numeric"
"montreal_sim_interventions_sample",12,"LONGITUDE","numeric"
"montreal_sim_interventions_sample",13,"LATITUDE","numeric"
"nibrs_synthetic",1,"ori","character"
"nibrs_synthetic",2,"state_abbr","character"
"nibrs_synthetic",3,"offense_code","character"
"nibrs_synthetic",4,"offense_name","character"
"nibrs_synthetic",5,"data_year","integer"
"nibrs_synthetic",6,"incident_count","integer"
"nist_rds_synthetic",1,"id","character"
"nist_rds_synthetic",2,"title","character"
"nist_rds_synthetic",3,"description","integer"
"nist_rds_synthetic",4,"issued","character"
"nist_rds_synthetic",5,"modified","character"
"nist_rds_synthetic",6,"publisher","character"
"nist_rds_synthetic",7,"version","character"
"nist_rds_synthetic",8,"doi","character"
"nyc_ntas_2020",1,"borocode","integer"
"nyc_ntas_2020",2,"boroname","character"
"nyc_ntas_2020",3,"countyfips","integer"
"nyc_ntas_2020",4,"nta2020","character"
"nyc_ntas_2020",5,"ntaname","character"
"nyc_ntas_2020",6,"ntaabbrev","character"
"nyc_ntas_2020",7,"ntatype","integer"
"nyc_ntas_2020",8,"cdta2020","character"
"nyc_ntas_2020",9,"cdtaname","character"
"nyc_ntas_2020",10,"shape_leng","numeric"
"nyc_ntas_2020",11,"shape_area","numeric"
"nyc_nypd_offense_codes",1,"ky_cd","integer"
"nyc_nypd_offense_codes",2,"ofns_desc","character"
"nyc_nypd_offense_codes",3,"pd_cd","integer"
"nyc_nypd_offense_codes",4,"pd_desc","character"
"nyc_nypd_offense_codes",5,"law_cat_cd","character"
"nyc_opendata_bulk_catalog",1,"soda_id","character"
"nyc_opendata_bulk_catalog",2,"title","character"
"nyc_opendata_bulk_catalog",3,"type","character"
"nyc_opendata_bulk_catalog",4,"description","character"
"nyc_opendata_bulk_catalog",5,"updated_at","character"
"nyc_opendata_bulk_catalog",6,"page_views_total","integer"
"nyc_opendata_bulk_catalog",7,"domain_category","character"
"nyc_zctas",1,"zcta5","integer"
"nyc_zctas",2,"arealand","integer"
"nyc_zctas",3,"areawater","integer"
"nyc_zctas",4,"centlat","numeric"
"nyc_zctas",5,"centlon","numeric"
"nyc_zctas",6,"intptlat","numeric"
"nyc_zctas",7,"intptlon","numeric"
"otis_a01_restrictive_confinement_sample",1,"EndFiscalYear","integer"
"otis_a01_restrictive_confinement_sample",2,"UniqueIndividual_ID","character"
"otis_a01_restrictive_confinement_sample",3,"Region_AtTimeOfPlacement","character"
"otis_a01_restrictive_confinement_sample",4,"Region_MostRecentPlacement","character"
"otis_a01_restrictive_confinement_sample",5,"Gender","character"
"otis_a01_restrictive_confinement_sample",6,"Age_Category","character"
"otis_a01_restrictive_confinement_sample",7,"MentalHealth_Alert","character"
"otis_a01_restrictive_confinement_sample",8,"SuicideRisk_Alert","character"
"otis_a01_restrictive_confinement_sample",9,"SuicideWatch_Alert","character"
"otis_a01_restrictive_confinement_sample",10,"Number_Of_Placements","integer"
"otis_b01_sample",1,"EndFiscalYear","integer"
"otis_b01_sample",2,"UniqueIndividual_ID","character"
"otis_b01_sample",3,"Gender","character"
"otis_b01_sample",4,"Region_AtTimeOfPlacement","character"
"otis_b01_sample",5,"Region_MostRecentPlacement","character"
"otis_b01_sample",6,"Age_Category","character"
"otis_b01_sample",7,"NumberConsecutiveDays_Segregation","integer"
"otis_b01_sample",8,"SegReason_SecurityOfInstitution_SafetyOfOthers","character"
"otis_b01_sample",9,"SegReason_InmateNeedsProtection","character"
"otis_b01_sample",10,"SegReason_InmateNeedsProtection_Medical","character"
"otis_b01_sample",11,"SegReason_SecurityOfInstitution_SafetyOfOthers_Medical","character"
"otis_b01_sample",12,"SegReason_Disciplinary_Segregation","character"
"otis_b01_sample",13,"SegReason_InmateRefuseSearch_Scan","character"
"otis_b01_sample",14,"MentalHealth_Alert","character"
"otis_b01_sample",15,"SuicideRisk_Alert","character"
"otis_b01_sample",16,"SuicideWatch_Alert","character"
"otis_b01_sample",17,"SegReason_Other","character"
"otis_b01_sample",18,"Number_Of_Placements","integer"
"otis_b01_segregation_detailed_sample",1,"EndFiscalYear","integer"
"otis_b01_segregation_detailed_sample",2,"UniqueIndividual_ID","character"
"otis_b01_segregation_detailed_sample",3,"Gender","character"
"otis_b01_segregation_detailed_sample",4,"Region_AtTimeOfPlacement","character"
"otis_b01_segregation_detailed_sample",5,"Region_MostRecentPlacement","character"
"otis_b01_segregation_detailed_sample",6,"Age_Category","character"
"otis_b01_segregation_detailed_sample",7,"NumberConsecutiveDays_Segregation","integer"
"otis_b01_segregation_detailed_sample",8,"SegReason_SecurityOfInstitution_SafetyOfOthers","integer"
"otis_b01_segregation_detailed_sample",9,"SegReason_InmateNeedsProtection","integer"
"otis_b01_segregation_detailed_sample",10,"SegReason_InmateNeedsProtection_Medical","integer"
"otis_b01_segregation_detailed_sample",11,"SegReason_SecurityOfInstitution_SafetyOfOthers_Medical","integer"
"otis_b01_segregation_detailed_sample",12,"SegReason_Disciplinary_Segregation","integer"
"otis_b01_segregation_detailed_sample",13,"SegReason_InmateRefuseSearch_Scan","integer"
"otis_b01_segregation_detailed_sample",14,"MentalHealth_Alert","character"
"otis_b01_segregation_detailed_sample",15,"SuicideRisk_Alert","character"
"otis_b01_segregation_detailed_sample",16,"SuicideWatch_Alert","character"
"otis_b01_segregation_detailed_sample",17,"SegReason_Other","integer"
"otis_b01_segregation_detailed_sample",18,"Number_Of_Placements","integer"
"otis_b02_segregation_total_days_sample",1,"EndFiscalYear","integer"
"otis_b02_segregation_total_days_sample",2,"UniqueIndividual_ID","character"
"otis_b02_segregation_total_days_sample",3,"Gender","character"
"otis_b02_segregation_total_days_sample",4,"Region_MostRecentPlacement","character"
"otis_b02_segregation_total_days_sample",5,"Age_Category","character"
"otis_b02_segregation_total_days_sample",6,"TotalAggregatedDays_Segregation","integer"
"otis_b03_seg_alerts_by_institution_sample",1,"EndFiscalYear","integer"
"otis_b03_seg_alerts_by_institution_sample",2,"Region_AtTimeOfPlacement","character"
"otis_b03_seg_alerts_by_institution_sample",3,"Institution_AtTimeOfPlacement","character"
"otis_b03_seg_alerts_by_institution_sample",4,"Alert_Type","character"
"otis_b03_seg_alerts_by_institution_sample",5,"Alert_Presence","character"
"otis_b03_seg_alerts_by_institution_sample",6,"Number_SegregationPlacements","integer"
"otis_b04_seg_consecutive_by_region_sample",1,"EndFiscalYear","integer"
"otis_b04_seg_consecutive_by_region_sample",2,"Region_AtTimeOfPlacement","character"
"otis_b04_seg_consecutive_by_region_sample",3,"Gender","character"
"otis_b04_seg_consecutive_by_region_sample",4,"Measure","character"
"otis_b04_seg_consecutive_by_region_sample",5,"NumberConsecutiveDays_Segregation","numeric"
"otis_b05_seg_consecutive_lengths_sample",1,"EndFiscalYear","integer"
"otis_b05_seg_consecutive_lengths_sample",2,"Consecutive_Duration","character"
"otis_b05_seg_consecutive_lengths_sample",3,"Number_SegregationPlacements","integer"
"otis_b06_seg_reason_by_institution_sample",1,"EndFiscalYear","integer"
"otis_b06_seg_reason_by_institution_sample",2,"Region_AtTimeOfPlacement","character"
"otis_b06_seg_reason_by_institution_sample",3,"Institution_AtTimeOfPlacement","character"
"otis_b06_seg_reason_by_institution_sample",4,"Gender","character"
"otis_b06_seg_reason_by_institution_sample",5,"Reason","character"
"otis_b06_seg_reason_by_institution_sample",6,"Number_SegregationPlacements","integer"
"otis_b07_seg_alerts_by_gender_sample",1,"EndFiscalYear","integer"
"otis_b07_seg_alerts_by_gender_sample",2,"Alert_Type","character"
"otis_b07_seg_alerts_by_gender_sample",3,"Gender","character"
"otis_b07_seg_alerts_by_gender_sample",4,"Number_Segregation_Placements_Without_Alert","integer"
"otis_b07_seg_alerts_by_gender_sample",5,"Number_Segregation_Placements_With_Alert","integer"
"otis_b08_seg_consecutive_by_institution_sample",1,"EndFiscalYear","integer"
"otis_b08_seg_consecutive_by_institution_sample",2,"Region_AtTimeOfPlacement","character"
"otis_b08_seg_consecutive_by_institution_sample",3,"Institution_AtTimeOfPlacement","character"
"otis_b08_seg_consecutive_by_institution_sample",4,"Gender","character"
"otis_b08_seg_consecutive_by_institution_sample",5,"Measure","character"
"otis_b08_seg_consecutive_by_institution_sample",6,"NumberConsecutiveDays_Segregation","numeric"
"otis_b09_sample",1,"EndFiscalYear","integer"
"otis_b09_sample",2,"NumberPlacements_Segregation","character"
"otis_b09_sample",3,"Gender","character"
"otis_b09_sample",4,"NumberIndividuals_Segregation","integer"
"otis_b09_seg_n_times_sample",1,"EndFiscalYear","integer"
"otis_b09_seg_n_times_sample",2,"NumberPlacements_Segregation","character"
"otis_b09_seg_n_times_sample",3,"Gender","character"
"otis_b09_seg_n_times_sample",4,"NumberIndividuals_Segregation","integer"
"otis_c01_individuals_total_sample",1,"EndFiscalYear","integer"
"otis_c01_individuals_total_sample",2,"Gender","character"
"otis_c01_individuals_total_sample",3,"NumberIndividuals_InCustody","integer"
"otis_c01_individuals_total_sample",4,"NumberIndividuals_RestrictiveConfinement","integer"
"otis_c01_individuals_total_sample",5,"NumberIndividuals_Segregation","integer"
"otis_c02_individuals_by_institution_sample",1,"EndFiscalYear","integer"
"otis_c02_individuals_by_institution_sample",2,"Region_MostRecentPlacement","character"
"otis_c02_individuals_by_institution_sample",3,"Institution_MostRecentPlacement","character"
"otis_c02_individuals_by_institution_sample",4,"Gender","character"
"otis_c02_individuals_by_institution_sample",5,"NumberIndividuals_RestrictiveConfinement","integer"
"otis_c02_individuals_by_institution_sample",6,"NumberIndividuals_Segregation","integer"
"otis_c03_individuals_race_by_gender_sample",1,"EndFiscalYear","integer"
"otis_c03_individuals_race_by_gender_sample",2,"Race","character"
"otis_c03_individuals_race_by_gender_sample",3,"Gender","character"
"otis_c03_individuals_race_by_gender_sample",4,"NumberIndividuals_InCustody","integer"
"otis_c03_individuals_race_by_gender_sample",5,"NumberIndividuals_RestrictiveConfinement","integer"
"otis_c03_individuals_race_by_gender_sample",6,"NumberIndividuals_Segregation","integer"
"otis_c04_individuals_race_by_region_sample",1,"EndFiscalYear","integer"
"otis_c04_individuals_race_by_region_sample",2,"Region_MostRecentPlacement","character"
"otis_c04_individuals_race_by_region_sample",3,"Race","character"
"otis_c04_individuals_race_by_region_sample",4,"NumberIndividuals_RestrictiveConfinement","integer"
"otis_c04_individuals_race_by_region_sample",5,"NumberIndividuals_Segregation","integer"
"otis_c05_individuals_religion_by_region_sample",1,"EndFiscalYear","integer"
"otis_c05_individuals_religion_by_region_sample",2,"Region_MostRecentPlacement","character"
"otis_c05_individuals_religion_by_region_sample",3,"Religion","character"
"otis_c05_individuals_religion_by_region_sample",4,"NumberIndividuals_RestrictiveConfinement","integer"
"otis_c05_individuals_religion_by_region_sample",5,"NumberIndividuals_Segregation","integer"
"otis_c06_individuals_age_by_region_sample",1,"EndFiscalYear","integer"
"otis_c06_individuals_age_by_region_sample",2,"Region_MostRecentPlacement","character"
"otis_c06_individuals_age_by_region_sample",3,"Age_Category","character"
"otis_c06_individuals_age_by_region_sample",4,"NumberIndividuals_RestrictiveConfinement","integer"
"otis_c06_individuals_age_by_region_sample",5,"NumberIndividuals_Segregation","integer"
"otis_c07_individuals_alerts_sample",1,"EndFiscalYear","integer"
"otis_c07_individuals_alerts_sample",2,"Alert_Type","character"
"otis_c07_individuals_alerts_sample",3,"Gender","character"
"otis_c07_individuals_alerts_sample",4,"NumberIndividuals_InCustody","integer"
"otis_c07_individuals_alerts_sample",5,"NumberIndividuals_RestrictiveConfinement","integer"
"otis_c07_individuals_alerts_sample",6,"NumberIndividuals_Segregation","integer"
"otis_c08_individuals_religion_by_gender_sample",1,"EndFiscalYear","integer"
"otis_c08_individuals_religion_by_gender_sample",2,"Religion","character"
"otis_c08_individuals_religion_by_gender_sample",3,"Gender","character"
"otis_c08_individuals_religion_by_gender_sample",4,"NumberIndividuals_InCustody","integer"
"otis_c08_individuals_religion_by_gender_sample",5,"NumberIndividuals_RestrictiveConfinement","integer"
"otis_c08_individuals_religion_by_gender_sample",6,"NumberIndividuals_Segregation","integer"
"otis_c09_individuals_age_by_gender_sample",1,"EndFiscalYear","integer"
"otis_c09_individuals_age_by_gender_sample",2,"Age_Category","character"
"otis_c09_individuals_age_by_gender_sample",3,"Gender","character"
"otis_c09_individuals_age_by_gender_sample",4,"NumberIndividuals_InCustody","integer"
"otis_c09_individuals_age_by_gender_sample",5,"NumberIndividuals_RestrictiveConfinement","integer"
"otis_c09_individuals_age_by_gender_sample",6,"NumberIndividuals_Segregation","integer"
"otis_c10_aggregate_durations_by_institution_sample",1,"EndFiscalYear","integer"
"otis_c10_aggregate_durations_by_institution_sample",2,"Region_MostRecentPlacement","character"
"otis_c10_aggregate_durations_by_institution_sample",3,"Institution_MostRecentPlacement","character"
"otis_c10_aggregate_durations_by_institution_sample",4,"Gender","character"
"otis_c10_aggregate_durations_by_institution_sample",5,"Measure","character"
"otis_c10_aggregate_durations_by_institution_sample",6,"TotalAggregatedDays_RestrictiveConfinement","numeric"
"otis_c10_aggregate_durations_by_institution_sample",7,"TotalAggregatedDays_Segregation","numeric"
"otis_c11_aggregate_lengths_sample",1,"EndFiscalYear","integer"
"otis_c11_aggregate_lengths_sample",2,"Aggregate_Duration","character"
"otis_c11_aggregate_lengths_sample",3,"NumberIndividuals_RestrictiveConfinement","integer"
"otis_c11_aggregate_lengths_sample",4,"NumberIndividuals_Segregation","integer"
"otis_c11_sample",1,"EndFiscalYear","integer"
"otis_c11_sample",2,"Aggregate_Duration","character"
"otis_c11_sample",3,"NumberIndividuals_RestrictiveConfinement","integer"
"otis_c11_sample",4,"NumberIndividuals_Segregation","integer"
"otis_c12_aggregate_durations_by_region_sample",1,"EndFiscalYear","integer"
"otis_c12_aggregate_durations_by_region_sample",2,"Region_MostRecentPlacement","character"
"otis_c12_aggregate_durations_by_region_sample",3,"Gender","character"
"otis_c12_aggregate_durations_by_region_sample",4,"Measure","character"
"otis_c12_aggregate_durations_by_region_sample",5,"TotalAggregatedDays_RestrictiveConfinement","numeric"
"otis_c12_aggregate_durations_by_region_sample",6,"TotalAggregatedDays_Segregation","numeric"
"otis_d01_deaths_in_custody_sample",1,"Year","integer"
"otis_d01_deaths_in_custody_sample",2,"UniqueIndividual_ID","character"
"otis_d01_deaths_in_custody_sample",3,"Region_AtTimeOfDeath","character"
"otis_d01_deaths_in_custody_sample",4,"HousingUnit_Type","character"
"otis_d01_deaths_in_custody_sample",5,"MedicalCauseofDeath","character"
"otis_d01_deaths_in_custody_sample",6,"MeansofDeath","character"
"otis_d02_deaths_by_gender_sample",1,"Year","integer"
"otis_d02_deaths_by_gender_sample",2,"Gender","character"
"otis_d02_deaths_by_gender_sample",3,"Number_CustodialDeaths","integer"
"otis_d03_deaths_by_race_sample",1,"Year","integer"
"otis_d03_deaths_by_race_sample",2,"Race","character"
"otis_d03_deaths_by_race_sample",3,"Number_CustodialDeaths","integer"
"otis_d04_deaths_by_religion_sample",1,"Year","integer"
"otis_d04_deaths_by_religion_sample",2,"Religion","character"
"otis_d04_deaths_by_religion_sample",3,"Number_CustodialDeaths","integer"
"otis_d05_deaths_by_age_category_sample",1,"Year","integer"
"otis_d05_deaths_by_age_category_sample",2,"Age_Category","character"
"otis_d05_deaths_by_age_category_sample",3,"Number_CustodialDeaths","integer"
"otis_d06_cause_by_alert_sample",1,"Year","integer"
"otis_d06_cause_by_alert_sample",2,"Alert_Type","character"
"otis_d06_cause_by_alert_sample",3,"MedicalCauseOfDeath","character"
"otis_d06_cause_by_alert_sample",4,"Number_CustodialDeaths","integer"
"otis_d07_alerts_by_housing_unit_sample",1,"Year","integer"
"otis_d07_alerts_by_housing_unit_sample",2,"Alert_Type","character"
"otis_d07_alerts_by_housing_unit_sample",3,"Housing_Type","character"
"otis_d07_alerts_by_housing_unit_sample",4,"Number_CustodialDeaths","integer"
"ottawa_opendata_bulk_catalog",1,"hub_id","character"
"ottawa_opendata_bulk_catalog",2,"title","character"
"ottawa_opendata_bulk_catalog",3,"type","character"
"ottawa_opendata_bulk_catalog",4,"source","character"
"ottawa_opendata_bulk_catalog",5,"license","character"
"ottawa_opendata_crime_adjacent_catalog",1,"hub_id","character"
"ottawa_opendata_crime_adjacent_catalog",2,"title","character"
"ottawa_opendata_crime_adjacent_catalog",3,"type","character"
"ottawa_opendata_crime_adjacent_catalog",4,"source","character"
"ottawa_opendata_crime_adjacent_catalog",5,"search_keyword","character"
"samples_otis_b01_sample",1,"EndFiscalYear","integer"
"samples_otis_b01_sample",2,"UniqueIndividual_ID","character"
"samples_otis_b01_sample",3,"Gender","character"
"samples_otis_b01_sample",4,"Region_AtTimeOfPlacement","character"
"samples_otis_b01_sample",5,"Region_MostRecentPlacement","character"
"samples_otis_b01_sample",6,"Age_Category","character"
"samples_otis_b01_sample",7,"NumberConsecutiveDays_Segregation","integer"
"samples_otis_b01_sample",8,"SegReason_SecurityOfInstitution_SafetyOfOthers","character"
"samples_otis_b01_sample",9,"SegReason_InmateNeedsProtection","character"
"samples_otis_b01_sample",10,"SegReason_InmateNeedsProtection_Medical","character"
"samples_otis_b01_sample",11,"SegReason_SecurityOfInstitution_SafetyOfOthers_Medical","character"
"samples_otis_b01_sample",12,"SegReason_Disciplinary_Segregation","character"
"samples_otis_b01_sample",13,"SegReason_InmateRefuseSearch_Scan","character"
"samples_otis_b01_sample",14,"MentalHealth_Alert","character"
"samples_otis_b01_sample",15,"SuicideRisk_Alert","character"
"samples_otis_b01_sample",16,"SuicideWatch_Alert","character"
"samples_otis_b01_sample",17,"SegReason_Other","character"
"samples_otis_b01_sample",18,"Number_Of_Placements","integer"
"samples_otis_b09_sample",1,"EndFiscalYear","integer"
"samples_otis_b09_sample",2,"NumberPlacements_Segregation","character"
"samples_otis_b09_sample",3,"Gender","character"
"samples_otis_b09_sample",4,"NumberIndividuals_Segregation","integer"
"samples_otis_c11_sample",1,"EndFiscalYear","integer"
"samples_otis_c11_sample",2,"Aggregate_Duration","character"
"samples_otis_c11_sample",3,"NumberIndividuals_RestrictiveConfinement","integer"
"samples_otis_c11_sample",4,"NumberIndividuals_Segregation","integer"
"samples_tps_assault_sample",1,"OBJECTID","integer"
"samples_tps_assault_sample",2,"EVENT_UNIQUE_ID","character"
"samples_tps_assault_sample",3,"REPORT_DATE","character"
"samples_tps_assault_sample",4,"OCC_DATE","character"
"samples_tps_assault_sample",5,"REPORT_YEAR","integer"
"samples_tps_assault_sample",6,"REPORT_MONTH","character"
"samples_tps_assault_sample",7,"REPORT_DAY","integer"
"samples_tps_assault_sample",8,"REPORT_DOY","integer"
"samples_tps_assault_sample",9,"REPORT_DOW","character"
"samples_tps_assault_sample",10,"REPORT_HOUR","integer"
"samples_tps_assault_sample",11,"OCC_YEAR","numeric"
"samples_tps_assault_sample",12,"OCC_MONTH","character"
"samples_tps_assault_sample",13,"OCC_DAY","numeric"
"samples_tps_assault_sample",14,"OCC_DOY","numeric"
"samples_tps_assault_sample",15,"OCC_DOW","character"
"samples_tps_assault_sample",16,"OCC_HOUR","integer"
"samples_tps_assault_sample",17,"DIVISION","character"
"samples_tps_assault_sample",18,"LOCATION_TYPE","character"
"samples_tps_assault_sample",19,"PREMISES_TYPE","character"
"samples_tps_assault_sample",20,"UCR_CODE","integer"
"samples_tps_assault_sample",21,"UCR_EXT","integer"
"samples_tps_assault_sample",22,"OFFENCE","character"
"samples_tps_assault_sample",23,"CSI_CATEGORY","character"
"samples_tps_assault_sample",24,"HOOD_158","character"
"samples_tps_assault_sample",25,"NEIGHBOURHOOD_158","character"
"samples_tps_assault_sample",26,"HOOD_140","character"
"samples_tps_assault_sample",27,"NEIGHBOURHOOD_140","character"
"samples_tps_assault_sample",28,"LONG_WGS84","numeric"
"samples_tps_assault_sample",29,"LAT_WGS84","numeric"
"samples_tps_assault_sample",30,"x","numeric"
"samples_tps_assault_sample",31,"y","numeric"
"siu_directors_reports",1,"case_number","character"
"siu_directors_reports",2,"drid","integer"
"siu_directors_reports",3,"nrid","integer"
"siu_directors_reports",4,"source_url_report","character"
"siu_directors_reports",5,"source_url_news","character"
"siu_directors_reports",6,"scraped_at_utc","character"
"siu_directors_reports",7,"parser_version","character"
"siu_directors_reports",8,"date_of_incident_iso","character"
"siu_directors_reports",9,"date_of_incident_raw","character"
"siu_directors_reports",10,"time_of_incident_raw","integer"
"siu_directors_reports",11,"date_of_injury_iso","integer"
"siu_directors_reports",12,"date_of_injury_raw","integer"
"siu_directors_reports",13,"incident_to_injury_raw","integer"
"siu_directors_reports",14,"date_siu_notified_iso","character"
"siu_directors_reports",15,"date_siu_notified_raw","character"
"siu_directors_reports",16,"time_of_notification_raw","integer"
"siu_directors_reports",17,"notifying_party","character"
"siu_directors_reports",18,"notifying_party_other_text","integer"
"siu_directors_reports",19,"date_of_director_decision_iso","character"
"siu_directors_reports",20,"date_of_director_decision_raw","character"
"siu_directors_reports",21,"time_of_director_decision_raw","integer"
"siu_directors_reports",22,"siu_investigators","integer"
"siu_directors_reports",23,"siu_forensics_investigators","integer"
"siu_directors_reports",24,"police_service","character"
"siu_directors_reports",25,"number_of_officers_involved","integer"
"siu_directors_reports",26,"location_of_call","character"
"siu_directors_reports",27,"type_of_building_or_scene","integer"
"siu_directors_reports",28,"reason_for_interaction","integer"
"siu_directors_reports",29,"injuries_sustained","character"
"siu_directors_reports",30,"injuries_other_text","integer"
"siu_directors_reports",31,"specific_injuries","character"
"siu_directors_reports",32,"location_of_treatment","integer"
"siu_directors_reports",33,"number_of_affected_persons","integer"
"siu_directors_reports",34,"sex_gender_affected","character"
"siu_directors_reports",35,"age_affected","character"
"siu_directors_reports",36,"affected_interviewed","integer"
"siu_directors_reports",37,"date_of_affected_interview_iso","integer"
"siu_directors_reports",38,"date_of_affected_interview_raw","integer"
"siu_directors_reports",39,"number_of_civilian_witnesses","character"
"siu_directors_reports",40,"date_of_witness_interview_raw","integer"
"siu_directors_reports",41,"number_of_subject_officials","integer"
"siu_directors_reports",42,"subject_official_interviewed_or_notes","character"
"siu_directors_reports",43,"date_of_subject_interview_raw","integer"
"siu_directors_reports",44,"number_of_witness_officials","integer"
"siu_directors_reports",45,"date_of_witness_official_interview_raw","integer"
"siu_directors_reports",46,"evidence_types","integer"
"siu_directors_reports",47,"evidence_other_text","integer"
"siu_directors_reports",48,"evidence_features","integer"
"siu_directors_reports",49,"narrative_summary","character"
"siu_directors_reports",50,"relevant_legislation","character"
"siu_directors_reports",51,"legislation_other_text","integer"
"siu_directors_reports",52,"weapons_or_force_used","integer"
"siu_directors_reports",53,"weapons_other_text","integer"
"siu_directors_reports",54,"charges_recommended","character"
"siu_directors_reports",55,"directors_decision_reasonable","character"
"siu_directors_reports",56,"supplemental_materials","character"
"siu_directors_reports",57,"news_links_extra","integer"
"siu_directors_reports",58,"mental_health_or_race_indications","character"
"siu_directors_reports",59,"_language","character"
"siu_directors_reports",60,"news_release_title","character"
"siu_directors_reports",61,"news_release_date_iso","character"
"siu_directors_reports",62,"news_release_date_raw","character"
"siu_directors_reports",63,"news_release_summary","character"
"siu_directors_reports",64,"directors_name","character"
"siu_directors_reports",65,"panel_reviewed","integer"
"siu_drid_manifest",1,"drid","integer"
"siu_drid_manifest",2,"http_code","integer"
"siu_drid_manifest",3,"body_bytes","integer"
"siu_drid_manifest",4,"attempts","integer"
"siu_drid_manifest",5,"case_number","character"
"siu_drid_manifest",6,"source","character"
"siu_drid_manifest",7,"retrieved_at_utc","character"
"siu_drid_manifest",8,"_language","character"
"siu_drid_manifest",9,"canonical_drid","integer"
"to_hood_158_140_crosswalk",1,"hood_140","integer"
"to_hood_158_140_crosswalk",2,"name_140","character"
"to_hood_158_140_crosswalk",3,"hood_158","integer"
"to_hood_158_140_crosswalk",4,"name_158","character"
"to_hood_158_140_crosswalk",5,"pct_140_in_158","numeric"
"to_hood_158_140_crosswalk",6,"pct_158_in_140","numeric"
"to_hood_158_140_crosswalk",7,"relation","character"
"to_neighbourhood_improvement_areas",1,"X_id","integer"
"to_neighbourhood_improvement_areas",2,"AREA_ID","integer"
"to_neighbourhood_improvement_areas",3,"DATE_EFFECTIVE","character"
"to_neighbourhood_improvement_areas",4,"DATE_EXPIRY","character"
"to_neighbourhood_improvement_areas",5,"AREA_ATTR_ID","integer"
"to_neighbourhood_improvement_areas",6,"AREA_TYPE_ID","integer"
"to_neighbourhood_improvement_areas",7,"PARENT_AREA_ID","integer"
"to_neighbourhood_improvement_areas",8,"AREA_TYPE","character"
"to_neighbourhood_improvement_areas",9,"AREA_CLASS_ID","integer"
"to_neighbourhood_improvement_areas",10,"AREA_CLASS","character"
"to_neighbourhood_improvement_areas",11,"AREA_SHORT_CODE","integer"
"to_neighbourhood_improvement_areas",12,"AREA_LONG_CODE","integer"
"to_neighbourhood_improvement_areas",13,"AREA_NAME","character"
"to_neighbourhood_improvement_areas",14,"AREA_DESC","character"
"to_neighbourhood_improvement_areas",15,"FEATURE_CODE","integer"
"to_neighbourhood_improvement_areas",16,"FEATURE_CODE_DESC","character"
"to_neighbourhood_improvement_areas",17,"TRANS_ID_CREATE","integer"
"to_neighbourhood_improvement_areas",18,"TRANS_ID_EXPIRE","integer"
"to_neighbourhood_improvement_areas",19,"OBJECTID","integer"
"to_neighbourhoods_140",1,"X_id","integer"
"to_neighbourhoods_140",2,"AREA_ID","integer"
"to_neighbourhoods_140",3,"AREA_ATTR_ID","integer"
"to_neighbourhoods_140",4,"PARENT_AREA_ID","integer"
"to_neighbourhoods_140",5,"AREA_SHORT_CODE","integer"
"to_neighbourhoods_140",6,"AREA_LONG_CODE","integer"
"to_neighbourhoods_140",7,"AREA_NAME","character"
"to_neighbourhoods_140",8,"AREA_DESC","character"
"to_neighbourhoods_140",9,"CLASSIFICATION","character"
"to_neighbourhoods_140",10,"CLASSIFICATION_CODE","character"
"to_neighbourhoods_140",11,"OBJECTID","integer"
"to_neighbourhoods_158",1,"X_id","integer"
"to_neighbourhoods_158",2,"AREA_ID","integer"
"to_neighbourhoods_158",3,"AREA_ATTR_ID","integer"
"to_neighbourhoods_158",4,"PARENT_AREA_ID","integer"
"to_neighbourhoods_158",5,"AREA_SHORT_CODE","integer"
"to_neighbourhoods_158",6,"AREA_LONG_CODE","integer"
"to_neighbourhoods_158",7,"AREA_NAME","character"
"to_neighbourhoods_158",8,"AREA_DESC","character"
"to_neighbourhoods_158",9,"CLASSIFICATION","character"
"to_neighbourhoods_158",10,"CLASSIFICATION_CODE","character"
"to_neighbourhoods_158",11,"OBJECTID","integer"
"toronto_ambulance_stations",1,"X_id","integer"
"toronto_ambulance_stations",2,"ADDRESS_POINT_ID","integer"
"toronto_ambulance_stations",3,"ADDRESS_NUMBER","integer"
"toronto_ambulance_stations",4,"LINEAR_NAME_FULL","character"
"toronto_ambulance_stations",5,"ADDRESS_FULL","character"
"toronto_ambulance_stations",6,"POSTAL_CODE","character"
"toronto_ambulance_stations",7,"MUNICIPALITY","character"
"toronto_ambulance_stations",8,"CITY","character"
"toronto_ambulance_stations",9,"PLACE_NAME","character"
"toronto_ambulance_stations",10,"GENERAL_USE_CODE","integer"
"toronto_ambulance_stations",11,"CENTRELINE_ID","integer"
"toronto_ambulance_stations",12,"LO_NUM","integer"
"toronto_ambulance_stations",13,"LO_NUM_SUF","character"
"toronto_ambulance_stations",14,"HI_NUM","integer"
"toronto_ambulance_stations",15,"HI_NUM_SUF","character"
"toronto_ambulance_stations",16,"LINEAR_NAME_ID","integer"
"toronto_ambulance_stations",17,"OBJECTID","integer"
"toronto_ambulance_stations",18,"EMS_ID","integer"
"toronto_ambulance_stations",19,"EMS_NAME","character"
"toronto_ambulance_stations",20,"EMS_ADDRESS","character"
"toronto_ambulance_stations",21,"EMS_NOTES","character"
"toronto_ambulance_stations",22,"EMS_WEBSITE","character"
"toronto_ambulance_stations",23,"EMS_EXTRA1","character"
"toronto_ambulance_stations",24,"EMS_EXTRA2","character"
"toronto_ambulance_stations",25,"EMS_ADDITIONAL_ADDRESS_INFO","character"
"toronto_ambulance_stations",26,"geometry","character"
"toronto_opendata_bulk_catalog",1,"package_name","character"
"toronto_opendata_bulk_catalog",2,"title","character"
"toronto_opendata_bulk_catalog",3,"num_resources","integer"
"toronto_opendata_bulk_catalog",4,"metadata_modified","character"
"toronto_opendata_bulk_catalog",5,"license","character"
"toronto_opendata_crime_adjacent_catalog",1,"package_name","character"
"toronto_opendata_crime_adjacent_catalog",2,"title","character"
"toronto_opendata_crime_adjacent_catalog",3,"num_resources","integer"
"toronto_opendata_crime_adjacent_catalog",4,"metadata_modified","character"
"toronto_opendata_crime_adjacent_catalog",5,"search_keyword","character"
"tps_arcgis_hub_catalog",1,"hub_id","character"
"tps_arcgis_hub_catalog",2,"title","character"
"tps_arcgis_hub_catalog",3,"type","character"
"tps_arcgis_hub_catalog",4,"feature_server_url","character"
"tps_arcgis_hub_catalog",5,"owner","character"
"tps_arcgis_hub_catalog",6,"tags","character"
"tps_arcgis_hub_catalog",7,"snippet","character"
"tps_assault_sample",1,"OBJECTID","integer"
"tps_assault_sample",2,"EVENT_UNIQUE_ID","character"
"tps_assault_sample",3,"REPORT_DATE","character"
"tps_assault_sample",4,"OCC_DATE","character"
"tps_assault_sample",5,"REPORT_YEAR","integer"
"tps_assault_sample",6,"REPORT_MONTH","character"
"tps_assault_sample",7,"REPORT_DAY","integer"
"tps_assault_sample",8,"REPORT_DOY","integer"
"tps_assault_sample",9,"REPORT_DOW","character"
"tps_assault_sample",10,"REPORT_HOUR","integer"
"tps_assault_sample",11,"OCC_YEAR","numeric"
"tps_assault_sample",12,"OCC_MONTH","character"
"tps_assault_sample",13,"OCC_DAY","numeric"
"tps_assault_sample",14,"OCC_DOY","numeric"
"tps_assault_sample",15,"OCC_DOW","character"
"tps_assault_sample",16,"OCC_HOUR","integer"
"tps_assault_sample",17,"DIVISION","character"
"tps_assault_sample",18,"LOCATION_TYPE","character"
"tps_assault_sample",19,"PREMISES_TYPE","character"
"tps_assault_sample",20,"UCR_CODE","integer"
"tps_assault_sample",21,"UCR_EXT","integer"
"tps_assault_sample",22,"OFFENCE","character"
"tps_assault_sample",23,"CSI_CATEGORY","character"
"tps_assault_sample",24,"HOOD_158","character"
"tps_assault_sample",25,"NEIGHBOURHOOD_158","character"
"tps_assault_sample",26,"HOOD_140","character"
"tps_assault_sample",27,"NEIGHBOURHOOD_140","character"
"tps_assault_sample",28,"LONG_WGS84","numeric"
"tps_assault_sample",29,"LAT_WGS84","numeric"
"tps_assault_sample",30,"x","numeric"
"tps_assault_sample",31,"y","numeric"
"vancouver_community_food_markets",1,"year","integer"
"vancouver_community_food_markets",2,"markettype","character"
"vancouver_community_food_markets",3,"marketname_location_host","character"
"vancouver_community_food_markets",4,"marketoperator","character"
"vancouver_community_food_markets",5,"streetnumber","integer"
"vancouver_community_food_markets",6,"streetdirection","character"
"vancouver_community_food_markets",7,"streetname","character"
"vancouver_community_food_markets",8,"streettype","character"
"vancouver_community_food_markets",9,"mergedaddress","character"
"vancouver_community_food_markets",10,"marketdirection","character"
"vancouver_community_food_markets",11,"website","character"
"vancouver_community_food_markets",12,"day","character"
"vancouver_community_food_markets",13,"open","character"
"vancouver_community_food_markets",14,"close","character"
"vancouver_community_food_markets",15,"months","character"
"vancouver_community_food_markets",16,"numberofvendors","character"
"vancouver_disability_parking",1,"description","character"
"vancouver_disability_parking",2,"location","character"
"vancouver_disability_parking",3,"notes","integer"
"vancouver_disability_parking",4,"spaces","integer"
"vancouver_disability_parking",5,"url","integer"
"vancouver_disability_parking",6,"geo_local_area","character"
"vancouver_disability_parking",7,"lon","numeric"
"vancouver_disability_parking",8,"lat","numeric"
"vancouver_graffiti_sample",1,"count","integer"
"vancouver_graffiti_sample",2,"geo_local_area","character"
"vancouver_graffiti_sample",3,"lon","numeric"
"vancouver_graffiti_sample",4,"lat","numeric"
"vancouver_opendata_bulk_catalog",1,"dataset_id","character"
"vancouver_opendata_bulk_catalog",2,"title","character"
"vancouver_opendata_bulk_catalog",3,"publisher","character"
"vancouver_opendata_bulk_catalog",4,"records_count","integer"
"vancouver_opendata_bulk_catalog",5,"license","character"
"vancouver_opendata_bulk_catalog",6,"theme","character"
"vancouver_opendata_catalog",1,"dataset_id","character"
"vancouver_opendata_catalog",2,"title","character"
"vancouver_opendata_catalog",3,"publisher","character"
"vancouver_opendata_catalog",4,"records_count","integer"
"vancouver_public_art",1,"registryid","integer"
"vancouver_public_art",2,"title_of_work","character"
"vancouver_public_art",3,"artistprojectstatement","character"
"vancouver_public_art",4,"type","character"
"vancouver_public_art",5,"status","character"
"vancouver_public_art",6,"sitename","character"
"vancouver_public_art",7,"siteaddress","character"
"vancouver_public_art",8,"primarymaterial","character"
"vancouver_public_art",9,"url","character"
"vancouver_public_art",10,"photourl","integer"
"vancouver_public_art",11,"ownership","character"
"vancouver_public_art",12,"neighbourhood","character"
"vancouver_public_art",13,"locationonsite","character"
"vancouver_public_art",14,"geo_local_area","character"
"vancouver_public_art",15,"descriptionofwork","character"
"vancouver_public_art",16,"photocredits","character"
"vancouver_public_art",17,"yearofinstallation","integer"
"vancouver_public_art",18,"lon","numeric"
"vancouver_public_art",19,"lat","numeric"
"vic_alleged_offender_incidents",1,"Year","integer"
"vic_alleged_offender_incidents",2,"Year ending","character"
"vic_alleged_offender_incidents",3,"Offence Division","character"
"vic_alleged_offender_incidents",4,"Offence Subdivision","character"
"vic_alleged_offender_incidents",5,"Offence Group","character"
"vic_alleged_offender_incidents",6,"Alleged Offender Incidents","integer"
"vic_alleged_offender_incidents",7,"Rate per 100,000 population 10 years and older","numeric"
"vic_alleged_offender_incidents",8,"Rate per 100,000 population 12 years and older","numeric"
"vic_criminal_incidents",1,"Year","integer"
"vic_criminal_incidents",2,"Year ending","character"
"vic_criminal_incidents",3,"Offence Division","character"
"vic_criminal_incidents",4,"Offence Subdivision","character"
"vic_criminal_incidents",5,"Offence Subgroup","character"
"vic_criminal_incidents",6,"Incidents Recorded","integer"
"vic_criminal_incidents",7,"Rate per 100,000 population","numeric"
"vic_family_incidents",1,"Year","integer"
"vic_family_incidents",2,"Year ending","character"
"vic_family_incidents",3,"Category","character"
"vic_family_incidents",4,"Outcome","character"
"vic_family_incidents",5,"Family Incident Count","integer"
"vic_family_incidents",6,"Rate per 100,000 population","numeric"
"vic_indigenous_family_incidents",1,"Year","integer"
"vic_indigenous_family_incidents",2,"Year ending","character"
"vic_indigenous_family_incidents",3,"AFM Sex","character"
"vic_indigenous_family_incidents",4,"AFM Age Group","character"
"vic_indigenous_family_incidents",5,"AFM Indigenous Status","character"
"vic_indigenous_family_incidents",6,"AFM Counter","integer"
"vic_indigenous_victim_reports",1,"Year","integer"
"vic_indigenous_victim_reports",2,"Year ending","character"
"vic_indigenous_victim_reports",3,"Offence Division","character"
"vic_indigenous_victim_reports",4,"Offence Subdivision","character"
"vic_indigenous_victim_reports",5,"Offence Group","character"
"vic_indigenous_victim_reports",6,"Indigenous Status","character"
"vic_indigenous_victim_reports",7,"Victim Reports","integer"
"vic_lga_criminal_incidents",1,"Year","integer"
"vic_lga_criminal_incidents",2,"Year ending","character"
"vic_lga_criminal_incidents",3,"Police Region","character"
"vic_lga_criminal_incidents",4,"Local Government Area","character"
"vic_lga_criminal_incidents",5,"Incidents Recorded","integer"
"vic_lga_criminal_incidents",6,"Rate per 100,000 population","numeric"
"vic_lga_family_incidents",1,"Year","integer"
"vic_lga_family_incidents",2,"Year ending","character"
"vic_lga_family_incidents",3,"Police Region","character"
"vic_lga_family_incidents",4,"Local Government Area","character"
"vic_lga_family_incidents",5,"Family Incidents","integer"
"vic_lga_family_incidents",6,"Rate per 100,000 population","numeric"
"vic_lga_victim_reports",1,"Year","integer"
"vic_lga_victim_reports",2,"Year ending","character"
"vic_lga_victim_reports",3,"Police Region","character"
"vic_lga_victim_reports",4,"Local Government Area","character"
"vic_lga_victim_reports",5,"Victim Reports","integer"
"vic_lga_victim_reports",6,"Rate per 100,000 population","numeric"
"vic_recorded_offences",1,"Year","integer"
"vic_recorded_offences",2,"Year ending","character"
"vic_recorded_offences",3,"Offence Division","character"
"vic_recorded_offences",4,"Offence Subdivision","character"
"vic_recorded_offences",5,"Offence Subgroup","character"
"vic_recorded_offences",6,"Offence Count","integer"
"vic_recorded_offences",7,"Rate per 100,000 population","numeric"
"vic_victim_reports",1,"Year","integer"
"vic_victim_reports",2,"Year ending","character"
"vic_victim_reports",3,"Offence Division","character"
"vic_victim_reports",4,"Offence Subdivision","character"
"vic_victim_reports",5,"Offence Group","character"
"vic_victim_reports",6,"Victim Reports","integer"
"vic_victim_reports",7,"Rate per 100,000 population","numeric"
"vpd_crime_sample",1,"TYPE","character"
"vpd_crime_sample",2,"YEAR","integer"
"vpd_crime_sample",3,"MONTH","integer"
"vpd_crime_sample",4,"DAY","integer"
"vpd_crime_sample",5,"HOUR","integer"
"vpd_crime_sample",6,"MINUTE","integer"
"vpd_crime_sample",7,"HUNDRED_BLOCK","character"
"vpd_crime_sample",8,"NEIGHBOURHOOD","character"
"vpd_crime_sample",9,"X","numeric"
"vpd_crime_sample",10,"Y","numeric"
