title,url,format,wayback_url,retrieved,source_page_url,license
"Injury and Trauma Emergency Department and Hospitalization Statistics, 2024–2025",https://www.cihi.ca/sites/default/files/document/injury-trauma-emergency-dept-hospitalizations-2024-2025-data-tables-en.xlsx,xlsx,,2026-07-18,https://www.cihi.ca/en/access-data-and-reports/data-tables,CIHI open data; see https://www.cihi.ca/en/terms-and-conditions-of-use
"Wait Times for Priority Procedures in Canada, 2008 to 2025 — Data Tables",https://www.cihi.ca/sites/default/files/document/wait-times-priority-procedures-in-canada-2008-2025-data-tables-en.xlsx,xlsx,https://web.archive.org/web/20260718153808/https://www.cihi.ca/sites/default/files/document/wait-times-priority-procedures-in-canada-2008-2025-data-tables-en.xlsx,2026-07-18,https://www.cihi.ca/en/access-data-and-reports/data-tables,CIHI open data; see https://www.cihi.ca/en/terms-and-conditions-of-use
"Health Workforce in Canada, 2024 — Quick Stats",https://www.cihi.ca/sites/default/files/document/health-workforce-quickstats-2024-data-tables-en.xlsx,xlsx,https://web.archive.org/web/20260226060325/https://www.cihi.ca/sites/default/files/document/health-workforce-quickstats-2024-data-tables-en.xlsx,2026-07-18,https://www.cihi.ca/en/access-data-and-reports/data-tables,CIHI open data; see https://www.cihi.ca/en/terms-and-conditions-of-use
"Summary Statistics on Organ Transplants, Wait-Lists, and Donors, 2025",https://www.cihi.ca/sites/default/files/document/summary-stats-organ-transplants-wait-lists-donors-data-tables-2025-en.xlsx,xlsx,https://web.archive.org/web/20260718153824/https://www.cihi.ca/sites/default/files/document/summary-stats-organ-transplants-wait-lists-donors-data-tables-2025-en.xlsx,2026-07-18,https://www.cihi.ca/en/access-data-and-reports/data-tables,CIHI open data; see https://www.cihi.ca/en/terms-and-conditions-of-use
"Hospital Beds, 2024–2025",https://www.cihi.ca/sites/default/files/document/hospital-beds-2024-2025-data-tables-en.xlsx,xlsx,https://web.archive.org/web/20260718164907/https://www.cihi.ca/sites/default/files/document/hospital-beds-2024-2025-data-tables-en.xlsx,2026-07-18,https://www.cihi.ca/en/access-data-and-reports/data-tables,CIHI open data; see https://www.cihi.ca/en/terms-and-conditions-of-use
Formulary Coverage in the Pharmaceutical Data Tool,https://www.cihi.ca/sites/default/files/document/formulary-coverage-data-tool-data-table-en.xlsx,xlsx,https://web.archive.org/web/20260508220441/https://www.cihi.ca/sites/default/files/document/formulary-coverage-data-tool-data-table-en.xlsx,2026-07-18,https://www.cihi.ca/en/access-data-and-reports/data-tables,CIHI open data; see https://www.cihi.ca/en/terms-and-conditions-of-use
How Canada Compares: Results From the Commonwealth Fund’s 2025 International Health Policy Survey of Primary Care Physicians in 10 Countries — Quick Stats,https://www.cihi.ca/sites/default/files/document/cmwf-2025-quick-stats-en.xlsx,xlsx,https://web.archive.org/web/20260718164921/https://www.cihi.ca/sites/default/files/document/cmwf-2025-quick-stats-en.xlsx,2026-07-18,https://www.cihi.ca/en/access-data-and-reports/data-tables,CIHI open data; see https://www.cihi.ca/en/terms-and-conditions-of-use
How Canada Compares: Results From the Commonwealth Fund’s 2025 International Health Policy Survey of Primary Care Physicians in 10 Countries — Data Tables,https://www.cihi.ca/sites/default/files/document/cmwf-2025-data-tables-en.xlsx,xlsx,https://web.archive.org/web/20260718164933/https://www.cihi.ca/sites/default/files/document/cmwf-2025-data-tables-en.xlsx,2026-07-18,https://www.cihi.ca/en/access-data-and-reports/data-tables,CIHI open data; see https://www.cihi.ca/en/terms-and-conditions-of-use
"NACRS Emergency Department Visits and Lengths of Stay by Province/Territory, 2025–2026 (Q1 to Q2) — Provisional Data",https://www.cihi.ca/sites/default/files/document/emergency-department-visits-apr-sep-2025-provisional-data-tables-en.xlsx,xlsx,https://web.archive.org/web/20260613200404/https://www.cihi.ca/sites/default/files/document/emergency-department-visits-apr-sep-2025-provisional-data-tables-en.xlsx,2026-07-18,https://www.cihi.ca/en/access-data-and-reports/data-tables,CIHI open data; see https://www.cihi.ca/en/terms-and-conditions-of-use
"Inpatient Hospitalization, Surgery and Newborn Statistics, 2024-2025",https://www.cihi.ca/sites/default/files/document/dad-hmdb-childbirth-2024-2025-data-tables-en.xlsx,xlsx,https://web.archive.org/web/20260520011829/https://www.cihi.ca/sites/default/files/document/dad-hmdb-childbirth-2024-2025-data-tables-en.xlsx,2026-07-18,https://www.cihi.ca/en/access-data-and-reports/data-tables,CIHI open data; see https://www.cihi.ca/en/terms-and-conditions-of-use
"Hospitalization and Childbirth, 1995–1996 to 2024-2025 — Supplementary Statistics",https://www.cihi.ca/sites/default/files/document/hospital-childbirth-1995-2024-supplementary-data-tables-en.xlsx,xlsx,https://web.archive.org/web/20260520011829/https://www.cihi.ca/sites/default/files/document/hospital-childbirth-1995-2024-supplementary-data-tables-en.xlsx,2026-07-18,https://www.cihi.ca/en/access-data-and-reports/data-tables,CIHI open data; see https://www.cihi.ca/en/terms-and-conditions-of-use
"Deceased Donation, Living Donation and Transplantation in Canada: Summary Volumes — Data Tables",https://www.cihi.ca/sites/default/files/document/deceased-and-living-donation-transplantation-canada-2024-data-tables-en.xlsx,xlsx,https://web.archive.org/web/20250903122954/https://www.cihi.ca/sites/default/files/document/deceased-and-living-donation-transplantation-canada-2024-data-tables-en.xlsx,2026-07-18,https://www.cihi.ca/en/access-data-and-reports/data-tables,CIHI open data; see https://www.cihi.ca/en/terms-and-conditions-of-use
"Adult Organ Donation and Transplantation, 2015 to 2024 — Supplementary Data Tables",https://www.cihi.ca/sites/default/files/document/adult-organ-donation-transplant-2015-2024-supplementary-data-tables-en.xlsx,xlsx,,2026-07-18,https://www.cihi.ca/en/access-data-and-reports/data-tables,CIHI open data; see https://www.cihi.ca/en/terms-and-conditions-of-use
"Pediatric Organ Donation and Transplantation, 2015 to 2024 — Supplementary Data Tables",https://www.cihi.ca/sites/default/files/document/pediatric-organ-donation-transplant-2015-2024-supplementary-data-tables-en.xlsx,xlsx,https://web.archive.org/web/20260718153922/https://www.cihi.ca/sites/default/files/document/pediatric-organ-donation-transplant-2015-2024-supplementary-data-tables-en.xlsx,2026-07-18,https://www.cihi.ca/en/access-data-and-reports/data-tables,CIHI open data; see https://www.cihi.ca/en/terms-and-conditions-of-use
"Canadian Organ Donation and Transplantation Data System (CanODT) Historical ODT Volumes, 1981 to 2024 — Data Tables",https://www.cihi.ca/sites/default/files/document/historical-odt-volumes-1981-2024-data-tables-en.xlsx,xlsx,https://web.archive.org/web/20260718154018/https://www.cihi.ca/sites/default/files/document/historical-odt-volumes-1981-2024-data-tables-en.xlsx,2026-07-18,https://www.cihi.ca/en/access-data-and-reports/data-tables,CIHI open data; see https://www.cihi.ca/en/terms-and-conditions-of-use
"Profile of Clients in Home Care, 2024–2025",https://www.cihi.ca/sites/default/files/document/home-care-quickstats-2024-2025-data-tables-en.xlsx,xlsx,https://web.archive.org/web/20260718154030/https://www.cihi.ca/sites/default/files/document/home-care-quickstats-2024-2025-data-tables-en.xlsx,2026-07-18,https://www.cihi.ca/en/access-data-and-reports/data-tables,CIHI open data; see https://www.cihi.ca/en/terms-and-conditions-of-use
"Treatment of End-Stage Organ Failure in Canada, Canadian Organ Replacement Register, 2015 to 2024: Dialysis and Pre-emptive Kidney Transplant — Data Tables",https://www.cihi.ca/sites/default/files/document/dialysis-and-preemptive-kidney-transplant-2015-2024-data-tables-en.xlsx,xlsx,https://web.archive.org/web/20260107080942/https://www.cihi.ca/sites/default/files/document/dialysis-and-preemptive-kidney-transplant-2015-2024-data-tables-en.xlsx,2026-07-18,https://www.cihi.ca/en/access-data-and-reports/data-tables,CIHI open data; see https://www.cihi.ca/en/terms-and-conditions-of-use
"DAD and NACRS Provisional Data Timeliness, 2025–2026 — Data Tables",https://www.cihi.ca/sites/default/files/document/dad-nacrs-provisional-data-timeliness-2025-2026-data-tables-en.xlsx,xlsx,https://web.archive.org/web/20250929200548/https://www.cihi.ca/sites/default/files/document/dad-nacrs-provisional-data-timeliness-2025-2026-data-tables-en.xlsx,2026-07-18,https://www.cihi.ca/en/access-data-and-reports/data-tables,CIHI open data; see https://www.cihi.ca/en/terms-and-conditions-of-use
"Spending Trends in Health Service Delivery, 2025 — Data Tables",https://www.cihi.ca/sites/default/files/document/spending-trends-health-service-delivery-2014-2023-data-tables-en.xlsx,xlsx,https://web.archive.org/web/20251127212939/https://www.cihi.ca/sites/default/files/document/spending-trends-health-service-delivery-2014-2023-data-tables-en.xlsx,2026-07-18,https://www.cihi.ca/en/access-data-and-reports/data-tables,CIHI open data; see https://www.cihi.ca/en/terms-and-conditions-of-use
"National Health Expenditure Trends, 2025: Data Tables — Series H",https://www.cihi.ca/sites/default/files/document/nhex-series-h-2025-en.xlsx,xlsx,https://web.archive.org/web/20251127201526/https://www.cihi.ca/sites/default/files/document/nhex-series-h-2025-en.xlsx,2026-07-18,https://www.cihi.ca/en/access-data-and-reports/data-tables,CIHI open data; see https://www.cihi.ca/en/terms-and-conditions-of-use
"National Health Expenditure Trends, 2025: Data Tables — Series D4",https://www.cihi.ca/sites/default/files/document/nhex-series-d4-2025-en.xlsx,xlsx,https://web.archive.org/web/20251127201112/https://www.cihi.ca/sites/default/files/document/nhex-series-d4-2025-en.xlsx,2026-07-18,https://www.cihi.ca/en/access-data-and-reports/data-tables,CIHI open data; see https://www.cihi.ca/en/terms-and-conditions-of-use
"National Health Expenditure Trends, 2025: Data Tables — Series G",https://www.cihi.ca/sites/default/files/document/nhex-series-g-2025-en.xlsx,xlsx,https://web.archive.org/web/20251127220847/https://www.cihi.ca/sites/default/files/document/nhex-series-g-2025-en.xlsx,2026-07-18,https://www.cihi.ca/en/access-data-and-reports/data-tables,CIHI open data; see https://www.cihi.ca/en/terms-and-conditions-of-use
"National Health Expenditure Trends, 2025: Data Tables — Series C",https://www.cihi.ca/sites/default/files/document/nhex-series-c-2025-en.xlsx,xlsx,https://web.archive.org/web/20251127201340/https://www.cihi.ca/sites/default/files/document/nhex-series-c-2025-en.xlsx,2026-07-18,https://www.cihi.ca/en/access-data-and-reports/data-tables,CIHI open data; see https://www.cihi.ca/en/terms-and-conditions-of-use
"National Health Expenditure Trends, 2025: Data Tables — Series D1",https://www.cihi.ca/sites/default/files/document/nhex-series-d1-2025-en.xlsx,xlsx,https://web.archive.org/web/20251127202636/https://www.cihi.ca/sites/default/files/document/nhex-series-d1-2025-en.xlsx,2026-07-18,https://www.cihi.ca/en/access-data-and-reports/data-tables,CIHI open data; see https://www.cihi.ca/en/terms-and-conditions-of-use
"National Health Expenditure Trends, 2025: Data Tables — Series E",https://www.cihi.ca/sites/default/files/document/nhex-series-e-2025-en.zip,zip,https://web.archive.org/web/20260718165051/https://www.cihi.ca/sites/default/files/document/nhex-series-e-2025-en.zip,2026-07-18,https://www.cihi.ca/en/access-data-and-reports/data-tables,CIHI open data; see https://www.cihi.ca/en/terms-and-conditions-of-use
"National Health Expenditure Trends, 2025: Data Tables — Appendices A to D",https://www.cihi.ca/sites/default/files/document/nhex-appendices-a-d-2025-en.xlsx,xlsx,https://web.archive.org/web/20251128174850/https://www.cihi.ca/sites/default/files/document/nhex-appendices-a-d-2025-en.xlsx,2026-07-18,https://www.cihi.ca/en/access-data-and-reports/data-tables,CIHI open data; see https://www.cihi.ca/en/terms-and-conditions-of-use
"National Health Expenditure Trends, 2025: Data Tables — Series D3",https://www.cihi.ca/sites/default/files/document/nhex-series-d3-2025-en.xlsx,xlsx,https://web.archive.org/web/20251127231434/https://www.cihi.ca/sites/default/files/document/nhex-series-d3-2025-en.xlsx,2026-07-18,https://www.cihi.ca/en/access-data-and-reports/data-tables,CIHI open data; see https://www.cihi.ca/en/terms-and-conditions-of-use
"National Health Expenditure Trends, 2025: Data Tables — Series A",https://www.cihi.ca/sites/default/files/document/nhex-series-a-2025-en.xlsx,xlsx,https://web.archive.org/web/20251130152158/https://www.cihi.ca/sites/default/files/document/nhex-series-a-2025-en.xlsx,2026-07-18,https://www.cihi.ca/en/access-data-and-reports/data-tables,CIHI open data; see https://www.cihi.ca/en/terms-and-conditions-of-use
"National Health Expenditure Trends, 2025: Data Tables — Series B",https://www.cihi.ca/sites/default/files/document/nhex-series-b-2025-en.xlsx,xlsx,https://web.archive.org/web/20251127204407/https://www.cihi.ca/sites/default/files/document/nhex-series-b-2025-en.xlsx,2026-07-18,https://www.cihi.ca/en/access-data-and-reports/data-tables,CIHI open data; see https://www.cihi.ca/en/terms-and-conditions-of-use
"National Health Expenditure Trends, 2025: Data Tables — Series D2",https://www.cihi.ca/sites/default/files/document/nhex-series-d2-2025-en.xlsx,xlsx,https://web.archive.org/web/20251127213624/https://www.cihi.ca/sites/default/files/document/nhex-series-d2-2025-en.xlsx,2026-07-18,https://www.cihi.ca/en/access-data-and-reports/data-tables,CIHI open data; see https://www.cihi.ca/en/terms-and-conditions-of-use
"National Health Expenditure Trends, 2025: Data Tables — Series F",https://www.cihi.ca/sites/default/files/document/nhex-series-f-2025-en.xlsx,xlsx,https://web.archive.org/web/20251127215907/https://www.cihi.ca/sites/default/files/document/nhex-series-f-2025-en.xlsx,2026-07-18,https://www.cihi.ca/en/access-data-and-reports/data-tables,CIHI open data; see https://www.cihi.ca/en/terms-and-conditions-of-use
"National Health Expenditure Trends, 2025 — Open Data",https://www.cihi.ca/sites/default/files/document/nhex-open-data-2025-en.xlsx,xlsx,https://web.archive.org/web/20251127202915/https://www.cihi.ca/sites/default/files/document/nhex-open-data-2025-en.xlsx,2026-07-18,https://www.cihi.ca/en/access-data-and-reports/data-tables,CIHI open data; see https://www.cihi.ca/en/terms-and-conditions-of-use
"Pharmacists in Canada, 2024 — Data Tables",https://www.cihi.ca/sites/default/files/document/pharmacists-in-canada-2015-2024-data-tables-en.xlsx,xlsx,,2026-07-18,https://www.cihi.ca/en/access-data-and-reports/data-tables,CIHI open data; see https://www.cihi.ca/en/terms-and-conditions-of-use
"Physiotherapists in Canada, 2024 — Data Tables",https://www.cihi.ca/sites/default/files/document/physiotherapists-in-canada-2015-2024-data-tables-en.xlsx,xlsx,https://web.archive.org/web/20260718154306/https://www.cihi.ca/sites/default/files/document/physiotherapists-in-canada-2015-2024-data-tables-en.xlsx,2026-07-18,https://www.cihi.ca/en/access-data-and-reports/data-tables,CIHI open data; see https://www.cihi.ca/en/terms-and-conditions-of-use
"Occupational Therapists in Canada, 2024 — Data Tables",https://www.cihi.ca/sites/default/files/document/occupational-therapists-in-canada-2024-data-tables-en.xlsx,xlsx,https://web.archive.org/web/20251211172611/https://www.cihi.ca/sites/default/files/document/occupational-therapists-in-canada-2024-data-tables-en.xlsx,2026-07-18,https://www.cihi.ca/en/access-data-and-reports/data-tables,CIHI open data; see https://www.cihi.ca/en/terms-and-conditions-of-use
"National Physician Database Historical Payments, 1996-2023 — Data Tables",https://www.cihi.ca/sites/default/files/document/npdb-historical-payments-1999-2023-data-tables-en.xlsx,xlsx,https://web.archive.org/web/20260718165135/https://www.cihi.ca/sites/default/files/document/npdb-historical-payments-1999-2023-data-tables-en.xlsx,2026-07-18,https://www.cihi.ca/en/access-data-and-reports/data-tables,CIHI open data; see https://www.cihi.ca/en/terms-and-conditions-of-use
"National Physician Database — Payments Data, 2023–2024",https://www.cihi.ca/sites/default/files/document/npdb-payments-data-tables-2023-en.xlsx,xlsx,https://web.archive.org/web/20251123224228/https://www.cihi.ca/sites/default/files/document/npdb-payments-data-tables-2023-en.xlsx,2026-07-18,https://www.cihi.ca/en/access-data-and-reports/data-tables,CIHI open data; see https://www.cihi.ca/en/terms-and-conditions-of-use
"National Physician Database Historical Utilization, 1996 to 2013 — Data Tables",https://www.cihi.ca/sites/default/files/document/npdb-historical-utilization-1996-2013-data-tables-en.xlsx,xlsx,https://web.archive.org/web/20260718154338/https://www.cihi.ca/sites/default/files/document/npdb-historical-utilization-1996-2013-data-tables-en.xlsx,2026-07-18,https://www.cihi.ca/en/access-data-and-reports/data-tables,CIHI open data; see https://www.cihi.ca/en/terms-and-conditions-of-use
"National Physician Database — Utilization Data, 2023–2024",https://www.cihi.ca/sites/default/files/document/npdb-utilization-data-tables-2023-en.xlsx,xlsx,https://web.archive.org/web/20251123224208/https://www.cihi.ca/sites/default/files/document/npdb-utilization-data-tables-2023-en.xlsx,2026-07-18,https://www.cihi.ca/en/access-data-and-reports/data-tables,CIHI open data; see https://www.cihi.ca/en/terms-and-conditions-of-use
"National Physician Database Historical Utilization, 2014-2023 — Data Tables",https://www.cihi.ca/sites/default/files/document/npdb-historical-utilization-2014-2023-data-tables-en.xlsx,xlsx,https://web.archive.org/web/20260718165252/https://www.cihi.ca/sites/default/files/document/npdb-historical-utilization-2014-2023-data-tables-en.xlsx,2026-07-18,https://www.cihi.ca/en/access-data-and-reports/data-tables,CIHI open data; see https://www.cihi.ca/en/terms-and-conditions-of-use
"Supply, Distribution and Migration of Physicians in Canada, 2024 — Data Tables",https://www.cihi.ca/sites/default/files/document/supply-distribution-migration-physicians-in-canada-2024-data-tables-en.xlsx,xlsx,https://web.archive.org/web/20251211143948/https://www.cihi.ca/sites/default/files/document/supply-distribution-migration-physicians-in-canada-2024-data-tables-en.xlsx,2026-07-18,https://www.cihi.ca/en/access-data-and-reports/data-tables,CIHI open data; see https://www.cihi.ca/en/terms-and-conditions-of-use
"Supply, Distribution and Migration of Physicians in Canada, 2001-2024 — Historical Data",https://www.cihi.ca/sites/default/files/document/supply-distribution-migration-physicians-in-canada-2001-2024-data-tables-en.xlsx,xlsx,https://web.archive.org/web/20260115185704/https://www.cihi.ca/sites/default/files/document/supply-distribution-migration-physicians-in-canada-2001-2024-data-tables-en.xlsx,2026-07-18,https://www.cihi.ca/en/access-data-and-reports/data-tables,CIHI open data; see https://www.cihi.ca/en/terms-and-conditions-of-use
"Supply, Distribution and Migration of Physicians in Canada, 1971-2000 — Historical Data",https://www.cihi.ca/sites/default/files/document/supply-distribution-migration-physicians-in-canada-1971-2000-data-tables-en.xlsx,xlsx,https://web.archive.org/web/20260115191014/https://www.cihi.ca/sites/default/files/document/supply-distribution-migration-physicians-in-canada-1971-2000-data-tables-en.xlsx,2026-07-18,https://www.cihi.ca/en/access-data-and-reports/data-tables,CIHI open data; see https://www.cihi.ca/en/terms-and-conditions-of-use
"Personal Support Workers in Alberta, 2024 — Data Tables",https://www.cihi.ca/sites/default/files/document/personal-support-workers-in-alberta-2024-data-tables-en.xlsx,xlsx,https://web.archive.org/web/20260718154416/https://www.cihi.ca/sites/default/files/document/personal-support-workers-in-alberta-2024-data-tables-en.xlsx,2026-07-18,https://www.cihi.ca/en/access-data-and-reports/data-tables,CIHI open data; see https://www.cihi.ca/en/terms-and-conditions-of-use
"Profile of Residents in Residential and Hospital-Based Continuing Care, 2024–2025",https://www.cihi.ca/sites/default/files/document/residential-hospital-based-continuing-care-ltc-quick-stats-2024-2025-en.xlsx,xlsx,https://web.archive.org/web/20251127213421/https://www.cihi.ca/sites/default/files/document/residential-hospital-based-continuing-care-ltc-quick-stats-2024-2025-en.xlsx,2026-07-18,https://www.cihi.ca/en/access-data-and-reports/data-tables,CIHI open data; see https://www.cihi.ca/en/terms-and-conditions-of-use
"NACRS Emergency Department Visits and Lengths of Stay by Province/Territory, 2024–2025 (Q1 to Q4)",https://www.cihi.ca/sites/default/files/document/emergency-department-visits-apr-2024-mar-2025-data-tables-en.xlsx,xlsx,https://web.archive.org/web/20260613200759/https://www.cihi.ca/sites/default/files/document/emergency-department-visits-apr-2024-mar-2025-data-tables-en.xlsx,2026-07-18,https://www.cihi.ca/en/access-data-and-reports/data-tables,CIHI open data; see https://www.cihi.ca/en/terms-and-conditions-of-use
CIHI Mental Health and Substance Use Diagnosis Code Groupings for Selected Indicators,https://www.cihi.ca/sites/default/files/document/mental-health-substance-use-diagnosis-code-groupings-en.xlsx,xlsx,https://web.archive.org/web/20230628112313/https://www.cihi.ca/sites/default/files/document/mental-health-substance-use-diagnosis-code-groupings-en.xlsx,2026-07-18,https://www.cihi.ca/en/access-data-and-reports/data-tables,CIHI open data; see https://www.cihi.ca/en/terms-and-conditions-of-use
"Cost of a Standard Day in Long-Term Care, 2019–2020 to 2023–2024",https://www.cihi.ca/system/files/document/cost-standard-day-in-long-term-care-2019-2023-data-tables-en.xlsx,xlsx,,2026-07-18,https://www.cihi.ca/en/access-data-and-reports/data-tables,CIHI open data; see https://www.cihi.ca/en/terms-and-conditions-of-use
"Nursing in Canada, 2024 — Data Tables",https://www.cihi.ca/sites/default/files/document/nursing-in-canada-2015-2024-data-tables-en.xlsx,xlsx,https://web.archive.org/web/20250823011558/https://www.cihi.ca/sites/default/files/document/nursing-in-canada-2015-2024-data-tables-en.xlsx,2026-07-18,https://www.cihi.ca/en/access-data-and-reports/data-tables,CIHI open data; see https://www.cihi.ca/en/terms-and-conditions-of-use
"Injury and Trauma Emergency Department and Hospitalization Statistics, 2023–2024",https://www.cihi.ca/sites/default/files/document/injury-trauma-emergency-dept-hospitalizations-2023-2024-data-tables-en.xlsx,xlsx,https://web.archive.org/web/20250823022205/https://www.cihi.ca/sites/default/files/document/injury-trauma-emergency-dept-hospitalizations-2023-2024-data-tables-en.xlsx,2026-07-18,https://www.cihi.ca/en/access-data-and-reports/data-tables,CIHI open data; see https://www.cihi.ca/en/terms-and-conditions-of-use
"Injury and Trauma Emergency Department and Hospitalization Statistics, 2022–2023",https://www.cihi.ca/sites/default/files/document/injury-trauma-emergency-dept-hospitalizations-2022-2023-data-tables-en.xlsx,xlsx,https://web.archive.org/web/20250823022219/https://www.cihi.ca/sites/default/files/document/injury-trauma-emergency-dept-hospitalizations-2022-2023-data-tables-en.xlsx,2026-07-18,https://www.cihi.ca/en/access-data-and-reports/data-tables,CIHI open data; see https://www.cihi.ca/en/terms-and-conditions-of-use
How Canada Compares: Results From the Commonwealth Fund’s 2024 International Health Policy Survey of Older Adults in 10 Countries — Data tables,https://www.cihi.ca/sites/default/files/document/cmwf-2024-data-tables-en.xlsx,xlsx,https://web.archive.org/web/20250928052135/https://www.cihi.ca/sites/default/files/document/cmwf-2024-data-tables-en.xlsx,2026-07-18,https://www.cihi.ca/en/access-data-and-reports/data-tables,CIHI open data; see https://www.cihi.ca/en/terms-and-conditions-of-use
"Health Workforce in Canada, 2023 — Quick Stats",https://www.cihi.ca/sites/default/files/document/health-workforce-quickstats-2023-data-tables-en.xlsx,xlsx,https://web.archive.org/web/20250823011612/https://www.cihi.ca/sites/default/files/document/health-workforce-quickstats-2023-data-tables-en.xlsx,2026-07-18,https://www.cihi.ca/en/access-data-and-reports/data-tables,CIHI open data; see https://www.cihi.ca/en/terms-and-conditions-of-use
How Canada Compares: Results From the Commonwealth Fund’s 2024 International Health Policy Survey of Older Adults in 10 Countries — Quick Stats,https://www.cihi.ca/sites/default/files/document/cmwf-2024-quick-stats-en.xlsx,xlsx,https://web.archive.org/web/20250925220154/https://www.cihi.ca/sites/default/files/document/cmwf-2024-quick-stats-en.xlsx,2026-07-18,https://www.cihi.ca/en/access-data-and-reports/data-tables,CIHI open data; see https://www.cihi.ca/en/terms-and-conditions-of-use
"Health Workforce in Canada, 2019 to 2023: Overview — Data Tables",https://www.cihi.ca/sites/default/files/document/health-workforce-canada-2019-2023-overview-data-tables-en.xlsx,xlsx,https://web.archive.org/web/20250823011634/https://www.cihi.ca/sites/default/files/document/health-workforce-canada-2019-2023-overview-data-tables-en.xlsx,2026-07-18,https://www.cihi.ca/en/access-data-and-reports/data-tables,CIHI open data; see https://www.cihi.ca/en/terms-and-conditions-of-use
"Wait Times for Priority Procedures in Canada, 2008 to 2024 — Data Tables",https://www.cihi.ca/sites/default/files/document/wait-times-priority-procedures-in-canada-2025-data-tables-en.xlsx,xlsx,https://web.archive.org/web/20251201085142/https://www.cihi.ca/sites/default/files/document/wait-times-priority-procedures-in-canada-2025-data-tables-en.xlsx,2026-07-18,https://www.cihi.ca/en/access-data-and-reports/data-tables,CIHI open data; see https://www.cihi.ca/en/terms-and-conditions-of-use
"Summary Statistics on Organ Transplants, Wait-Lists, and Donors, 2024",https://www.cihi.ca/sites/default/files/document/corr-transplant-wait-list-donor-stats-2024-data-tables-en.xlsx,xlsx,https://web.archive.org/web/20260718154452/https://www.cihi.ca/sites/default/files/document/corr-transplant-wait-list-donor-stats-2024-data-tables-en.xlsx,2026-07-18,https://www.cihi.ca/en/access-data-and-reports/data-tables,CIHI open data; see https://www.cihi.ca/en/terms-and-conditions-of-use
"Inpatient Hospitalization, Surgery and Newborn Statistics, 2023-2024",https://www.cihi.ca/sites/default/files/document/dad-hmdb-childbirth-2023-2024-data-tables-en.xlsx,xlsx,https://web.archive.org/web/20260109174012/https://www.cihi.ca/sites/default/files/document/dad-hmdb-childbirth-2023-2024-data-tables-en.xlsx,2026-07-18,https://www.cihi.ca/en/access-data-and-reports/data-tables,CIHI open data; see https://www.cihi.ca/en/terms-and-conditions-of-use
"Hospital Beds Staffed and In Operation, 2023–2024",https://www.cihi.ca/sites/default/files/document/beds-staffed-and-in-operation-2023-2024-data-tables-en.xlsx,xlsx,https://web.archive.org/web/20251127190118/https://www.cihi.ca/sites/default/files/document/beds-staffed-and-in-operation-2023-2024-data-tables-en.xlsx,2026-07-18,https://www.cihi.ca/en/access-data-and-reports/data-tables,CIHI open data; see https://www.cihi.ca/en/terms-and-conditions-of-use
Care for Children and Youth With Mental Disorders — Data Tables,https://www.cihi.ca/sites/default/files/document/care-children-youth-with-mental-disorders-data-tables-en.xlsx,xlsx,https://web.archive.org/web/20250504001959/https://www.cihi.ca/sites/default/files/document/care-children-youth-with-mental-disorders-data-tables-en.xlsx,2026-07-18,https://www.cihi.ca/en/access-data-and-reports/data-tables,CIHI open data; see https://www.cihi.ca/en/terms-and-conditions-of-use
Induced Abortions Reported in Canada — Annual data tables,https://www.cihi.ca/sites/default/files/document/induced-abortions-canada-annual-data-tables-en.zip,zip,https://web.archive.org/web/20260520020737/https://www.cihi.ca/sites/default/files/document/induced-abortions-canada-annual-data-tables-en.zip,2026-07-18,https://www.cihi.ca/en/access-data-and-reports/data-tables,CIHI open data; see https://www.cihi.ca/en/terms-and-conditions-of-use
Induced Abortions Reported in Canada in 2023,https://www.cihi.ca/sites/default/files/document/induced-abortions-reported-in-canada-2023-data-tables-en.xlsx,xlsx,https://web.archive.org/web/20260520020737/https://www.cihi.ca/sites/default/files/document/induced-abortions-reported-in-canada-2023-data-tables-en.xlsx,2026-07-18,https://www.cihi.ca/en/access-data-and-reports/data-tables,CIHI open data; see https://www.cihi.ca/en/terms-and-conditions-of-use
"Profile of Clients in Home Care, 2023–2024",https://www.cihi.ca/sites/default/files/document/home-care-quickstats-2023-2024-data-tables-en.xlsx,xlsx,https://web.archive.org/web/20260718165344/https://www.cihi.ca/sites/default/files/document/home-care-quickstats-2023-2024-data-tables-en.xlsx,2026-07-18,https://www.cihi.ca/en/access-data-and-reports/data-tables,CIHI open data; see https://www.cihi.ca/en/terms-and-conditions-of-use
"Hospitalization and Childbirth, 1995–1996 to 2023-2024 — Supplementary Statistics",https://www.cihi.ca/sites/default/files/document/hospital-childbirth-1995-2023-supplementary-data-tables-en.xlsx,xlsx,https://web.archive.org/web/20250901081430/https://www.cihi.ca/sites/default/files/document/hospital-childbirth-1995-2023-supplementary-data-tables-en.xlsx,2026-07-18,https://www.cihi.ca/en/access-data-and-reports/data-tables,CIHI open data; see https://www.cihi.ca/en/terms-and-conditions-of-use
Prescribed Drug Spending in the Pharmaceutical Data Tool,https://www.cihi.ca/sites/default/files/document/prescribed-drug-spending-pharm-data-tool-data-tables-en.xlsx,xlsx,https://web.archive.org/web/20250814173642/https://www.cihi.ca/sites/default/files/document/prescribed-drug-spending-pharm-data-tool-data-tables-en.xlsx,2026-07-18,https://www.cihi.ca/en/access-data-and-reports/data-tables,CIHI open data; see https://www.cihi.ca/en/terms-and-conditions-of-use
Prescribed Drug Use Among Seniors in the Pharmaceutical Data Tool,https://www.cihi.ca/sites/default/files/document/prescribed-drug-use-seniors-pharm-data-tool-data-tables-en.xlsx,xlsx,https://web.archive.org/web/20250820105350/https://www.cihi.ca/sites/default/files/document/prescribed-drug-use-seniors-pharm-data-tool-data-tables-en.xlsx,2026-07-18,https://www.cihi.ca/en/access-data-and-reports/data-tables,CIHI open data; see https://www.cihi.ca/en/terms-and-conditions-of-use
Spending on High-Cost Drugs in the Pharmaceutical Data Tool,https://www.cihi.ca/sites/default/files/document/spending-high-cost-drugs-pharm-data-tool-data-tables-en.xlsx,xlsx,https://web.archive.org/web/20250820105411/https://www.cihi.ca/sites/default/files/document/spending-high-cost-drugs-pharm-data-tool-data-tables-en.xlsx,2026-07-18,https://www.cihi.ca/en/access-data-and-reports/data-tables,CIHI open data; see https://www.cihi.ca/en/terms-and-conditions-of-use
Spending on Biologic Drugs in the Pharmaceutical Data Tool,https://www.cihi.ca/sites/default/files/document/spending-biologic-drugs-pharm-data-tool-data-tables-en.xlsx,xlsx,https://web.archive.org/web/20250820105425/https://www.cihi.ca/sites/default/files/document/spending-biologic-drugs-pharm-data-tool-data-tables-en.xlsx,2026-07-18,https://www.cihi.ca/en/access-data-and-reports/data-tables,CIHI open data; see https://www.cihi.ca/en/terms-and-conditions-of-use
Drug Programs in the Pharmaceutical Data Tool,https://www.cihi.ca/sites/default/files/document/drug-program-data-tables-en.xlsx,xlsx,https://web.archive.org/web/20250820105437/https://www.cihi.ca/sites/default/files/document/drug-program-data-tables-en.xlsx,2026-07-18,https://www.cihi.ca/en/access-data-and-reports/data-tables,CIHI open data; see https://www.cihi.ca/en/terms-and-conditions-of-use
Reimbursement Policies in the Pharmaceutical Data Tool,https://www.cihi.ca/sites/default/files/document/reimbursement-policies-data-tables-en.xlsx,xlsx,https://web.archive.org/web/20260508220441/https://www.cihi.ca/sites/default/files/document/reimbursement-policies-data-tables-en.xlsx,2026-07-18,https://www.cihi.ca/en/access-data-and-reports/data-tables,CIHI open data; see https://www.cihi.ca/en/terms-and-conditions-of-use
Markup Policies in the Pharmaceutical Data Tool,https://www.cihi.ca/sites/default/files/document/markup-policies-data-tables-en.xlsx,xlsx,https://web.archive.org/web/20250830020744/https://www.cihi.ca/sites/default/files/document/markup-policies-data-tables-en.xlsx,2026-07-18,https://www.cihi.ca/en/access-data-and-reports/data-tables,CIHI open data; see https://www.cihi.ca/en/terms-and-conditions-of-use
Professional Fees in the Pharmaceutical Data Tool,https://www.cihi.ca/sites/default/files/document/professional-fees-data-tables-en.xlsx,xlsx,https://web.archive.org/web/20250830020759/https://www.cihi.ca/sites/default/files/document/professional-fees-data-tables-en.xlsx,2026-07-18,https://www.cihi.ca/en/access-data-and-reports/data-tables,CIHI open data; see https://www.cihi.ca/en/terms-and-conditions-of-use
Travel Burden for Hospital Care in Canada — Data Tables,https://www.cihi.ca/sites/default/files/document/travel-burden-hospital-care-canada-data-tables-en.xlsx,xlsx,https://web.archive.org/web/20251229203010/https://www.cihi.ca/sites/default/files/document/travel-burden-hospital-care-canada-data-tables-en.xlsx,2026-07-18,https://www.cihi.ca/en/access-data-and-reports/data-tables,CIHI open data; see https://www.cihi.ca/en/terms-and-conditions-of-use
Impact of Trikafta on Individuals Living With Cystic Fibrosis — Data Tables,https://www.cihi.ca/sites/default/files/document/impact-of-trikafta-on-individuals-living-with-cystic-fibrosis-data-tables-en.xlsx,xlsx,https://web.archive.org/web/20250820094708/https://www.cihi.ca/sites/default/files/document/impact-of-trikafta-on-individuals-living-with-cystic-fibrosis-data-tables-en.xlsx,2026-07-18,https://www.cihi.ca/en/access-data-and-reports/data-tables,CIHI open data; see https://www.cihi.ca/en/terms-and-conditions-of-use
Huntington Disease in Canada — Data Tables,https://www.cihi.ca/sites/default/files/document/huntington-disease-in-canada-data-tables-en.xlsx,xlsx,https://web.archive.org/web/20241121130516/https://www.cihi.ca/sites/default/files/document/huntington-disease-in-canada-data-tables-en.xlsx,2026-07-18,https://www.cihi.ca/en/access-data-and-reports/data-tables,CIHI open data; see https://www.cihi.ca/en/terms-and-conditions-of-use
"Trends in Hospital Spending, 2009–2010 to 2022–2023 — Data Tables — Series D: Beds Staffed and In Operation by Functional Centre",https://www.cihi.ca/sites/default/files/document/hospital-spending-series-d-2009-2022-data-tables-en.xlsx,xlsx,https://web.archive.org/web/20251127182917/https://www.cihi.ca/sites/default/files/document/hospital-spending-series-d-2009-2022-data-tables-en.xlsx,2026-07-18,https://www.cihi.ca/en/access-data-and-reports/data-tables,CIHI open data; see https://www.cihi.ca/en/terms-and-conditions-of-use
"Pharmacists in Canada, 2023 — Data Tables",https://www.cihi.ca/sites/default/files/document/pharmacists-in-canada-2014-2023-data-tables-en.xlsx,xlsx,,2026-07-18,https://www.cihi.ca/en/access-data-and-reports/data-tables,CIHI open data; see https://www.cihi.ca/en/terms-and-conditions-of-use
"Physiotherapists in Canada, 2023 — Data Tables",https://www.cihi.ca/sites/default/files/document/physiotherapists-in-canada-2014-2023-data-tables-en.xlsx,xlsx,https://web.archive.org/web/20241101034217/https://www.cihi.ca/sites/default/files/document/physiotherapists-in-canada-2014-2023-data-tables-en.xlsx,2026-07-18,https://www.cihi.ca/en/access-data-and-reports/data-tables,CIHI open data; see https://www.cihi.ca/en/terms-and-conditions-of-use
"Occupational Therapists in Canada, 2023 — Data Tables",https://www.cihi.ca/sites/default/files/document/occupational-therapists-in-canada-2014-2023-data-tables-en.xlsx,xlsx,https://web.archive.org/web/20241112131243/https://www.cihi.ca/sites/default/files/document/occupational-therapists-in-canada-2014-2023-data-tables-en.xlsx,2026-07-18,https://www.cihi.ca/en/access-data-and-reports/data-tables,CIHI open data; see https://www.cihi.ca/en/terms-and-conditions-of-use
Applying an Equity Lens to Patient Safety — Data Tables,https://www.cihi.ca/sites/default/files/document/applying-equity-lens-patient-safety-data-tables-en.xlsx,xlsx,,2026-07-18,https://www.cihi.ca/en/access-data-and-reports/data-tables,CIHI open data; see https://www.cihi.ca/en/terms-and-conditions-of-use
National Physician Database (NPDB) 2023,https://www.cihi.ca/sites/default/files/document/npdb-data-tables-2022-en.zip,zip,https://web.archive.org/web/20250830005703/https://www.cihi.ca/sites/default/files/document/npdb-data-tables-2022-en.zip,2026-07-18,https://www.cihi.ca/en/access-data-and-reports/data-tables,CIHI open data; see https://www.cihi.ca/en/terms-and-conditions-of-use
Scott's Medical Database (SMDB),https://www.cihi.ca/sites/default/files/document/supply-distribution-migration-physicians-2023-data-tables-en.zip,zip,https://web.archive.org/web/20260115131906/https://www.cihi.ca/sites/default/files/document/supply-distribution-migration-physicians-2023-data-tables-en.zip,2026-07-18,https://www.cihi.ca/en/access-data-and-reports/data-tables,CIHI open data; see https://www.cihi.ca/en/terms-and-conditions-of-use
Equity in Diabetes Care: A Focus on Lower Limb Amputation — Data Tables,https://www.cihi.ca/sites/default/files/document/equity-in-diabetes-care-in-canada-data-tables-en.xlsx,xlsx,https://web.archive.org/web/20250929185254/https://www.cihi.ca/sites/default/files/document/equity-in-diabetes-care-in-canada-data-tables-en.xlsx,2026-07-18,https://www.cihi.ca/en/access-data-and-reports/data-tables,CIHI open data; see https://www.cihi.ca/en/terms-and-conditions-of-use
"Profile of Residents in Residential and Hospital-Based Continuing Care, 2023–2024",https://www.cihi.ca/sites/default/files/document/residential-hospital-based-continuing-care-ltc-quick-stats-2023-2024-en.xlsx,xlsx,https://web.archive.org/web/20250929192415/https://www.cihi.ca/sites/default/files/document/residential-hospital-based-continuing-care-ltc-quick-stats-2023-2024-en.xlsx,2026-07-18,https://www.cihi.ca/en/access-data-and-reports/data-tables,CIHI open data; see https://www.cihi.ca/en/terms-and-conditions-of-use
"NACRS Emergency Department Visits and Lengths of Stay by Province/Territory, 2023–2024 (Q1 to Q4)",https://www.cihi.ca/sites/default/files/document/emergency-department-visits-apr-2023-mar-2024-data-tables-en.xlsx,xlsx,https://web.archive.org/web/20250901092933/https://www.cihi.ca/sites/default/files/document/emergency-department-visits-apr-2023-mar-2024-data-tables-en.xlsx,2026-07-18,https://www.cihi.ca/en/access-data-and-reports/data-tables,CIHI open data; see https://www.cihi.ca/en/terms-and-conditions-of-use
"Nursing in Canada, 2023 — Data Tables",https://www.cihi.ca/sites/default/files/document/nursing-in-canada-2014-2023-data-tables-en.xlsx,xlsx,https://web.archive.org/web/20250414230014/https://www.cihi.ca/sites/default/files/document/nursing-in-canada-2014-2023-data-tables-en.xlsx,2026-07-18,https://www.cihi.ca/en/access-data-and-reports/data-tables,CIHI open data; see https://www.cihi.ca/en/terms-and-conditions-of-use
"Health Workforce in Canada, 2022 — Data Tables",https://www.cihi.ca/sites/default/files/document/health-workforce-quickstats-2022-data-tables-en.xlsx,xlsx,https://web.archive.org/web/20240826025306/https://www.cihi.ca/sites/default/files/document/health-workforce-quickstats-2022-data-tables-en.xlsx,2026-07-18,https://www.cihi.ca/en/access-data-and-reports/data-tables,CIHI open data; see https://www.cihi.ca/en/terms-and-conditions-of-use
"Profile of Residents in Residential and Hospital-Based Continuing Care, 2022–2023",https://www.cihi.ca/sites/default/files/document/residential-hospital-based-continuing-care-ltc-quick-stats-2022-2023-data-tables-en.xlsx,xlsx,,2026-07-18,https://www.cihi.ca/en/access-data-and-reports/data-tables,CIHI open data; see https://www.cihi.ca/en/terms-and-conditions-of-use
"COVID-19 Hospitalization and Emergency Department Statistics, 2022–2023: Update",https://www.cihi.ca/sites/default/files/document/covid-19-hospitalization-emergency-department-statistics-apr-2022-mar-2023-en.xlsx,xlsx,https://web.archive.org/web/20240829051738/https://www.cihi.ca/sites/default/files/document/covid-19-hospitalization-emergency-department-statistics-apr-2022-mar-2023-en.xlsx,2026-07-18,https://www.cihi.ca/en/access-data-and-reports/data-tables,CIHI open data; see https://www.cihi.ca/en/terms-and-conditions-of-use
COVID-19 hospitalization and emergency department statistics - Annual Data Tables,https://www.cihi.ca/sites/default/files/document/covid-19-hospitalization-emergency-department-statistics-2019-2022-en.zip,zip,https://web.archive.org/web/20251119042223/https://www.cihi.ca/sites/default/files/document/covid-19-hospitalization-emergency-department-statistics-2019-2022-en.zip,2026-07-18,https://www.cihi.ca/en/access-data-and-reports/data-tables,CIHI open data; see https://www.cihi.ca/en/terms-and-conditions-of-use
Using Patient-Reported Data to Better Assess Quality of Care for Hip and Knee Replacements — Supplementary Data Tables,https://www.cihi.ca/sites/default/files/document/using-patient-reported-data-to-assess-quality-of-care-data-tables-en.xlsx,xlsx,https://web.archive.org/web/20250929190732/https://www.cihi.ca/sites/default/files/document/using-patient-reported-data-to-assess-quality-of-care-data-tables-en.xlsx,2026-07-18,https://www.cihi.ca/en/access-data-and-reports/data-tables,CIHI open data; see https://www.cihi.ca/en/terms-and-conditions-of-use
"Hospital Beds Staffed and In Operation, 2022–2023",https://www.cihi.ca/sites/default/files/document/beds-staffed-and-in-operation-2022-2023-data-tables-en.xlsx,xlsx,https://web.archive.org/web/20250607110234/https://www.cihi.ca/sites/default/files/document/beds-staffed-and-in-operation-2022-2023-data-tables-en.xlsx,2026-07-18,https://www.cihi.ca/en/access-data-and-reports/data-tables,CIHI open data; see https://www.cihi.ca/en/terms-and-conditions-of-use
"Demographic and Hospital Use Statistics for Patients Experiencing Homelessness, 2022–2023",https://www.cihi.ca/sites/default/files/document/demographic-hospital-use-stats-patients-experiencing-homelessness-data-tables-en.xlsx,xlsx,https://web.archive.org/web/20240515222950/https://www.cihi.ca/sites/default/files/document/demographic-hospital-use-stats-patients-experiencing-homelessness-data-tables-en.xlsx,2026-07-18,https://www.cihi.ca/en/access-data-and-reports/data-tables,CIHI open data; see https://www.cihi.ca/en/terms-and-conditions-of-use
"Wait Times for Priority Procedures in Canada, 2024 — Data Tables",https://www.cihi.ca/sites/default/files/document/wait-times-priority-procedures-in-canada-2024-data-tables-en.xlsx,xlsx,https://web.archive.org/web/20241219154518/https://www.cihi.ca/sites/default/files/document/wait-times-priority-procedures-in-canada-2024-data-tables-en.xlsx,2026-07-18,https://www.cihi.ca/en/access-data-and-reports/data-tables,CIHI open data; see https://www.cihi.ca/en/terms-and-conditions-of-use
Induced Abortions Reported in Canada in 2022,https://www.cihi.ca/sites/default/files/document/induced-abortions-reported-in-canada-2022-data-tables-en.xlsx,xlsx,https://web.archive.org/web/20260718154633/https://www.cihi.ca/sites/default/files/document/induced-abortions-reported-in-canada-2022-data-tables-en.xlsx,2026-07-18,https://www.cihi.ca/en/access-data-and-reports/data-tables,CIHI open data; see https://www.cihi.ca/en/terms-and-conditions-of-use
How Canada Compares: Results From The Commonwealth Fund’s 2023 International Health Policy Survey of the General Population Age 18+ in 10 Countries — Data Tables,https://www.cihi.ca/sites/default/files/document/cmwf-2023-quick-stats-en.xlsx,xlsx,https://web.archive.org/web/20240525173335/https://www.cihi.ca/sites/default/files/document/cmwf-2023-quick-stats-en.xlsx,2026-07-18,https://www.cihi.ca/en/access-data-and-reports/data-tables,CIHI open data; see https://www.cihi.ca/en/terms-and-conditions-of-use
How Canada Compares: Results From The Commonwealth Fund’s 2023 International Health Policy Survey of the General Population Age 18+ in 10 Countries — Data Tables,https://www.cihi.ca/sites/default/files/document/cmwf-2023-data-tables-en.xlsx,xlsx,https://web.archive.org/web/20250723153707/https://www.cihi.ca/sites/default/files/document/cmwf-2023-data-tables-en.xlsx,2026-07-18,https://www.cihi.ca/en/access-data-and-reports/data-tables,CIHI open data; see https://www.cihi.ca/en/terms-and-conditions-of-use
"Inpatient Hospitalization, Surgery and Newborn Statistics, 2022-2023",https://www.cihi.ca/sites/default/files/document/inpatient-hospitalization-surgery-newborn-2022-2023-data-tables-en.xlsx,xlsx,https://web.archive.org/web/20250817155003/https://www.cihi.ca/sites/default/files/document/inpatient-hospitalization-surgery-newborn-2022-2023-data-tables-en.xlsx,2026-07-18,https://www.cihi.ca/en/access-data-and-reports/data-tables,CIHI open data; see https://www.cihi.ca/en/terms-and-conditions-of-use
"Hospitalization and Childbirth, 1995–1996 to 2022-2023 — Supplementary Statistics",https://www.cihi.ca/sites/default/files/document/hospitalization-childbirth-1995-2022-supplementary-data-tables-en.xlsx,xlsx,https://web.archive.org/web/20250817155018/https://www.cihi.ca/sites/default/files/document/hospitalization-childbirth-1995-2022-supplementary-data-tables-en.xlsx,2026-07-18,https://www.cihi.ca/en/access-data-and-reports/data-tables,CIHI open data; see https://www.cihi.ca/en/terms-and-conditions-of-use
"COVID-19 Hospitalization and Emergency Department Statistics, 2023–2024 (Q1 to Q2) — Provisional Data",https://www.cihi.ca/sites/default/files/document/covid-19-hospitalization-emergency-department-statistics-apr-sept-2023-data-tables-en.xlsx,xlsx,https://web.archive.org/web/20250823021409/https://www.cihi.ca/sites/default/files/document/covid-19-hospitalization-emergency-department-statistics-apr-sept-2023-data-tables-en.xlsx,2026-07-18,https://www.cihi.ca/en/access-data-and-reports/data-tables,CIHI open data; see https://www.cihi.ca/en/terms-and-conditions-of-use
"Profile of Clients in Home Care, 2022–2023",https://www.cihi.ca/sites/default/files/document/hcrs-quickstats-2022-2023-en.xlsx,xlsx,https://web.archive.org/web/20240602103156/https://www.cihi.ca/sites/default/files/document/hcrs-quickstats-2022-2023-en.xlsx,2026-07-18,https://www.cihi.ca/en/access-data-and-reports/data-tables,CIHI open data; see https://www.cihi.ca/en/terms-and-conditions-of-use
"Prescribed Drug Spending in Canada, 2023: A Focus on Public Drug Programs — Top 100 Drug Classes, 2022 Data Tables",https://www.cihi.ca/sites/default/files/document/prescribed-drug-spending-canada-top-100-drug-2022-data-tables-en.xlsx,xlsx,https://web.archive.org/web/20250814161433/https://www.cihi.ca/sites/default/files/document/prescribed-drug-spending-canada-top-100-drug-2022-data-tables-en.xlsx,2026-07-18,https://www.cihi.ca/en/access-data-and-reports/data-tables,CIHI open data; see https://www.cihi.ca/en/terms-and-conditions-of-use
"Prescribed Drug Spending in Canada, 2023: A Focus on Public Drug Programs — International Comparisons, Data Tables",https://www.cihi.ca/sites/default/files/document/prescribed-drug-spending-canada-international-comparisons-1985-2021-data-table-en.xlsx,xlsx,https://web.archive.org/web/20250814161505/https://www.cihi.ca/sites/default/files/document/prescribed-drug-spending-canada-international-comparisons-1985-2021-data-table-en.xlsx,2026-07-18,https://www.cihi.ca/en/access-data-and-reports/data-tables,CIHI open data; see https://www.cihi.ca/en/terms-and-conditions-of-use
"Occupational Therapists in Canada, 2022 — Data Tables",https://www.cihi.ca/sites/default/files/document/occupational-therapists-in-canada-2013-2022-data-tables-en_0.xlsx,xlsx,https://web.archive.org/web/20240529212614/https://www.cihi.ca/sites/default/files/document/occupational-therapists-in-canada-2013-2022-data-tables-en_0.xlsx,2026-07-18,https://www.cihi.ca/en/access-data-and-reports/data-tables,CIHI open data; see https://www.cihi.ca/en/terms-and-conditions-of-use
"​Physiotherapists in Canada, 2022 — Data Tables",https://www.cihi.ca/sites/default/files/document/physiotherapists-in-canada-2013-2022-data-tables-en.xlsx,xlsx,https://web.archive.org/web/20260630140536/https://www.cihi.ca/sites/default/files/document/physiotherapists-in-canada-2013-2022-data-tables-en.xlsx,2026-07-18,https://www.cihi.ca/en/access-data-and-reports/data-tables,CIHI open data; see https://www.cihi.ca/en/terms-and-conditions-of-use
"Pharmacists in Canada, 2022 — Data Tables",https://www.cihi.ca/sites/default/files/document/pharmacists-in-canada-2013-2022-data-tables-en.xlsx,xlsx,https://web.archive.org/web/20240325185834/https://www.cihi.ca/sites/default/files/document/pharmacists-in-canada-2013-2022-data-tables-en.xlsx,2026-07-18,https://www.cihi.ca/en/access-data-and-reports/data-tables,CIHI open data; see https://www.cihi.ca/en/terms-and-conditions-of-use
"NACRS Emergency Department Visits and Lengths of Stay by Province/Territory, 2022–2023 (Q1 to Q4)",https://www.cihi.ca/sites/default/files/document/emergency-department-visits-apr-2022-mar-2023-data-tables-en.xlsx,xlsx,https://web.archive.org/web/20240702232533/https://www.cihi.ca/sites/default/files/document/emergency-department-visits-apr-2022-mar-2023-data-tables-en.xlsx,2026-07-18,https://www.cihi.ca/en/access-data-and-reports/data-tables,CIHI open data; see https://www.cihi.ca/en/terms-and-conditions-of-use
"Wait Times for Priority Procedures in Canada, 2023 — Data Tables",https://www.cihi.ca/sites/default/files/document/wait-times-priority-procedures-in-canada-2023-data-tables-en.xlsx,xlsx,https://web.archive.org/web/20240409222056/https://www.cihi.ca/sites/default/files/document/wait-times-priority-procedures-in-canada-2023-data-tables-en.xlsx,2026-07-18,https://www.cihi.ca/en/access-data-and-reports/data-tables,CIHI open data; see https://www.cihi.ca/en/terms-and-conditions-of-use
"Injury and Trauma Emergency Department and Hospitalization Statistics, 2021–2022",https://www.cihi.ca/sites/default/files/document/injury-trauma-emergency-dept-hospitalizations-2021-2022-data-tables-en.xlsx,xlsx,https://web.archive.org/web/20260515190748/https://www.cihi.ca/sites/default/files/document/injury-trauma-emergency-dept-hospitalizations-2021-2022-data-tables-en.xlsx,2026-07-18,https://www.cihi.ca/en/access-data-and-reports/data-tables,CIHI open data; see https://www.cihi.ca/en/terms-and-conditions-of-use
"Nursing in Canada, 2022 — Data Tables",https://www.cihi.ca/sites/default/files/document/nursing-in-canada-2013-2022-data-tables-en.xlsx,xlsx,https://web.archive.org/web/20240527020217/https://www.cihi.ca/sites/default/files/document/nursing-in-canada-2013-2022-data-tables-en.xlsx,2026-07-18,https://www.cihi.ca/en/access-data-and-reports/data-tables,CIHI open data; see https://www.cihi.ca/en/terms-and-conditions-of-use
Induced Abortions Reported in Canada in 2021,https://www.cihi.ca/sites/default/files/document/induced-abortions-reported-in-canada-2021-update-data-tables-en.xlsx,xlsx,https://web.archive.org/web/20260419003413/https://www.cihi.ca/sites/default/files/document/induced-abortions-reported-in-canada-2021-update-data-tables-en.xlsx,2026-07-18,https://www.cihi.ca/en/access-data-and-reports/data-tables,CIHI open data; see https://www.cihi.ca/en/terms-and-conditions-of-use
"COVID-19 hospitalization and emergency department statistics, 2021–2022",https://www.cihi.ca/sites/default/files/document/covid-19-hospitalization-emergency-department-statistics-apr-2021-mar-2022-en.xlsx,xlsx,https://web.archive.org/web/20230803075455/https://www.cihi.ca/sites/default/files/document/covid-19-hospitalization-emergency-department-statistics-apr-2021-mar-2022-en.xlsx,2026-07-18,https://www.cihi.ca/en/access-data-and-reports/data-tables,CIHI open data; see https://www.cihi.ca/en/terms-and-conditions-of-use
"Summary Statistics on Organ Transplants, Wait-Lists, and Donors, 2022",https://www.cihi.ca/sites/default/files/document/corr-transplant-wait-list-donor-stats-2022-data-tables-en.xlsx,xlsx,,2026-07-18,https://www.cihi.ca/en/access-data-and-reports/data-tables,CIHI open data; see https://www.cihi.ca/en/terms-and-conditions-of-use
How Canada Compares: Results From the Commonwealth Fund’s 2022 International Health Policy Survey of Primary Care Physicians in 10 Countries — Quick Stats,https://www.cihi.ca/sites/default/files/document/cmwf-2022-quick-stats-en.xlsx,xlsx,https://web.archive.org/web/20231129155636/https://www.cihi.ca/sites/default/files/document/cmwf-2022-quick-stats-en.xlsx,2026-07-18,https://www.cihi.ca/en/access-data-and-reports/data-tables,CIHI open data; see https://www.cihi.ca/en/terms-and-conditions-of-use
How Canada Compares: Results From the Commonwealth Fund’s 2022 International Health Policy Survey of Primary Care Physicians in 10 Countries — Data Tables,https://www.cihi.ca/sites/default/files/document/cmwf-2022-data-tables-en.xlsx,xlsx,https://web.archive.org/web/20250811122430/https://www.cihi.ca/sites/default/files/document/cmwf-2022-data-tables-en.xlsx,2026-07-18,https://www.cihi.ca/en/access-data-and-reports/data-tables,CIHI open data; see https://www.cihi.ca/en/terms-and-conditions-of-use
"CCRS Quarterly Data Quality Report, 2022–2023 — Data Tables",https://www.cihi.ca/sites/default/files/document/ccrs-quarterly-data-quality-2022-2023-data-tables-en.xlsx,xlsx,https://web.archive.org/web/20250113220512/https://www.cihi.ca/sites/default/files/document/ccrs-quarterly-data-quality-2022-2023-data-tables-en.xlsx,2026-07-18,https://www.cihi.ca/en/access-data-and-reports/data-tables,CIHI open data; see https://www.cihi.ca/en/terms-and-conditions-of-use
"Hospital Beds Staffed and In Operation, 2021–2022",https://www.cihi.ca/sites/default/files/document/beds-staffed-and-in-operation-2021-2022-data-tables-en.xlsx,xlsx,https://web.archive.org/web/20230809034235/https://www.cihi.ca/sites/default/files/document/beds-staffed-and-in-operation-2021-2022-data-tables-en.xlsx,2026-07-18,https://www.cihi.ca/en/access-data-and-reports/data-tables,CIHI open data; see https://www.cihi.ca/en/terms-and-conditions-of-use
"Surgeries Impacted by COVID-19, March 2020 to September 2022 — Data Tables",https://www.cihi.ca/sites/default/files/document/surgeries-impacted-by-covid-19-march-2020-to-sept-2022-data-tables-en.xlsx,xlsx,https://web.archive.org/web/20250817160246/https://www.cihi.ca/sites/default/files/document/surgeries-impacted-by-covid-19-march-2020-to-sept-2022-data-tables-en.xlsx,2026-07-18,https://www.cihi.ca/en/access-data-and-reports/data-tables,CIHI open data; see https://www.cihi.ca/en/terms-and-conditions-of-use
"Hospitalization and Childbirth, 1995–1996 to 2021-2022 — Supplementary Statistics",https://www.cihi.ca/sites/default/files/document/hospital-childbirth-1995-2021-supplementary-data-tables-en.xlsx,xlsx,https://web.archive.org/web/20250112175852/https://www.cihi.ca/sites/default/files/document/hospital-childbirth-1995-2021-supplementary-data-tables-en.xlsx,2026-07-18,https://www.cihi.ca/en/access-data-and-reports/data-tables,CIHI open data; see https://www.cihi.ca/en/terms-and-conditions-of-use
"Inpatient Hospitalization, Surgery and Newborn Statistics, 2021-2022",https://www.cihi.ca/sites/default/files/document/dad-hmdb-childbirth-2021-2022-data-tables-en.xlsx,xlsx,https://web.archive.org/web/20240218004303/https://www.cihi.ca/sites/default/files/document/dad-hmdb-childbirth-2021-2022-data-tables-en.xlsx,2026-07-18,https://www.cihi.ca/en/access-data-and-reports/data-tables,CIHI open data; see https://www.cihi.ca/en/terms-and-conditions-of-use
Shift to Virtual Care: Physician Mental Health Services,https://www.cihi.ca/sites/default/files/document/shift-to-virtual-care-physician-mental-health-services-data-tables-en.xlsx,xlsx,https://web.archive.org/web/20240203044712/https://www.cihi.ca/sites/default/files/document/shift-to-virtual-care-physician-mental-health-services-data-tables-en.xlsx,2026-07-18,https://www.cihi.ca/en/access-data-and-reports/data-tables,CIHI open data; see https://www.cihi.ca/en/terms-and-conditions-of-use
"Profile of Clients in Home Care, 2021-2022",https://www.cihi.ca/sites/default/files/document/hcrs-quickstats-2021-2022-en.xlsx,xlsx,https://web.archive.org/web/20230510075151/https://www.cihi.ca/sites/default/files/document/hcrs-quickstats-2021-2022-en.xlsx,2026-07-18,https://www.cihi.ca/en/access-data-and-reports/data-tables,CIHI open data; see https://www.cihi.ca/en/terms-and-conditions-of-use
"NACRS Emergency Department Visits: Volumes and Median Lengths of Stay, 2003–2004 to 2021–2022 — Supplementary Statistics",https://www.cihi.ca/sites/default/files/document/emergency-department-visits-2003-2021-supplementary-data-tables-en.xlsx,xlsx,https://web.archive.org/web/20250901092948/https://www.cihi.ca/sites/default/files/document/emergency-department-visits-2003-2021-supplementary-data-tables-en.xlsx,2026-07-18,https://www.cihi.ca/en/access-data-and-reports/data-tables,CIHI open data; see https://www.cihi.ca/en/terms-and-conditions-of-use
"NACRS Emergency Department Visits and Lengths of Stay by Province/Territory, 2021–2022",https://www.cihi.ca/sites/default/files/document/nacrs-emergency-department-visits-length-of-stay-2021-data-tables-en.xlsx,xlsx,https://web.archive.org/web/20240717082008/https://www.cihi.ca/sites/default/files/document/nacrs-emergency-department-visits-length-of-stay-2021-data-tables-en.xlsx,2026-07-18,https://www.cihi.ca/en/access-data-and-reports/data-tables,CIHI open data; see https://www.cihi.ca/en/terms-and-conditions-of-use
"Physiotherapists in Canada, 2021 — Data Tables",https://www.cihi.ca/sites/default/files/document/physiotherapists-in-canada-2012-2021-data-tables-en.xlsx,xlsx,https://web.archive.org/web/20221118230725/https://www.cihi.ca/sites/default/files/document/physiotherapists-in-canada-2012-2021-data-tables-en.xlsx,2026-07-18,https://www.cihi.ca/en/access-data-and-reports/data-tables,CIHI open data; see https://www.cihi.ca/en/terms-and-conditions-of-use
"Pharmacists in Canada, 2021 — Data Tables",https://www.cihi.ca/sites/default/files/document/pharmacists-in-canada-2012-2021-data-tables-en.xlsx,xlsx,https://web.archive.org/web/20221118230841/https://www.cihi.ca/sites/default/files/document/pharmacists-in-canada-2012-2021-data-tables-en.xlsx,2026-07-18,https://www.cihi.ca/en/access-data-and-reports/data-tables,CIHI open data; see https://www.cihi.ca/en/terms-and-conditions-of-use
"Occupational Therapists in Canada, 2021 — Data Tables",https://www.cihi.ca/sites/default/files/document/occupational-therapists-in-canada-2012-2021-data-tables-en.xlsx,xlsx,,2026-07-18,https://www.cihi.ca/en/access-data-and-reports/data-tables,CIHI open data; see https://www.cihi.ca/en/terms-and-conditions-of-use
"Nursing in Canada, 2021 — Data Tables",https://www.cihi.ca/sites/default/files/document/nursing-in-canada-2012-2021-data-tables-en.xlsx,xlsx,https://web.archive.org/web/20251223092213/https://www.cihi.ca/sites/default/files/document/nursing-in-canada-2012-2021-data-tables-en.xlsx,2026-07-18,https://www.cihi.ca/en/access-data-and-reports/data-tables,CIHI open data; see https://www.cihi.ca/en/terms-and-conditions-of-use
Overuse of Tests and Treatments in Canada — Data Tables,https://www.cihi.ca/sites/default/files/document/overuse-of-tests-treatments-in-canada-data-tables-en.xlsx,xlsx,https://web.archive.org/web/20250901093013/https://www.cihi.ca/sites/default/files/document/overuse-of-tests-treatments-in-canada-data-tables-en.xlsx,2026-07-18,https://www.cihi.ca/en/access-data-and-reports/data-tables,CIHI open data; see https://www.cihi.ca/en/terms-and-conditions-of-use
"Prescribed Drug Spending in Canada, 2022: A Focus on Public Drug Programs — International Comparisons, Data Tables",https://www.cihi.ca/sites/default/files/document/prescribed-drug-spending-canada-international-comparisons-1985-2020-data-tables-en.xlsx,xlsx,https://web.archive.org/web/20260718165634/https://www.cihi.ca/sites/default/files/document/prescribed-drug-spending-canada-international-comparisons-1985-2020-data-tables-en.xlsx,2026-07-18,https://www.cihi.ca/en/access-data-and-reports/data-tables,CIHI open data; see https://www.cihi.ca/en/terms-and-conditions-of-use
"Prescribed Drug Spending in Canada, 2022: A Focus on Public Drug Programs — Top 100 Drug Classes, 2021 Data Tables",https://www.cihi.ca/sites/default/files/document/prescribed-drug-spending-canada-top-100-drug-classes-2021-data-tables-en.xlsx,xlsx,https://web.archive.org/web/20251119042401/https://www.cihi.ca/sites/default/files/document/prescribed-drug-spending-canada-top-100-drug-classes-2021-data-tables-en.xlsx,2026-07-18,https://www.cihi.ca/en/access-data-and-reports/data-tables,CIHI open data; see https://www.cihi.ca/en/terms-and-conditions-of-use
"Drug Use Among Seniors in Canada, 2021 — Data Tables",https://www.cihi.ca/sites/default/files/document/drug-use-among-seniors-in-Canada-2021-data-tables-en.xlsx,xlsx,https://web.archive.org/web/20250901092836/https://www.cihi.ca/sites/default/files/document/drug-use-among-seniors-in-Canada-2021-data-tables-en.xlsx,2026-07-18,https://www.cihi.ca/en/access-data-and-reports/data-tables,CIHI open data; see https://www.cihi.ca/en/terms-and-conditions-of-use
Canadian Data Set of COVID-19 Interventions — Data Tables,https://www.cihi.ca/sites/default/files/document/covid-19-intervention-scan-data-tables-en.xlsx,xlsx,https://web.archive.org/web/20250823021706/https://www.cihi.ca/sites/default/files/document/covid-19-intervention-scan-data-tables-en.xlsx,2026-07-18,https://www.cihi.ca/en/access-data-and-reports/data-tables,CIHI open data; see https://www.cihi.ca/en/terms-and-conditions-of-use
"Profile of Residents in Residential and Hospital-Based Continuing Care, 2021–2022",https://www.cihi.ca/sites/default/files/document/residential-hospital-based-continuing-care-ltc-quick-stats-2021-2022-data-tables-en.xlsx,xlsx,https://web.archive.org/web/20240218020856/https://www.cihi.ca/sites/default/files/document/residential-hospital-based-continuing-care-ltc-quick-stats-2021-2022-data-tables-en.xlsx,2026-07-18,https://www.cihi.ca/en/access-data-and-reports/data-tables,CIHI open data; see https://www.cihi.ca/en/terms-and-conditions-of-use
"NACRS Emergency Department Visits and Lengths of Stay by Province/Territory, 2021–2022 (Q1 to Q4)",https://www.cihi.ca/sites/default/files/document/emergency-department-visits-apr-2021-mar-2022-data-tables-en.xlsx,xlsx,https://web.archive.org/web/20220826135637/https://www.cihi.ca/sites/default/files/document/emergency-department-visits-apr-2021-mar-2022-data-tables-en.xlsx,2026-07-18,https://www.cihi.ca/en/access-data-and-reports/data-tables,CIHI open data; see https://www.cihi.ca/en/terms-and-conditions-of-use
"Injury and Trauma Emergency Department and Hospitalization Statistics, 2020–2021",https://www.cihi.ca/sites/default/files/document/injury-trauma-emergency-dept-hospitalizations-2020-2021-data-tables-en.xlsx,xlsx,https://web.archive.org/web/20251015202028/https://www.cihi.ca/sites/default/files/document/injury-trauma-emergency-dept-hospitalizations-2020-2021-data-tables-en.xlsx,2026-07-18,https://www.cihi.ca/en/access-data-and-reports/data-tables,CIHI open data; see https://www.cihi.ca/en/terms-and-conditions-of-use
"Summary Statistics on Organ Transplants, Wait-Lists and Donors, 2021",https://www.cihi.ca/sites/default/files/document/corr-transplant-wait-list-donor-stats-2021-data-tables-en.xlsx,xlsx,https://web.archive.org/web/20250817153827/https://www.cihi.ca/sites/default/files/document/corr-transplant-wait-list-donor-stats-2021-data-tables-en.xlsx,2026-07-18,https://www.cihi.ca/en/access-data-and-reports/data-tables,CIHI open data; see https://www.cihi.ca/en/terms-and-conditions-of-use
Canadian Emergency Department Diagnosis Shortlist (CED-DxS) and Emergency Department Intervention Value Set (EDVS) Public Submission Form,https://www.cihi.ca/sites/default/files/document/ced-dxs-and-edvs-public-submission-form-en.xlsx,xlsx,https://web.archive.org/web/20250820101329/https://www.cihi.ca/sites/default/files/document/ced-dxs-and-edvs-public-submission-form-en.xlsx,2026-07-18,https://www.cihi.ca/en/access-data-and-reports/data-tables,CIHI open data; see https://www.cihi.ca/en/terms-and-conditions-of-use
CPES-IC Mode and Service Line Adjustments — Data Tables,https://www.cihi.ca/sites/default/files/document/cpes-ic-mode-service-line-adjustments-data-tables-en.xlsx,xlsx,https://web.archive.org/web/20250929182834/https://www.cihi.ca/sites/default/files/document/cpes-ic-mode-service-line-adjustments-data-tables-en.xlsx,2026-07-18,https://www.cihi.ca/en/access-data-and-reports/data-tables,CIHI open data; see https://www.cihi.ca/en/terms-and-conditions-of-use
"Hospital Beds Staffed and In Operation, 2020–2021",https://www.cihi.ca/sites/default/files/document/beds-staffed-and-in-operation-2020-2021-en.xlsx,xlsx,https://web.archive.org/web/20251011202804/https://www.cihi.ca/sites/default/files/document/beds-staffed-and-in-operation-2020-2021-en.xlsx,2026-07-18,https://www.cihi.ca/en/access-data-and-reports/data-tables,CIHI open data; see https://www.cihi.ca/en/terms-and-conditions-of-use
COVID-19 Cases and Deaths in Health Care Workers in Canada — Data Tables,https://www.cihi.ca/sites/default/files/document/covid-19-health-care-worker-cases-deaths-march-2022-data-tables-en.xlsx,xlsx,https://web.archive.org/web/20250817152109/https://www.cihi.ca/sites/default/files/document/covid-19-health-care-worker-cases-deaths-march-2022-data-tables-en.xlsx,2026-07-18,https://www.cihi.ca/en/access-data-and-reports/data-tables,CIHI open data; see https://www.cihi.ca/en/terms-and-conditions-of-use
How Canada Compares: Results From the Commonwealth Fund’s 2021 International Health Policy Survey of Older Adults in 11 Countries — Data Tables,https://www.cihi.ca/sites/default/files/document/cmwf-2021-data-tables-en.xlsx,xlsx,https://web.archive.org/web/20250817163416/https://www.cihi.ca/sites/default/files/document/cmwf-2021-data-tables-en.xlsx,2026-07-18,https://www.cihi.ca/en/access-data-and-reports/data-tables,CIHI open data; see https://www.cihi.ca/en/terms-and-conditions-of-use
"Shift to Virtual Care: Impact on Physician Practice Patterns, April 2019 to March 2021 — Data Tables",https://www.cihi.ca/sites/default/files/document/shift-to-virtual-care-impact-physician-practice-patterns-2019-2021-data-tables-en.xlsx,xlsx,https://web.archive.org/web/20240218004737/https://www.cihi.ca/sites/default/files/document/shift-to-virtual-care-impact-physician-practice-patterns-2019-2021-data-tables-en.xlsx,2026-07-18,https://www.cihi.ca/en/access-data-and-reports/data-tables,CIHI open data; see https://www.cihi.ca/en/terms-and-conditions-of-use
"Shift to Virtual Care: Patients Who Received Physician Services, April 2019 to March 2021 — Data Tables",https://www.cihi.ca/sites/default/files/document/shift-to-virtual-care-April-2019-March-2021-data-tables-en.xlsx,xlsx,https://web.archive.org/web/20251115140042/https://www.cihi.ca/sites/default/files/document/shift-to-virtual-care-April-2019-March-2021-data-tables-en.xlsx,2026-07-18,https://www.cihi.ca/en/access-data-and-reports/data-tables,CIHI open data; see https://www.cihi.ca/en/terms-and-conditions-of-use
How Canada Compares: Results From the Commonwealth Fund’s 2021 International Health Policy Survey of Older Adults in 11 Countries — Quick Stats,https://www.cihi.ca/sites/default/files/document/cmwf-2021-quick-stats-en.xlsx,xlsx,https://web.archive.org/web/20250114174128/https://www.cihi.ca/sites/default/files/document/cmwf-2021-quick-stats-en.xlsx,2026-07-18,https://www.cihi.ca/en/access-data-and-reports/data-tables,CIHI open data; see https://www.cihi.ca/en/terms-and-conditions-of-use
Induced Abortions Reported in Canada in 2020,https://www.cihi.ca/sites/default/files/document/induced-abortions-reported-in-canada-2020-en.xlsx,xlsx,https://web.archive.org/web/20260224033537/https://www.cihi.ca/sites/default/files/document/induced-abortions-reported-in-canada-2020-en.xlsx,2026-07-18,https://www.cihi.ca/en/access-data-and-reports/data-tables,CIHI open data; see https://www.cihi.ca/en/terms-and-conditions-of-use
"Inpatient Hospitalization, Surgery and Newborn Statistics, 2020-2021",https://www.cihi.ca/sites/default/files/document/dad-hmdb-childbirth-2020-2021-data-tables-en.xlsx,xlsx,https://web.archive.org/web/20220331221801/https://www.cihi.ca/sites/default/files/document/dad-hmdb-childbirth-2020-2021-data-tables-en.xlsx,2026-07-18,https://www.cihi.ca/en/access-data-and-reports/data-tables,CIHI open data; see https://www.cihi.ca/en/terms-and-conditions-of-use
"COVID-19 Hospitalization and Emergency Department Statistics, 2019–2020 and 2020–2021",https://www.cihi.ca/sites/default/files/document/COVID-19-hospitalization-emergency-department-statistics-jan-2020-mar-2021-en.xlsx,xlsx,https://web.archive.org/web/20251126031737/https://www.cihi.ca/sites/default/files/document/COVID-19-hospitalization-emergency-department-statistics-jan-2020-mar-2021-en.xlsx,2026-07-18,https://www.cihi.ca/en/access-data-and-reports/data-tables,CIHI open data; see https://www.cihi.ca/en/terms-and-conditions-of-use
"Profile of Clients in Home Care, 2020–2021",https://www.cihi.ca/sites/default/files/document/hcrs-quickstats-2020-2021-en.xlsx,xlsx,https://web.archive.org/web/20220331221928/https://www.cihi.ca/sites/default/files/document/hcrs-quickstats-2020-2021-en.xlsx,2026-07-18,https://www.cihi.ca/en/access-data-and-reports/data-tables,CIHI open data; see https://www.cihi.ca/en/terms-and-conditions-of-use
"Canada’s Health Care Providers, 2016 to 2020 — Data Tables",https://www.cihi.ca/sites/default/files/document/canada-health-care-providers-2016-2020-data-tables-en.xlsx,xlsx,https://web.archive.org/web/20230525204306/https://www.cihi.ca/sites/default/files/document/canada-health-care-providers-2016-2020-data-tables-en.xlsx,2026-07-18,https://www.cihi.ca/en/access-data-and-reports/data-tables,CIHI open data; see https://www.cihi.ca/en/terms-and-conditions-of-use
"Impact of COVID-19 on physician services, March 2020 to March 2021 — Data Tables",https://www.cihi.ca/sites/default/files/document/impact-covid-19-physician-services-march-2020-to-march-2021-data-tables-en.xlsx,xlsx,https://web.archive.org/web/20230627070653/https://www.cihi.ca/sites/default/files/document/impact-covid-19-physician-services-march-2020-to-march-2021-data-tables-en.xlsx,2026-07-18,https://www.cihi.ca/en/access-data-and-reports/data-tables,CIHI open data; see https://www.cihi.ca/en/terms-and-conditions-of-use
"Impact of COVID-19 on Long-Term Care, March 2020 to June 2021 — Data Tables",https://www.cihi.ca/sites/default/files/document/impact-covid-19-long-term-care-mar-2020-jun-2021-data-tables-en.xlsx,xlsx,https://web.archive.org/web/20250820104208/https://www.cihi.ca/sites/default/files/document/impact-covid-19-long-term-care-mar-2020-jun-2021-data-tables-en.xlsx,2026-07-18,https://www.cihi.ca/en/access-data-and-reports/data-tables,CIHI open data; see https://www.cihi.ca/en/terms-and-conditions-of-use
"Impact of COVID-19 on Emergency Department Visits, March 2020 to June 2021 — Data Tables",https://www.cihi.ca/sites/default/files/document/impact-covid-19-emerg-dept-visits-march-2020-to-june-2021-data-tables-en.xlsx,xlsx,https://web.archive.org/web/20251119042230/https://www.cihi.ca/sites/default/files/document/impact-covid-19-emerg-dept-visits-march-2020-to-june-2021-data-tables-en.xlsx,2026-07-18,https://www.cihi.ca/en/access-data-and-reports/data-tables,CIHI open data; see https://www.cihi.ca/en/terms-and-conditions-of-use
"Impact of COVID-19 on Accidental Falls in Canada, March 2020 to June 2021 — Data Tables",https://www.cihi.ca/sites/default/files/document/impact-covid-19-accidental-falls-march-2020-to-june-2021-data-tables-en.xlsx,xlsx,https://web.archive.org/web/20220326070743/https://www.cihi.ca/sites/default/files/document/impact-covid-19-accidental-falls-march-2020-to-june-2021-data-tables-en.xlsx,2026-07-18,https://www.cihi.ca/en/access-data-and-reports/data-tables,CIHI open data; see https://www.cihi.ca/en/terms-and-conditions-of-use
"Impact of COVID-19 on Self-Harm Behaviour, March 2020 to June 2021 — Data Tables",https://www.cihi.ca/sites/default/files/document/impact-covid-19-self-harm-behaviour-march-2020-to-june-2021-data-tables-en.xlsx,xlsx,https://web.archive.org/web/20220326070802/https://www.cihi.ca/sites/default/files/document/impact-covid-19-self-harm-behaviour-march-2020-to-june-2021-data-tables-en.xlsx,2026-07-18,https://www.cihi.ca/en/access-data-and-reports/data-tables,CIHI open data; see https://www.cihi.ca/en/terms-and-conditions-of-use
"Impact of COVID-19 on Harms Caused by Substance Use, March 2020 to June 2021 — Data Tables",https://www.cihi.ca/sites/default/files/document/impact-covid-19-harms-caused-substance-use-march-2020-to-june-2021-data-tables-en.xlsx,xlsx,https://web.archive.org/web/20240101100000/https://www.cihi.ca/sites/default/files/document/impact-covid-19-harms-caused-substance-use-march-2020-to-june-2021-data-tables-en.xlsx,2026-07-18,https://www.cihi.ca/en/access-data-and-reports/data-tables,CIHI open data; see https://www.cihi.ca/en/terms-and-conditions-of-use
"NACRS Emergency Department Visits and Lengths of Stay by Province/Territory, 2020–2021",https://www.cihi.ca/sites/default/files/document/nacrs-emerg-dept-visits-length-of-stay-2020-data-tables-en.xlsx,xlsx,https://web.archive.org/web/20221016224834/https://www.cihi.ca/sites/default/files/document/nacrs-emerg-dept-visits-length-of-stay-2020-data-tables-en.xlsx,2026-07-18,https://www.cihi.ca/en/access-data-and-reports/data-tables,CIHI open data; see https://www.cihi.ca/en/terms-and-conditions-of-use
"Prescribed Drug Spending in Canada, 2021: A Focus on Public Drug Programs — International Comparisons, Data Tables",https://www.cihi.ca/sites/default/files/document/prescribed-drug-spending-canada-international-comparisons-1985-2019-data-table-en.xlsx,xlsx,https://web.archive.org/web/20250814161809/https://www.cihi.ca/sites/default/files/document/prescribed-drug-spending-canada-international-comparisons-1985-2019-data-table-en.xlsx,2026-07-18,https://www.cihi.ca/en/access-data-and-reports/data-tables,CIHI open data; see https://www.cihi.ca/en/terms-and-conditions-of-use
"Prescribed Drug Spending in Canada, 2021: A Focus on Public Drug Programs — Top 100 Drug Classes, 2020 Data Tables",https://www.cihi.ca/sites/default/files/document/prescribed-drug-spending-canada-top-100-drug-classes-2020-data-tables-en.xlsx,xlsx,https://web.archive.org/web/20250814161833/https://www.cihi.ca/sites/default/files/document/prescribed-drug-spending-canada-top-100-drug-classes-2020-data-tables-en.xlsx,2026-07-18,https://www.cihi.ca/en/access-data-and-reports/data-tables,CIHI open data; see https://www.cihi.ca/en/terms-and-conditions-of-use
"Prescribed drug spending in Canada, 2021 (ZIP)",https://www.cihi.ca/sites/default/files/document/prescribed-drug-spending-canada-2020-data-tables-en.zip,zip,,2026-07-18,https://www.cihi.ca/en/access-data-and-reports/data-tables,CIHI open data; see https://www.cihi.ca/en/terms-and-conditions-of-use
"Profile of Residents in Residential and Hospital-Based Continuing Care, 2020–2021",https://www.cihi.ca/sites/default/files/document/residential-and-hospital-based-continuing-care-2020-2021-data-tables-en.xlsx,xlsx,https://web.archive.org/web/20220803174851/https://www.cihi.ca/sites/default/files/document/residential-and-hospital-based-continuing-care-2020-2021-data-tables-en.xlsx,2026-07-18,https://www.cihi.ca/en/access-data-and-reports/data-tables,CIHI open data; see https://www.cihi.ca/en/terms-and-conditions-of-use
"Comparing Estimated Costs of COVID-19 Hospitalizations and Other Common Hospitalizations in Canada, January 2019 to March 2020, and January 2020 to March 2021",https://www.cihi.ca/sites/default/files/document/cost-covid-19-other-hospitalizations-2019-2021-data-tables-en.xlsx,xlsx,https://web.archive.org/web/20220121083907/https://www.cihi.ca/sites/default/files/document/cost-covid-19-other-hospitalizations-2019-2021-data-tables-en.xlsx,2026-07-18,https://www.cihi.ca/en/access-data-and-reports/data-tables,CIHI open data; see https://www.cihi.ca/en/terms-and-conditions-of-use
COVID-19 Intervention Timeline in Canada — Data Tables,https://www.cihi.ca/sites/default/files/document/scan-data-tables-covid-19-intervention-update13-en.xlsx,xlsx,https://web.archive.org/web/20240225090755/https://www.cihi.ca/sites/default/files/document/scan-data-tables-covid-19-intervention-update13-en.xlsx,2026-07-18,https://www.cihi.ca/en/access-data-and-reports/data-tables,CIHI open data; see https://www.cihi.ca/en/terms-and-conditions-of-use
Impact of COVID-19 on Accidental Falls in Canada — Data Tables,https://www.cihi.ca/sites/default/files/document/impact-covid-19-accidental-falls-canada-data-tables-en.xlsx,xlsx,https://web.archive.org/web/20221115004205/https://www.cihi.ca/sites/default/files/document/impact-covid-19-accidental-falls-canada-data-tables-en.xlsx,2026-07-18,https://www.cihi.ca/en/access-data-and-reports/data-tables,CIHI open data; see https://www.cihi.ca/en/terms-and-conditions-of-use
"e-Statistics report on transplant, waiting list and donor statistics, 2020",https://www.cihi.ca/sites/default/files/document/corr-transplant-wait-list-donor-stats-2020-en.xlsx,xlsx,https://web.archive.org/web/20250817153838/https://www.cihi.ca/sites/default/files/document/corr-transplant-wait-list-donor-stats-2020-en.xlsx,2026-07-18,https://www.cihi.ca/en/access-data-and-reports/data-tables,CIHI open data; see https://www.cihi.ca/en/terms-and-conditions-of-use
"Injury and Trauma Emergency Department and Hospitalization Statistics, 2019–2020",https://www.cihi.ca/sites/default/files/document/injury-trauma-emergency-dept-hospitalizations-stats-2019-2020-en.xlsx,xlsx,https://web.archive.org/web/20220417212511/https://www.cihi.ca/sites/default/files/document/injury-trauma-emergency-dept-hospitalizations-stats-2019-2020-en.xlsx,2026-07-18,https://www.cihi.ca/en/access-data-and-reports/data-tables,CIHI open data; see https://www.cihi.ca/en/terms-and-conditions-of-use
Hip and Knee Replacements In Canada: CJRR 2019-2020 Quick Stats,https://www.cihi.ca/sites/default/files/document/cjrr-hip-knee-quickstats-2019-2020-data-tables-en.xlsx,xlsx,https://web.archive.org/web/20240715005241/https://www.cihi.ca/sites/default/files/document/cjrr-hip-knee-quickstats-2019-2020-data-tables-en.xlsx,2026-07-18,https://www.cihi.ca/en/access-data-and-reports/data-tables,CIHI open data; see https://www.cihi.ca/en/terms-and-conditions-of-use
Long-Term Care Beds in Canada — Data Table,https://www.cihi.ca/sites/default/files/document/long-term-care-beds-canada-data-tables-en.xlsx,xlsx,https://web.archive.org/web/20250814175533/https://www.cihi.ca/sites/default/files/document/long-term-care-beds-canada-data-tables-en.xlsx,2026-07-18,https://www.cihi.ca/en/access-data-and-reports/data-tables,CIHI open data; see https://www.cihi.ca/en/terms-and-conditions-of-use
Unintended Consequences of COVID-19: Impact on Harms Caused by Substance Use — Data Tables,https://www.cihi.ca/sites/default/files/document/unintended-consequences-covid-19-substance-use-data-table-en.xlsx,xlsx,https://web.archive.org/web/20251024152859/https://www.cihi.ca/sites/default/files/document/unintended-consequences-covid-19-substance-use-data-table-en.xlsx,2026-07-18,https://www.cihi.ca/en/access-data-and-reports/data-tables,CIHI open data; see https://www.cihi.ca/en/terms-and-conditions-of-use
Unintended Consequences of COVID-19: Impact on Self-Harm Behaviour — Data Tables,https://www.cihi.ca/sites/default/files/document/unintended-consequences-covid-19-self-harm-data-tables-en.xlsx,xlsx,https://web.archive.org/web/20250823021355/https://www.cihi.ca/sites/default/files/document/unintended-consequences-covid-19-self-harm-data-tables-en.xlsx,2026-07-18,https://www.cihi.ca/en/access-data-and-reports/data-tables,CIHI open data; see https://www.cihi.ca/en/terms-and-conditions-of-use
"Hospitalization and Childbirth, 1995–1996 to 2019–2020 — Supplementary Statistics",https://www.cihi.ca/sites/default/files/document/hospital-childbirth-1995-2019-supplementary-data-tables-en.xlsx,xlsx,https://web.archive.org/web/20240218000636/https://www.cihi.ca/sites/default/files/document/hospital-childbirth-1995-2019-supplementary-data-tables-en.xlsx,2026-07-18,https://www.cihi.ca/en/access-data-and-reports/data-tables,CIHI open data; see https://www.cihi.ca/en/terms-and-conditions-of-use
"Inpatient Hospitalization, Surgery and Newborn Statistics, 2019–2020",https://www.cihi.ca/sites/default/files/document/dad-hmdb-childbirth-2019-2020-data-table-en.xlsx,xlsx,https://web.archive.org/web/20221208164621/https://www.cihi.ca/sites/default/files/document/dad-hmdb-childbirth-2019-2020-data-table-en.xlsx,2026-07-18,https://www.cihi.ca/en/access-data-and-reports/data-tables,CIHI open data; see https://www.cihi.ca/en/terms-and-conditions-of-use
"Hospital Beds Staffed and In Operation, 2019–2020",https://www.cihi.ca/sites/default/files/document/beds-staffed-and-in-operation-2019-2020-en.xlsx,xlsx,https://web.archive.org/web/20250817160258/https://www.cihi.ca/sites/default/files/document/beds-staffed-and-in-operation-2019-2020-en.xlsx,2026-07-18,https://www.cihi.ca/en/access-data-and-reports/data-tables,CIHI open data; see https://www.cihi.ca/en/terms-and-conditions-of-use
The Impact of COVID-19 on Long-Term Care in Canada: Focus on the First 6 Months — Data Tables,https://www.cihi.ca/sites/default/files/document/impact-covid-19-long-term-care-canada-first-6-months-data-tables-en.xlsx,xlsx,https://web.archive.org/web/20251206161850/https://www.cihi.ca/sites/default/files/document/impact-covid-19-long-term-care-canada-first-6-months-data-tables-en.xlsx,2026-07-18,https://www.cihi.ca/en/access-data-and-reports/data-tables,CIHI open data; see https://www.cihi.ca/en/terms-and-conditions-of-use
How Canada Compares: Results From the Commonwealth Fund’s 2020 International Health Policy Survey of the General Population in 11 Countries — Data Tables,https://www.cihi.ca/sites/default/files/document/how-canada-compares-cmwf-survey-2020-data-tables-en.xlsx,xlsx,https://web.archive.org/web/20250531004313/https://www.cihi.ca/sites/default/files/document/how-canada-compares-cmwf-survey-2020-data-tables-en.xlsx,2026-07-18,https://www.cihi.ca/en/access-data-and-reports/data-tables,CIHI open data; see https://www.cihi.ca/en/terms-and-conditions-of-use
How Canada Compares: Results From the Commonwealth Fund’s 2020 International Health Policy Survey of the General Population in 11 Countries — Quick Stats,https://www.cihi.ca/sites/default/files/document/how-canada-compares-cmwf-survey-2020-quick-stats-en.xlsx,xlsx,https://web.archive.org/web/20251029215527/https://www.cihi.ca/sites/default/files/document/how-canada-compares-cmwf-survey-2020-quick-stats-en.xlsx,2026-07-18,https://www.cihi.ca/en/access-data-and-reports/data-tables,CIHI open data; see https://www.cihi.ca/en/terms-and-conditions-of-use
Induced Abortions Reported in Canada in 2019,https://www.cihi.ca/sites/default/files/document/induced-abortions-reported-in-canada-in-2019-en.xlsx,xlsx,https://web.archive.org/web/20250827232030/https://www.cihi.ca/sites/default/files/document/induced-abortions-reported-in-canada-in-2019-en.xlsx,2026-07-18,https://www.cihi.ca/en/access-data-and-reports/data-tables,CIHI open data; see https://www.cihi.ca/en/terms-and-conditions-of-use
"Prescribed Drug Spending in Canada, 2020: A Focus on Public Drug Programs — International Comparisons, Data Tables",https://www.cihi.ca/sites/default/files/document/prescribed-drug-spending-canada-international-comparisons-1985-2018-data-table-en.xlsx,xlsx,https://web.archive.org/web/20230523215113/https://www.cihi.ca/sites/default/files/document/prescribed-drug-spending-canada-international-comparisons-1985-2018-data-table-en.xlsx,2026-07-18,https://www.cihi.ca/en/access-data-and-reports/data-tables,CIHI open data; see https://www.cihi.ca/en/terms-and-conditions-of-use
"Prescribed Drug Spending in Canada, 2020: A Focus on Public Drug Programs — Top 100 Drug Classes, 2019 Data Tables",https://www.cihi.ca/sites/default/files/document/prescribed-drug-spending-canada-top-100-drug-classes-2019-data-table-en.xlsx,xlsx,https://web.archive.org/web/20221026172241/https://www.cihi.ca/sites/default/files/document/prescribed-drug-spending-canada-top-100-drug-classes-2019-data-table-en.xlsx,2026-07-18,https://www.cihi.ca/en/access-data-and-reports/data-tables,CIHI open data; see https://www.cihi.ca/en/terms-and-conditions-of-use
"NACRS Emergency Department Visits and Length of Stay, 2019–2020",https://www.cihi.ca/sites/default/files/document/nacrs-emerg-dept-visits-length-of-stay-2019-data-table-en.xlsx,xlsx,https://web.archive.org/web/20220721140214/https://www.cihi.ca/sites/default/files/document/nacrs-emerg-dept-visits-length-of-stay-2019-data-table-en.xlsx,2026-07-18,https://www.cihi.ca/en/access-data-and-reports/data-tables,CIHI open data; see https://www.cihi.ca/en/terms-and-conditions-of-use
Children and Youth With Medical Complexity in Canada — Data Tables,https://www.cihi.ca/sites/default/files/document/children-youth-with-medical-complexity-data-tables-en.xlsx,xlsx,https://web.archive.org/web/20250901093519/https://www.cihi.ca/sites/default/files/document/children-youth-with-medical-complexity-data-tables-en.xlsx,2026-07-18,https://www.cihi.ca/en/access-data-and-reports/data-tables,CIHI open data; see https://www.cihi.ca/en/terms-and-conditions-of-use
"Injury and Trauma Emergency Department and Hospitalization Statistics, 2018–2019",https://www.cihi.ca/sites/default/files/document/injury-trauma-emergency-dept-hospitalization-stats-2018-2019-en.xlsx,xlsx,https://web.archive.org/web/20221115014029/https://www.cihi.ca/sites/default/files/document/injury-trauma-emergency-dept-hospitalization-stats-2018-2019-en.xlsx,2026-07-18,https://www.cihi.ca/en/access-data-and-reports/data-tables,CIHI open data; see https://www.cihi.ca/en/terms-and-conditions-of-use
Hip and Knee Replacements in Canada: CJRR 2017-2018 Quick Stats,https://www.cihi.ca/sites/default/files/document/cjrr-hip-knee-qs-2018-en.xlsx,xlsx,https://web.archive.org/web/20240531082630/https://www.cihi.ca/sites/default/files/document/cjrr-hip-knee-qs-2018-en.xlsx,2026-07-18,https://www.cihi.ca/en/access-data-and-reports/data-tables,CIHI open data; see https://www.cihi.ca/en/terms-and-conditions-of-use
Hip and Knee Replacements in Canada: CJRR 2018-2019 Quick Stats,https://www.cihi.ca/sites/default/files/document/cjrr-hip-knee-quickstats-2018-2019-data-tables-en.xlsx,xlsx,https://web.archive.org/web/20241121101224/https://www.cihi.ca/sites/default/files/document/cjrr-hip-knee-quickstats-2018-2019-data-tables-en.xlsx,2026-07-18,https://www.cihi.ca/en/access-data-and-reports/data-tables,CIHI open data; see https://www.cihi.ca/en/terms-and-conditions-of-use
"Cardiac Care Quality Indicators Report: Data Tables, 2020",https://www.cihi.ca/sites/default/files/document/ccqi-data-tables-2020-en.xlsx,xlsx,https://web.archive.org/web/20250817163737/https://www.cihi.ca/sites/default/files/document/ccqi-data-tables-2020-en.xlsx,2026-07-18,https://www.cihi.ca/en/access-data-and-reports/data-tables,CIHI open data; see https://www.cihi.ca/en/terms-and-conditions-of-use
NACRS Emergency Department Visits: Comparison of January to March 2019 and January to March 2020,https://www.cihi.ca/sites/default/files/document/nacrs-ed-visits-comparison-jan-mar-2019-and-jan-mar-2020-data-tables_en.xlsx,xlsx,,2026-07-18,https://www.cihi.ca/en/access-data-and-reports/data-tables,CIHI open data; see https://www.cihi.ca/en/terms-and-conditions-of-use
Pandemic Experience in the Long-Term Care Sector: How Does Canada Compare With Other Countries — Data Tables,https://www.cihi.ca/sites/default/files/document/covid-19-rapid-response-long-term-care-data-tables-en.xlsx,xlsx,https://web.archive.org/web/20250814173723/https://www.cihi.ca/sites/default/files/document/covid-19-rapid-response-long-term-care-data-tables-en.xlsx,2026-07-18,https://www.cihi.ca/en/access-data-and-reports/data-tables,CIHI open data; see https://www.cihi.ca/en/terms-and-conditions-of-use
"Inpatient Hospitalization, Surgery and Newborn Statistics, 2018–2019",https://www.cihi.ca/sites/default/files/document/dad-hmdb-childbirth-quick-stats-2018-2019-en-web.xlsx,xlsx,https://web.archive.org/web/20250321041543/https://www.cihi.ca/sites/default/files/document/dad-hmdb-childbirth-quick-stats-2018-2019-en-web.xlsx,2026-07-18,https://www.cihi.ca/en/access-data-and-reports/data-tables,CIHI open data; see https://www.cihi.ca/en/terms-and-conditions-of-use
"Hospital Beds Staffed and In Operation, 2018–2019",https://www.cihi.ca/sites/default/files/document/beds-staffed-and-in-operation-2018-2019-en-web.xlsx,xlsx,https://web.archive.org/web/20230521151619/https://www.cihi.ca/sites/default/files/document/beds-staffed-and-in-operation-2018-2019-en-web.xlsx,2026-07-18,https://www.cihi.ca/en/access-data-and-reports/data-tables,CIHI open data; see https://www.cihi.ca/en/terms-and-conditions-of-use
Estimating Planned Surgical Cancellations Due to COVID-19 Using Historical Data — Data Tables,https://www.cihi.ca/sites/default/files/document/covid-potential-impacts-of-surgery-cancellations-data-tables-en.xlsx,xlsx,https://web.archive.org/web/20250801215302/https://www.cihi.ca/sites/default/files/document/covid-potential-impacts-of-surgery-cancellations-data-tables-en.xlsx,2026-07-18,https://www.cihi.ca/en/access-data-and-reports/data-tables,CIHI open data; see https://www.cihi.ca/en/terms-and-conditions-of-use
How Canada Compares: Results From the Commonwealth Fund’s 2019 International Health Policy Survey of Primary Care Physicians in 11 Countries — Quick Stats (XLSX),https://www.cihi.ca/sites/default/files/document/cmwf-2019-data-tables-en.xlsx,xlsx,https://web.archive.org/web/20260107064709/https://www.cihi.ca/sites/default/files/document/cmwf-2019-data-tables-en.xlsx,2026-07-18,https://www.cihi.ca/en/access-data-and-reports/data-tables,CIHI open data; see https://www.cihi.ca/en/terms-and-conditions-of-use
Induced Abortions Reported in Canada in 2018,https://www.cihi.ca/sites/default/files/document/induced-abortions-reported-in-canada-in-2018-updated-data-tables-en-web.xlsx,xlsx,https://web.archive.org/web/20250305233726/https://www.cihi.ca/sites/default/files/document/induced-abortions-reported-in-canada-in-2018-updated-data-tables-en-web.xlsx,2026-07-18,https://www.cihi.ca/en/access-data-and-reports/data-tables,CIHI open data; see https://www.cihi.ca/en/terms-and-conditions-of-use
"Prescribed Drug Spending in Canada, 2019: A Focus on Public Drug Programs — Top 100 Drug Classes, 2018 Data Tables",https://www.cihi.ca/sites/default/files/document/pdex-2019-top-100-data-tables-en-web.xlsx,xlsx,https://web.archive.org/web/20260718155034/https://www.cihi.ca/sites/default/files/document/pdex-2019-top-100-data-tables-en-web.xlsx,2026-07-18,https://www.cihi.ca/en/access-data-and-reports/data-tables,CIHI open data; see https://www.cihi.ca/en/terms-and-conditions-of-use
"Prescribed Drug Spending in Canada, 2019: A Focus on Public Drug Programs — International Comparisons, Data Tables",https://www.cihi.ca/sites/default/files/document/pdex-international-comparisons-2019-en-web.xlsx,xlsx,https://web.archive.org/web/20221026172229/https://www.cihi.ca/sites/default/files/document/pdex-international-comparisons-2019-en-web.xlsx,2026-07-18,https://www.cihi.ca/en/access-data-and-reports/data-tables,CIHI open data; see https://www.cihi.ca/en/terms-and-conditions-of-use
"CORR Annual Statistics: Organ Donors, 2009 to 2018",https://www.cihi.ca/sites/default/files/document/corr-2019-ar-donor-data-tables-en.xlsx,xlsx,https://web.archive.org/web/20250504145124/https://www.cihi.ca/sites/default/files/document/corr-2019-ar-donor-data-tables-en.xlsx,2026-07-18,https://www.cihi.ca/en/access-data-and-reports/data-tables,CIHI open data; see https://www.cihi.ca/en/terms-and-conditions-of-use
"CORR Annual Statistics: Renal Replacement Therapy (Dialysis and Kidney Transplantation) for ESKD, 2009 to 2018",https://www.cihi.ca/sites/default/files/document/corr-2019-ar-kidney-data-tables-en.xlsx,xlsx,,2026-07-18,https://www.cihi.ca/en/access-data-and-reports/data-tables,CIHI open data; see https://www.cihi.ca/en/terms-and-conditions-of-use
"NACRS Emergency Department Visits and Length of Stay, 2018–2019 (XLXS)",https://www.cihi.ca/sites/default/files/document/nacrs-2018-2019-quickstats-en-web_0.xlsx,xlsx,https://web.archive.org/web/20250817160420/https://www.cihi.ca/sites/default/files/document/nacrs-2018-2019-quickstats-en-web_0.xlsx,2026-07-18,https://www.cihi.ca/en/access-data-and-reports/data-tables,CIHI open data; see https://www.cihi.ca/en/terms-and-conditions-of-use
"Measuring Trends in Health Inequalities in Cities: Hospitalization and Day Surgery Indicator Results, Overall and by Census Metropolitan Area — Data Tables",https://www.cihi.ca/sites/default/files/document/mthic-cihi-indicators-cma-en-web.xlsx,xlsx,https://web.archive.org/web/20230426210932/https://www.cihi.ca/sites/default/files/document/mthic-cihi-indicators-cma-en-web.xlsx,2026-07-18,https://www.cihi.ca/en/access-data-and-reports/data-tables,CIHI open data; see https://www.cihi.ca/en/terms-and-conditions-of-use
"Measuring Trends in Health Inequalities in Cities: Hospitalization and Day Surgery Indicator Results, by Census Subdivision — Data Tables",https://www.cihi.ca/sites/default/files/document/mthic-cihi-indicators-cma-csd-en-web.xlsx,xlsx,https://web.archive.org/web/20230311031710/https://www.cihi.ca/sites/default/files/document/mthic-cihi-indicators-cma-csd-en-web.xlsx,2026-07-18,https://www.cihi.ca/en/access-data-and-reports/data-tables,CIHI open data; see https://www.cihi.ca/en/terms-and-conditions-of-use
Hospital Stays for Harm Caused by Substance Use Among Youth Age 10 to 24 — Data Tables,https://www.cihi.ca/sites/default/files/document/hsu-youth-data-tables-2019-en-web.xlsx,xlsx,https://web.archive.org/web/20250420090528/https://www.cihi.ca/sites/default/files/document/hsu-youth-data-tables-2019-en-web.xlsx,2026-07-18,https://www.cihi.ca/en/access-data-and-reports/data-tables,CIHI open data; see https://www.cihi.ca/en/terms-and-conditions-of-use
"Injury and Trauma Emergency Department and Hospitalization Statistics, 2017–2018",https://www.cihi.ca/sites/default/files/document/2017-2018-injury-and-trauma-quick-stats-en-web.xlsx,xlsx,https://web.archive.org/web/20221222124950/https://www.cihi.ca/sites/default/files/document/2017-2018-injury-and-trauma-quick-stats-en-web.xlsx,2026-07-18,https://www.cihi.ca/en/access-data-and-reports/data-tables,CIHI open data; see https://www.cihi.ca/en/terms-and-conditions-of-use
"Cardiac Care Quality Indicators Report: Data Tables, 2019",https://www.cihi.ca/sites/default/files/document/ccqi-data-tables-2019-en.xlsx,xlsx,https://web.archive.org/web/20250817163750/https://www.cihi.ca/sites/default/files/document/ccqi-data-tables-2019-en.xlsx,2026-07-18,https://www.cihi.ca/en/access-data-and-reports/data-tables,CIHI open data; see https://www.cihi.ca/en/terms-and-conditions-of-use
"Inpatient Hospitalization, Surgery and Newborn Statistics, 2017–2018",https://www.cihi.ca/sites/default/files/document/dad-hmdb-childbirth-quick-stats-2017-2018-en.xlsx,xlsx,https://web.archive.org/web/20251031234410/https://www.cihi.ca/sites/default/files/document/dad-hmdb-childbirth-quick-stats-2017-2018-en.xlsx,2026-07-18,https://www.cihi.ca/en/access-data-and-reports/data-tables,CIHI open data; see https://www.cihi.ca/en/terms-and-conditions-of-use
Patient Experience in Canadian Hospitals — Data Tables,https://www.cihi.ca/sites/default/files/document/patient-experience-in-canadian-hospitals-2019-data-tables-en.xlsx,xlsx,https://web.archive.org/web/20260718155228/https://www.cihi.ca/sites/default/files/document/patient-experience-in-canadian-hospitals-2019-data-tables-en.xlsx,2026-07-18,https://www.cihi.ca/en/access-data-and-reports/data-tables,CIHI open data; see https://www.cihi.ca/en/terms-and-conditions-of-use
Induced Abortions Reported in Canada in 2017,https://www.cihi.ca/sites/default/files/document/induced-abortion-2017-en-web.xlsx,xlsx,https://web.archive.org/web/20250827223221/https://www.cihi.ca/sites/default/files/document/induced-abortion-2017-en-web.xlsx,2026-07-18,https://www.cihi.ca/en/access-data-and-reports/data-tables,CIHI open data; see https://www.cihi.ca/en/terms-and-conditions-of-use
"NACRS Emergency Department Visits and Length of Stay, 2017–2018",https://www.cihi.ca/sites/default/files/document/nacrs-2017-2018-qs-static-table-en.xlsx,xlsx,https://web.archive.org/web/20251220155731/https://www.cihi.ca/sites/default/files/document/nacrs-2017-2018-qs-static-table-en.xlsx,2026-07-18,https://www.cihi.ca/en/access-data-and-reports/data-tables,CIHI open data; see https://www.cihi.ca/en/terms-and-conditions-of-use
"Prescribed Drug Spending in Canada, 2018: A Focus on Public Drug Programs — Top 100 Drug Classes, 2017 Data Tables",https://www.cihi.ca/sites/default/files/document/pdex-2018-top-100-data-tables-en-web.xlsx,xlsx,,2026-07-18,https://www.cihi.ca/en/access-data-and-reports/data-tables,CIHI open data; see https://www.cihi.ca/en/terms-and-conditions-of-use
"Prescribed Drug Spending in Canada, 2018: A Focus on Public Drug Programs — International Comparisons, Data Tables",https://www.cihi.ca/sites/default/files/document/pdex-2018-international-comparisons-data-tables-en-web.xlsx,xlsx,https://web.archive.org/web/20240718043938/https://www.cihi.ca/sites/default/files/document/pdex-2018-international-comparisons-data-tables-en-web.xlsx,2026-07-18,https://www.cihi.ca/en/access-data-and-reports/data-tables,CIHI open data; see https://www.cihi.ca/en/terms-and-conditions-of-use
"Hip and Knee Replacements in Canada — Canadian Joint Replacement Registry, 2016–2017 Quick Stats",https://www.cihi.ca/sites/default/files/document/cjrr-hip-knee-qs-2017-en_0.xlsx,xlsx,https://web.archive.org/web/20260718155324/https://www.cihi.ca/sites/default/files/document/cjrr-hip-knee-qs-2017-en_0.xlsx,2026-07-18,https://www.cihi.ca/en/access-data-and-reports/data-tables,CIHI open data; see https://www.cihi.ca/en/terms-and-conditions-of-use
"Injury and Trauma Emergency Department and Hospitalization Statistics, 2016–2017",https://www.cihi.ca/sites/default/files/document/2016-2017-injury-and-trauma-quick-stats-en-web.xlsx,xlsx,https://web.archive.org/web/20250817153253/https://www.cihi.ca/sites/default/files/document/2016-2017-injury-and-trauma-quick-stats-en-web.xlsx,2026-07-18,https://www.cihi.ca/en/access-data-and-reports/data-tables,CIHI open data; see https://www.cihi.ca/en/terms-and-conditions-of-use
"Pan-Canadian Trends in the Prescribing of Opioids and Benzodiazepines, 2012 to 2017 — Data Tables",https://www.cihi.ca/sites/default/files/document/pan-canadian-prescribed-opioid-benzo-data-tables-june18-en-web.xlsx,xlsx,https://web.archive.org/web/20250827225113/https://www.cihi.ca/sites/default/files/document/pan-canadian-prescribed-opioid-benzo-data-tables-june18-en-web.xlsx,2026-07-18,https://www.cihi.ca/en/access-data-and-reports/data-tables,CIHI open data; see https://www.cihi.ca/en/terms-and-conditions-of-use
"Drug Use Among Seniors in Canada, 2016: Data Tables",https://www.cihi.ca/sites/default/files/document/drug-use-among-seniors-2016-data-tables-en-web.xlsx,xlsx,https://web.archive.org/web/20240214195312/https://www.cihi.ca/sites/default/files/document/drug-use-among-seniors-2016-data-tables-en-web.xlsx,2026-07-18,https://www.cihi.ca/en/access-data-and-reports/data-tables,CIHI open data; see https://www.cihi.ca/en/terms-and-conditions-of-use
"Inpatient Hospitalizations, Surgeries and Newborn Indicators, 2016–2017",https://www.cihi.ca/sites/default/files/document/hospchild-inpatientalosdiagsurg-2016-2017-en.xlsx,xlsx,https://web.archive.org/web/20250830013341/https://www.cihi.ca/sites/default/files/document/hospchild-inpatientalosdiagsurg-2016-2017-en.xlsx,2026-07-18,https://www.cihi.ca/en/access-data-and-reports/data-tables,CIHI open data; see https://www.cihi.ca/en/terms-and-conditions-of-use
The Commonwealth Fund 2017 International Health Policy Survey of Seniors,https://www.cihi.ca/sites/default/files/document/cmwf-2017-data-tables-en-web.xlsx,xlsx,https://web.archive.org/web/20250114154551/https://www.cihi.ca/sites/default/files/document/cmwf-2017-data-tables-en-web.xlsx,2026-07-18,https://www.cihi.ca/en/access-data-and-reports/data-tables,CIHI open data; see https://www.cihi.ca/en/terms-and-conditions-of-use
Induced Abortions Reported in Canada in 2016,https://www.cihi.ca/sites/default/files/document/induced-abortion-can-2016-en-web.xlsx,xlsx,https://web.archive.org/web/20260520011804/https://www.cihi.ca/sites/default/files/document/induced-abortion-can-2016-en-web.xlsx,2026-07-18,https://www.cihi.ca/en/access-data-and-reports/data-tables,CIHI open data; see https://www.cihi.ca/en/terms-and-conditions-of-use
"CORR Annual Statistics: Renal Replacement Therapy (Dialysis and Kidney Transplantation) for ESKD, 2007 to 2016",https://www.cihi.ca/sites/default/files/document/corr_ar-kidney-data-tables-en.xlsx,xlsx,https://web.archive.org/web/20231114145523/https://www.cihi.ca/sites/default/files/document/corr_ar-kidney-data-tables-en.xlsx,2026-07-18,https://www.cihi.ca/en/access-data-and-reports/data-tables,CIHI open data; see https://www.cihi.ca/en/terms-and-conditions-of-use
"NACRS Emergency Department Visits and Length of Stay, 2016–2017",https://www.cihi.ca/sites/default/files/document/nacrs-2016-2017-qs-static-table-en.xlsx,xlsx,https://web.archive.org/web/20250901090241/https://www.cihi.ca/sites/default/files/document/nacrs-2016-2017-qs-static-table-en.xlsx,2026-07-18,https://www.cihi.ca/en/access-data-and-reports/data-tables,CIHI open data; see https://www.cihi.ca/en/terms-and-conditions-of-use
"Hip and Knee Replacements in Canada — Canadian Joint Replacement Registry, 2015–2016 Quick Stats",https://www.cihi.ca/sites/default/files/document/cjrr-hip-knee-replacements-2015-2016-quickstats-en-web.xlsx,xlsx,,2026-07-18,https://www.cihi.ca/en/access-data-and-reports/data-tables,CIHI open data; see https://www.cihi.ca/en/terms-and-conditions-of-use
"Inpatient Hospitalizations, Surgeries and Newborn Indicators, 2015–2016",https://www.cihi.ca/sites/default/files/document/inpatientalosdiagsurg-2015-2016-en.xlsx,xlsx,https://web.archive.org/web/20220728071632/http://www.cihi.ca/sites/default/files/document/inpatientalosdiagsurg-2015-2016-en.xlsx,2026-07-18,https://www.cihi.ca/en/access-data-and-reports/data-tables,CIHI open data; see https://www.cihi.ca/en/terms-and-conditions-of-use
Unnecessary Care in Canada: Data Tables,https://www.cihi.ca/sites/default/files/document/cwc-data-tables-en-web.xlsx,xlsx,https://web.archive.org/web/20250114014657/https://www.cihi.ca/sites/default/files/document/cwc-data-tables-en-web.xlsx,2026-07-18,https://www.cihi.ca/en/access-data-and-reports/data-tables,CIHI open data; see https://www.cihi.ca/en/terms-and-conditions-of-use
Induced Abortions Reported in Canada in 2015,https://www.cihi.ca/sites/default/files/document/induced-abortion-can-2015-en-web.xlsx,xlsx,https://web.archive.org/web/20260306033234/https://www.cihi.ca/sites/default/files/document/induced-abortion-can-2015-en-web.xlsx,2026-07-18,https://www.cihi.ca/en/access-data-and-reports/data-tables,CIHI open data; see https://www.cihi.ca/en/terms-and-conditions-of-use
Commonwealth Fund Survey 2016: Data Tables,https://www.cihi.ca/sites/default/files/document/cmwf2016-datatable-en-web.xlsx,xlsx,https://web.archive.org/web/20250814171550/https://www.cihi.ca/sites/default/files/document/cmwf2016-datatable-en-web.xlsx,2026-07-18,https://www.cihi.ca/en/access-data-and-reports/data-tables,CIHI open data; see https://www.cihi.ca/en/terms-and-conditions-of-use
Canada’s International Health System Performance Over 50 Years: Data Tables,https://www.cihi.ca/sites/default/files/canada_intl_health_system_study_datatables_en_0.xlsx,xlsx,https://web.archive.org/web/20220618130846/https://www.cihi.ca/sites/default/files/canada_intl_health_system_study_datatables_en_0.xlsx,2026-07-18,https://www.cihi.ca/en/access-data-and-reports/data-tables,CIHI open data; see https://www.cihi.ca/en/terms-and-conditions-of-use
Care in Canadian ICUs — Data tables,https://www.cihi.ca/sites/default/files/document/icu_datatables_en.xlsx,xlsx,https://web.archive.org/web/20250817160311/https://www.cihi.ca/sites/default/files/document/icu_datatables_en.xlsx,2026-07-18,https://www.cihi.ca/en/access-data-and-reports/data-tables,CIHI open data; see https://www.cihi.ca/en/terms-and-conditions-of-use
Ambulance Use for Time-Sensitive Conditions: Stroke and Heart Attack — Data Tables,https://www.cihi.ca/sites/default/files/document/ambulance-use-data-tables-en.xlsx,xlsx,https://web.archive.org/web/20250929191551/https://www.cihi.ca/sites/default/files/document/ambulance-use-data-tables-en.xlsx,2026-07-18,https://www.cihi.ca/en/access-data-and-reports/data-tables,CIHI open data; see https://www.cihi.ca/en/terms-and-conditions-of-use
A Snapshot of Advance Directives in Long-Term Care: How Often Is &quot;Do Not&quot; Done? — Data tables,https://www.cihi.ca/sites/default/files/document/dnr-dnh_datatables_en.xlsx,xlsx,https://web.archive.org/web/20230802183555/https://www.cihi.ca/sites/default/files/document/dnr-dnh_datatables_en.xlsx,2026-07-18,https://www.cihi.ca/en/access-data-and-reports/data-tables,CIHI open data; see https://www.cihi.ca/en/terms-and-conditions-of-use
"Hip and Knee Replacements in Canada — Canadian Joint Replacement Registry, 2014–2015 Quick Stats",https://www.cihi.ca/sites/default/files/document/cjrrhipkneereplacementscanada2014-2015quickstats_en.xlsx,xlsx,https://web.archive.org/web/20230308003433/https://www.cihi.ca/sites/default/files/document/cjrrhipkneereplacementscanada2014-2015quickstats_en.xlsx,2026-07-18,https://www.cihi.ca/en/access-data-and-reports/data-tables,CIHI open data; see https://www.cihi.ca/en/terms-and-conditions-of-use
Outcomes for Simultaneous and Staged Bilateral Total Knee Replacement Surgeries: Data Tables,https://www.cihi.ca/sites/default/files/cjrr_tka_aib_data_tables_en.xlsx,xlsx,https://web.archive.org/web/20250929194147/https://www.cihi.ca/sites/default/files/cjrr_tka_aib_data_tables_en.xlsx,2026-07-18,https://www.cihi.ca/en/access-data-and-reports/data-tables,CIHI open data; see https://www.cihi.ca/en/terms-and-conditions-of-use
Deprivation in Canadian cities: An analytical tool,https://www.cihi.ca/sites/default/files/cphi_cma_depindex_excel_en.xls,xls,https://web.archive.org/web/20220402103752/https://www.cihi.ca/sites/default/files/cphi_cma_depindex_excel_en.xls,2026-07-18,https://www.cihi.ca/en/access-data-and-reports/data-tables,CIHI open data; see https://www.cihi.ca/en/terms-and-conditions-of-use
Anaphylaxis and Allergy in the Emergency Department,https://www.cihi.ca/sites/default/files/document/anaphylaxis_data_tables_enweb.xlsx,xlsx,https://web.archive.org/web/20220417212509/https://www.cihi.ca/sites/default/files/document/anaphylaxis_data_tables_enweb.xlsx,2026-07-18,https://www.cihi.ca/en/access-data-and-reports/data-tables,CIHI open data; see https://www.cihi.ca/en/terms-and-conditions-of-use
Bariatric Surgery in Canada,https://www.cihi.ca/sites/default/files/bariatric_data_051415_en_0.xlsx,xlsx,https://web.archive.org/web/20230308135954/https://www.cihi.ca/sites/default/files/bariatric_data_051415_en_0.xlsx,2026-07-18,https://www.cihi.ca/en/access-data-and-reports/data-tables,CIHI open data; see https://www.cihi.ca/en/terms-and-conditions-of-use
Weekend Admissions and In-Hospital Mortality — Data Tables,https://www.cihi.ca/sites/default/files/document/weekendmortality_datatable_en_0.xlsx,xlsx,https://web.archive.org/web/20250929183248/https://www.cihi.ca/sites/default/files/document/weekendmortality_datatable_en_0.xlsx,2026-07-18,https://www.cihi.ca/en/access-data-and-reports/data-tables,CIHI open data; see https://www.cihi.ca/en/terms-and-conditions-of-use
