"Year","Year ending","Offence Division","Offence Subdivision","Offence Group","Alleged Offender Incidents","Rate per 100,000 population 10 years and older","Rate per 100,000 population 12 years and older"
2026,"March","A Crimes against the person","A10 Homicide and related offences","A10 Homicide and related offences",220,3.44452631,3.539332449
2026,"March","A Crimes against the person","A20 Assault and related offences","A21 Serious assault",15616,244.49874023,251.228252414
2026,"March","A Crimes against the person","A20 Assault and related offences","A22 Assault police, emergency services or other authorised officer",2206,34.539204723,35.489851743
2026,"March","A Crimes against the person","A20 Assault and related offences","A23 Common assault",20181,315.972661155,324.66940074
2026,"March","A Crimes against the person","A30 Sexual offences","A31 Rape",1424,22.295479386,22.909133673
2026,"March","A Crimes against the person","A30 Sexual offences","A32 Indecent assault",1589,24.878874118,25.56363301
2026,"March","A Crimes against the person","A30 Sexual offences","A33 Incest",99,1.550036839,1.592699602
2026,"March","A Crimes against the person","A30 Sexual offences","A34 Sexual offences against children",663,10.380549742,10.666260973
2026,"March","A Crimes against the person","A30 Sexual offences","A39 Other sexual offences",600,9.394162663,9.652724862
2026,"March","A Crimes against the person","A40 Abduction and related offences","A40 Abduction and related offences",316,4.947592336,5.083768427
2026,"March","A Crimes against the person","A50 Robbery","A51 Aggravated robbery",2888,45.217236282,46.461782337
2026,"March","A Crimes against the person","A50 Robbery","A52 Non-aggravated robbery",211,3.30361387,3.394541577
2026,"March","A Crimes against the person","A60 Blackmail and extortion","A61 Blackmail",64,1.002044017,1.029623985
2026,"March","A Crimes against the person","A60 Blackmail and extortion","A62 Extortion",90,1.409124399,1.447908729
2026,"March","A Crimes against the person","A70 Stalking, harassment and threatening behaviour","A71 Stalking",1857,29.074933441,29.875183449
2026,"March","A Crimes against the person","A70 Stalking, harassment and threatening behaviour","A72 Harassment and private nuisance",598,9.362848787,9.620549113
2026,"March","A Crimes against the person","A70 Stalking, harassment and threatening behaviour","A73 Threatening behaviour",4483,70.190052027,72.121942595
2026,"March","A Crimes against the person","A80 Dangerous and negligent acts endangering people","A81 Dangerous driving",1109,17.363543988,17.84145312
2026,"March","A Crimes against the person","A80 Dangerous and negligent acts endangering people","A82 Neglect or ill treatment of people",16,0.250511004,0.257405996
2026,"March","A Crimes against the person","A80 Dangerous and negligent acts endangering people","A83 Throw or discharge object endangering people",582,9.112337783,9.363143116
2026,"March","A Crimes against the person","A80 Dangerous and negligent acts endangering people","A89 Other dangerous or negligent acts endangering people",1397,21.872742066,22.474761054
2026,"March","B Property and deception offences","B10 Arson","B11 Cause damage by fire",1015,15.891791837,16.329192892
2026,"March","B Property and deception offences","B10 Arson","B12 Cause a bushfire",47,0.735876075,0.756130114
2026,"March","B Property and deception offences","B10 Arson","B19 Other fire related offences",610,9.55073204,9.81360361
2026,"March","B Property and deception offences","B20 Property damage","B21 Criminal damage",11815,184.986719763,190.078240412
2026,"March","B Property and deception offences","B20 Property damage","B22 Graffiti",410,6.419344486,6.596028656
2026,"March","B Property and deception offences","B20 Property damage","B29 Other property damage offences",63,0.98638708,1.013536111
2026,"March","B Property and deception offences","B30 Burglary/Break and enter","B31 Aggravated burglary",3343,52.341142968,53.781765357
2026,"March","B Property and deception offences","B30 Burglary/Break and enter","B32 Non-aggravated burglary",8499,133.068314115,136.730847673
2026,"March","B Property and deception offences","B40 Theft","B41 Motor vehicle theft",8686,135.996161478,139.739280255
2026,"March","B Property and deception offences","B40 Theft","B42 Steal from a motor vehicle",3668,57.429647744,59.010324658
2026,"March","B Property and deception offences","B40 Theft","B43 Steal from a retail store",20998,328.764379313,337.813194428
2026,"March","B Property and deception offences","B40 Theft","B44 Theft of a bicycle",776,12.14978371,12.484190822
2026,"March","B Property and deception offences","B40 Theft","B45 Receiving or handling stolen goods",4083,63.927276919,65.686792687
2026,"March","B Property and deception offences","B40 Theft","B46 Fare evasion",4,0.062627751,0.064351499
2026,"March","B Property and deception offences","B40 Theft","B49 Other theft",6042,94.599218012,97.202939362
2026,"March","B Property and deception offences","B50 Deception & B60 Bribery","B51 Forgery and counterfeiting",1741,27.258728659,28.008989975
2026,"March","B Property and deception offences","B50 Deception & B60 Bribery","B53 Obtain benefit by deception",4715,73.82246159,75.854329542
2026,"March","B Property and deception offences","B50 Deception & B60 Bribery","B54 State false information",334,5.229417215,5.373350173
2026,"March","B Property and deception offences","B50 Deception & B60 Bribery","B56 Professional malpractice and misrepresentation",30,0.469708133,0.482636243
2026,"March","B Property and deception offences","B50 Deception & B60 Bribery","Other deception offences & B61 Bribery of officials",74,1.158613395,1.190502733
2026,"March","C Drug offences","C10 Drug dealing and trafficking & C90 Other drug offences","C11 Drug dealing & C99 Other drug offences",23,0.360109569,0.37002112
2026,"March","C Drug offences","C10 Drug dealing and trafficking & C90 Other drug offences","C12 Drug trafficking",2155,33.740700896,34.66937013
2026,"March","C Drug offences","C20 Cultivate or manufacture drugs","C21 Cultivate drugs",457,7.155220561,7.35215877
2026,"March","C Drug offences","C20 Cultivate or manufacture drugs","C22 Manufacture drugs & C23 Possess drug manufacturing equipment or precursor",1455,22.780844457,23.407857791
2026,"March","C Drug offences","C30 Drug use and possession","C31 Drug use",31,0.485365071,0.498724118
2026,"March","C Drug offences","C30 Drug use and possession","C32 Drug possession",9013,141.115980129,145.000015305
2026,"March","D Public order and security offences","D10 Weapons and explosives offences","D11 Firearms offences",1789,28.010261672,28.781207964
2026,"March","D Public order and security offences","D10 Weapons and explosives offences","D12 Prohibited and controlled weapons offences",6204,97.135641931,99.809175075
2026,"March","D Public order and security offences","D10 Weapons and explosives offences","D13 Explosives offences",153,2.395511479,2.46144484
2026,"March","D Public order and security offences","D20 Disorderly and offensive conduct","D21 Riot and affray",581,9.096680845,9.347055242
2026,"March","D Public order and security offences","D20 Disorderly and offensive conduct","D22 Drunk and disorderly in public",9,0.14091244,0.144790873
2026,"March","D Public order and security offences","D20 Disorderly and offensive conduct","D23 Offensive conduct",1059,16.580697099,17.037059382
2026,"March","D Public order and security offences","D20 Disorderly and offensive conduct","D24 Offensive language",223,3.491497123,3.587596074
2026,"March","D Public order and security offences","D20 Disorderly and offensive conduct","D25 Criminal intent",160,2.505110043,2.574059963
2026,"March","D Public order and security offences","D20 Disorderly and offensive conduct","D26 Disorderly conduct",253,3.961205256,4.070232317
2026,"March","D Public order and security offences","D30 Public nuisance offences","D31 Privacy offences",35,0.547992822,0.563075617
2026,"March","D Public order and security offences","D30 Public nuisance offences","D32 Hoaxes",61,0.955073204,0.981360361
2026,"March","D Public order and security offences","D30 Public nuisance offences","D33 Begging",2,0.031313876,0.03217575
2026,"March","D Public order and security offences","D30 Public nuisance offences","D34 Defamation and libel & D36 Other public nuisance offences",5,0.078284689,0.080439374
2026,"March","D Public order and security offences","D30 Public nuisance offences","D35 Improper movement on public or private space",1219,19.085807143,19.611119345
2026,"March","D Public order and security offences","D40 Public security offences","D40 Public security offences",18,0.28182488,0.289581746
2026,"March","E Justice procedures offences","E10 Justice procedures","E11 Escape custody & E12 Fail to appear",73,1.142956457,1.174414858
2026,"March","E Justice procedures offences","E10 Justice procedures","E13 Resist or hinder officer",1827,28.605225307,29.392547205
2026,"March","E Justice procedures offences","E10 Justice procedures","E14 Pervert the course of justice or commit perjury",289,4.524855016,4.649395809
2026,"March","E Justice procedures offences","E10 Justice procedures","E15 Prison regulation offences",218,3.413212434,3.5071567
2026,"March","E Justice procedures offences","E10 Justice procedures","E19 Other justice procedures offences",553,8.658286587,8.896594748
2026,"March","E Justice procedures offences","E20 Breaches of orders","E21 Breach family violence order",21172,331.488686486,340.612484638
2026,"March","E Justice procedures offences","E20 Breaches of orders","E22 Breach intervention order",3130,49.006215223,50.355048031
2026,"March","E Justice procedures offences","E20 Breaches of orders","E23 Breach bail conditions",8421,131.847072969,135.475993441
2026,"March","E Justice procedures offences","E20 Breaches of orders","E29 Breach of other orders",1172,18.349931068,18.854989231
2026,"March","F Other offences","F10 Regulatory driving offences & F20 Transport regulation offences","F10 Regulatory driving offences & F20 Transport regulation offences",224,3.507154061,3.603683949
2026,"March","F Other offences","F30 Other government regulatory offences","F30 Other government regulatory offences",91,1.424781337,1.463996604
2026,"March","F Other offences","F90 Miscellaneous offences","F90 Miscellaneous offences",105,1.643978466,1.689226851
2025,"March","A Crimes against the person","A10 Homicide and related offences","A10 Homicide and related offences",208,3.317839448,3.409638195
2025,"March","A Crimes against the person","A20 Assault and related offences","A21 Serious assault",13236,211.129437211,216.971015125
2025,"March","A Crimes against the person","A20 Assault and related offences","A22 Assault police, emergency services or other authorised officer",1963,31.312109795,32.178460463
2025,"March","A Crimes against the person","A20 Assault and related offences","A23 Common assault",19292,307.729608846,316.243942565
2025,"March","A Crimes against the person","A30 Sexual offences","A31 Rape",1288,20.545082739,21.113528821
2025,"March","A Crimes against the person","A30 Sexual offences","A32 Indecent assault",1597,25.473988458,26.17880864
2025,"March","A Crimes against the person","A30 Sexual offences","A33 Incest",79,1.260140944,1.295006814
2025,"March","A Crimes against the person","A30 Sexual offences","A34 Sexual offences against children",543,8.661475099,8.901122787
2025,"March","A Crimes against the person","A30 Sexual offences","A39 Other sexual offences",458,7.305627247,7.507761025
2025,"March","A Crimes against the person","A40 Abduction and related offences","A40 Abduction and related offences",317,5.056514929,5.196419749
2025,"March","A Crimes against the person","A50 Robbery","A51 Aggravated robbery",2894,46.162631557,47.439869883
2025,"March","A Crimes against the person","A50 Robbery","A52 Non-aggravated robbery",199,3.174279088,3.262105773
2025,"March","A Crimes against the person","A60 Blackmail and extortion","A61 Blackmail",45,0.717801804,0.737662109
2025,"March","A Crimes against the person","A60 Blackmail and extortion","A62 Extortion",60,0.957069072,0.983549479
2025,"March","A Crimes against the person","A70 Stalking, harassment and threatening behaviour","A71 Stalking",1586,25.298525795,25.998491235
2025,"March","A Crimes against the person","A70 Stalking, harassment and threatening behaviour","A72 Harassment and private nuisance",480,7.656552573,7.868395834
2025,"March","A Crimes against the person","A70 Stalking, harassment and threatening behaviour","A73 Threatening behaviour",4148,66.165375155,67.996053999
2025,"March","A Crimes against the person","A80 Dangerous and negligent acts endangering people","A81 Dangerous driving",889,14.180573412,14.572924784
2025,"March","A Crimes against the person","A80 Dangerous and negligent acts endangering people","A82 Neglect or ill treatment of people",10,0.159511512,0.163924913
2025,"March","A Crimes against the person","A80 Dangerous and negligent acts endangering people","A83 Throw or discharge object endangering people",457,7.289676096,7.491368534
2025,"March","A Crimes against the person","A80 Dangerous and negligent acts endangering people","A89 Other dangerous or negligent acts endangering people",1403,22.379465126,22.998665323
2025,"March","B Property and deception offences","B10 Arson","B11 Cause damage by fire",954,15.21739824,15.63843672
2025,"March","B Property and deception offences","B10 Arson","B12 Cause a bushfire",23,0.366876477,0.3770273
2025,"March","B Property and deception offences","B10 Arson","B19 Other fire related offences",428,6.827092711,7.015986285
2025,"March","B Property and deception offences","B20 Property damage","B21 Criminal damage",11037,176.052855735,180.92392671
2025,"March","B Property and deception offences","B20 Property damage","B22 Graffiti",381,6.077388605,6.245539193
2025,"March","B Property and deception offences","B20 Property damage","B29 Other property damage offences",64,1.020873676,1.049119445
2025,"March","B Property and deception offences","B30 Burglary/Break and enter","B31 Aggravated burglary",3721,59.354233595,60.996460205
2025,"March","B Property and deception offences","B30 Burglary/Break and enter","B32 Non-aggravated burglary",9097,145.107622417,149.122493547
2025,"March","B Property and deception offences","B40 Theft","B41 Motor vehicle theft",8328,132.841187148,136.516667721
2025,"March","B Property and deception offences","B40 Theft","B42 Steal from a motor vehicle",3951,63.02299837,64.766733209
2025,"March","B Property and deception offences","B40 Theft","B43 Steal from a retail store",18803,299.929495912,308.228014309
2025,"March","B Property and deception offences","B40 Theft","B44 Theft of a bicycle",733,11.692193826,12.015696138
2025,"March","B Property and deception offences","B40 Theft","B45 Receiving or handling stolen goods",4018,64.0917255,65.865030128
2025,"March","B Property and deception offences","B40 Theft","B46 Fare evasion",5,0.079755756,0.081962457
2025,"March","B Property and deception offences","B40 Theft","B49 Other theft",5793,92.40501887,94.961702223
2025,"March","B Property and deception offences","B50 Deception & B60 Bribery","B51 Forgery and counterfeiting",1195,19.061625678,19.589027129
2025,"March","B Property and deception offences","B50 Deception & B60 Bribery","B53 Obtain benefit by deception",5076,80.968043464,83.208285945
2025,"March","B Property and deception offences","B50 Deception & B60 Bribery","B54 State false information",323,5.152221836,5.294774697
2025,"March","B Property and deception offences","B50 Deception & B60 Bribery","B56 Professional malpractice and misrepresentation",31,0.494485687,0.508167231
2025,"March","B Property and deception offences","B50 Deception & B60 Bribery","Other deception offences & B61 Bribery of officials",88,1.403701305,1.442539236
2025,"March","C Drug offences","C10 Drug dealing and trafficking & C90 Other drug offences","C11 Drug dealing & C99 Other drug offences",19,0.303071873,0.311457335
2025,"March","C Drug offences","C10 Drug dealing and trafficking & C90 Other drug offences","C12 Drug trafficking",2018,32.189423111,33.080047486
2025,"March","C Drug offences","C20 Cultivate or manufacture drugs","C21 Cultivate drugs",523,8.342452075,8.573272961
2025,"March","C Drug offences","C20 Cultivate or manufacture drugs","C22 Manufacture drugs & C23 Possess drug manufacturing equipment or precursor",1325,21.135275333,21.720051
2025,"March","C Drug offences","C30 Drug use and possession","C31 Drug use",24,0.382827629,0.393419792
2025,"March","C Drug offences","C30 Drug use and possession","C32 Drug possession",8369,133.495184347,137.188759865
2025,"March","D Public order and security offences","D10 Weapons and explosives offences","D11 Firearms offences",1617,25.793011482,26.506658466
2025,"March","D Public order and security offences","D10 Weapons and explosives offences","D12 Prohibited and controlled weapons offences",5508,87.85894078,90.289842196
2025,"March","D Public order and security offences","D10 Weapons and explosives offences","D13 Explosives offences",127,2.025796202,2.081846398
2025,"March","D Public order and security offences","D20 Disorderly and offensive conduct","D21 Riot and affray",622,9.921616043,10.196129602
2025,"March","D Public order and security offences","D20 Disorderly and offensive conduct","D22 Drunk and disorderly in public",25,0.39877878,0.409812283
2025,"March","D Public order and security offences","D20 Disorderly and offensive conduct","D23 Offensive conduct",769,12.266435269,12.605825826
2025,"March","D Public order and security offences","D20 Disorderly and offensive conduct","D24 Offensive language",132,2.105551958,2.163808854
2025,"March","D Public order and security offences","D20 Disorderly and offensive conduct","D25 Criminal intent",117,1.86628469,1.917921485
2025,"March","D Public order and security offences","D20 Disorderly and offensive conduct","D26 Disorderly conduct",228,3.636862472,3.737488021
2025,"March","D Public order and security offences","D30 Public nuisance offences","D31 Privacy offences",30,0.478534536,0.49177474
2025,"March","D Public order and security offences","D30 Public nuisance offences","D32 Hoaxes",57,0.909215618,0.934372005
2025,"March","D Public order and security offences","D30 Public nuisance offences","D33 Begging",8,0.12760921,0.131139931
2025,"March","D Public order and security offences","D30 Public nuisance offences","D34 Defamation and libel & D36 Other public nuisance offences",9,0.143560361,0.147532422
2025,"March","D Public order and security offences","D30 Public nuisance offences","D35 Improper movement on public or private space",1000,15.951151195,16.392491321
2025,"March","D Public order and security offences","D40 Public security offences","D40 Public security offences",13,0.207364966,0.213102387
2025,"March","E Justice procedures offences","E10 Justice procedures","E11 Escape custody & E12 Fail to appear",37,0.590192594,0.606522179
2025,"March","E Justice procedures offences","E10 Justice procedures","E13 Resist or hinder officer",1386,22.108295556,22.719992971
2025,"March","E Justice procedures offences","E10 Justice procedures","E14 Pervert the course of justice or commit perjury",292,4.657736149,4.786607466
2025,"March","E Justice procedures offences","E10 Justice procedures","E15 Prison regulation offences",95,1.515359363,1.557286675
2025,"March","E Justice procedures offences","E10 Justice procedures","E19 Other justice procedures offences",556,8.868840064,9.114225174
2025,"March","E Justice procedures offences","E20 Breaches of orders","E21 Breach family violence order",19318,308.144338777,316.670147339
2025,"March","E Justice procedures offences","E20 Breaches of orders","E22 Breach intervention order",2652,42.302452968,43.472886983
2025,"March","E Justice procedures offences","E20 Breaches of orders","E23 Breach bail conditions",5997,95.659053714,98.305770452
2025,"March","E Justice procedures offences","E20 Breaches of orders","E29 Breach of other orders",1343,21.422396054,22.015115844
2025,"March","F Other offences","F10 Regulatory driving offences & F20 Transport regulation offences","F10 Regulatory driving offences & F20 Transport regulation offences",177,2.823353761,2.901470964
2025,"March","F Other offences","F30 Other government regulatory offences","F30 Other government regulatory offences",100,1.595115119,1.639249132
2025,"March","F Other offences","F90 Miscellaneous offences","F90 Miscellaneous offences",103,1.642968573,1.688426606
2024,"March","A Crimes against the person","A10 Homicide and related offences","A10 Homicide and related offences",191,3.104080973,3.191327076
2024,"March","A Crimes against the person","A20 Assault and related offences","A21 Serious assault",12164,197.686078278,203.242421726
2024,"March","A Crimes against the person","A20 Assault and related offences","A22 Assault police, emergency services or other authorised officer",1781,28.94433619,29.757871843
2024,"March","A Crimes against the person","A20 Assault and related offences","A23 Common assault",18432,299.551939726,307.971417071
2024,"March","A Crimes against the person","A30 Sexual offences","A31 Rape",1259,20.460931647,21.03602507
2024,"March","A Crimes against the person","A30 Sexual offences","A32 Indecent assault",1600,26.002772546,26.733629954
2024,"March","A Crimes against the person","A30 Sexual offences","A33 Incest",99,1.608921551,1.654143353
2024,"March","A Crimes against the person","A30 Sexual offences","A34 Sexual offences against children",519,8.434649344,8.671721216
2024,"March","A Crimes against the person","A30 Sexual offences","A39 Other sexual offences",430,6.988245122,7.18466305
2024,"March","A Crimes against the person","A40 Abduction and related offences","A40 Abduction and related offences",240,3.900415882,4.010044493
2024,"March","A Crimes against the person","A50 Robbery","A51 Aggravated robbery",2610,42.417022715,43.609233863
2024,"March","A Crimes against the person","A50 Robbery","A52 Non-aggravated robbery",253,4.111688409,4.227255236
2024,"March","A Crimes against the person","A60 Blackmail and extortion","A61 Blackmail",54,0.877593573,0.902260011
2024,"March","A Crimes against the person","A60 Blackmail and extortion","A62 Extortion",47,0.763831444,0.78530038
2024,"March","A Crimes against the person","A70 Stalking, harassment and threatening behaviour","A71 Stalking",1544,25.092675507,25.797952906
2024,"March","A Crimes against the person","A70 Stalking, harassment and threatening behaviour","A72 Harassment and private nuisance",428,6.955741656,7.151246013
2024,"March","A Crimes against the person","A70 Stalking, harassment and threatening behaviour","A73 Threatening behaviour",3780,61.431550139,63.158200767
2024,"March","A Crimes against the person","A80 Dangerous and negligent acts endangering people","A81 Dangerous driving",774,12.578841219,12.93239349
2024,"March","A Crimes against the person","A80 Dangerous and negligent acts endangering people","A82 Neglect or ill treatment of people",23,0.373789855,0.384295931
2024,"March","A Crimes against the person","A80 Dangerous and negligent acts endangering people","A83 Throw or discharge object endangering people",382,6.208161945,6.382654152
2024,"March","A Crimes against the person","A80 Dangerous and negligent acts endangering people","A89 Other dangerous or negligent acts endangering people",1546,25.125178972,25.831369943
2024,"March","B Property and deception offences","B10 Arson","B11 Cause damage by fire",716,11.636240714,11.963299404
2024,"March","B Property and deception offences","B10 Arson","B12 Cause a bushfire",26,0.422545054,0.434421487
2024,"March","B Property and deception offences","B10 Arson","B19 Other fire related offences",255,4.144191874,4.260672274
2024,"March","B Property and deception offences","B20 Property damage","B21 Criminal damage",9790,159.104464514,163.576398282
2024,"March","B Property and deception offences","B20 Property damage","B22 Graffiti",333,5.411827036,5.563936734
2024,"March","B Property and deception offences","B20 Property damage","B29 Other property damage offences",62,1.007607436,1.035928161
2024,"March","B Property and deception offences","B30 Burglary/Break and enter","B31 Aggravated burglary",2864,46.544962857,47.853197618
2024,"March","B Property and deception offences","B30 Burglary/Break and enter","B32 Non-aggravated burglary",7242,117.695049235,121.00309258
2024,"March","B Property and deception offences","B40 Theft","B41 Motor vehicle theft",6372,103.556041663,106.466681292
2024,"March","B Property and deception offences","B40 Theft","B42 Steal from a motor vehicle",3619,58.815021152,60.468129252
2024,"March","B Property and deception offences","B40 Theft","B43 Steal from a retail store",13535,219.967204003,226.149800893
2024,"March","B Property and deception offences","B40 Theft","B44 Theft of a bicycle",556,9.03596346,9.289936409
2024,"March","B Property and deception offences","B40 Theft","B45 Receiving or handling stolen goods",2956,48.040122278,49.39038134
2024,"March","B Property and deception offences","B40 Theft","B46 Fare evasion",2,0.032503466,0.033417037
2024,"March","B Property and deception offences","B40 Theft","B49 Other theft",4939,80.267308502,82.523373965
2024,"March","B Property and deception offences","B50 Deception & B60 Bribery","B51 Forgery and counterfeiting",1100,17.876906125,18.379370593
2024,"March","B Property and deception offences","B50 Deception & B60 Bribery","B53 Obtain benefit by deception",5007,81.372426335,83.659553238
2024,"March","B Property and deception offences","B50 Deception & B60 Bribery","B54 State false information",355,5.769365159,5.931524146
2024,"March","B Property and deception offences","B50 Deception & B60 Bribery","B56 Professional malpractice and misrepresentation",30,0.487551985,0.501255562
2024,"March","B Property and deception offences","B50 Deception & B60 Bribery","Other deception offences & B61 Bribery of officials",94,1.527662887,1.57060076
2024,"March","C Drug offences","C10 Drug dealing and trafficking & C90 Other drug offences","C11 Drug dealing & C99 Other drug offences",21,0.34128639,0.350878893
2024,"March","C Drug offences","C10 Drug dealing and trafficking & C90 Other drug offences","C12 Drug trafficking",2175,35.347518929,36.341028219
2024,"March","C Drug offences","C20 Cultivate or manufacture drugs","C21 Cultivate drugs",565,9.182229055,9.440313078
2024,"March","C Drug offences","C20 Cultivate or manufacture drugs","C22 Manufacture drugs & C23 Possess drug manufacturing equipment or precursor",1089,17.698137064,18.195576888
2024,"March","C Drug offences","C30 Drug use and possession","C31 Drug use",23,0.373789855,0.384295931
2024,"March","C Drug offences","C30 Drug use and possession","C32 Drug possession",8124,132.0290776,135.740006092
2024,"March","D Public order and security offences","D10 Weapons and explosives offences","D11 Firearms offences",1528,24.832647781,25.530616606
2024,"March","D Public order and security offences","D10 Weapons and explosives offences","D12 Prohibited and controlled weapons offences",5122,83.241375612,85.581032891
2024,"March","D Public order and security offences","D10 Weapons and explosives offences","D13 Explosives offences",106,1.722683681,1.771102984
2024,"March","D Public order and security offences","D20 Disorderly and offensive conduct","D21 Riot and affray",538,8.743432268,8.989183072
2024,"March","D Public order and security offences","D20 Disorderly and offensive conduct","D22 Drunk and disorderly in public",1478,24.020061139,24.69519067
2024,"March","D Public order and security offences","D20 Disorderly and offensive conduct","D23 Offensive conduct",921,14.967845947,15.388545742
2024,"March","D Public order and security offences","D20 Disorderly and offensive conduct","D24 Offensive language",191,3.104080973,3.191327076
2024,"March","D Public order and security offences","D20 Disorderly and offensive conduct","D25 Criminal intent",86,1.397649024,1.43693261
2024,"March","D Public order and security offences","D20 Disorderly and offensive conduct","D26 Disorderly conduct",167,2.714039384,2.790322626
2024,"March","D Public order and security offences","D30 Public nuisance offences","D31 Privacy offences",27,0.438796787,0.451130005
2024,"March","D Public order and security offences","D30 Public nuisance offences","D32 Hoaxes",48,0.780083176,0.802008899
2024,"March","D Public order and security offences","D30 Public nuisance offences","D33 Begging",8,0.130013863,0.13366815
2024,"March","D Public order and security offences","D30 Public nuisance offences","D34 Defamation and libel & D36 Other public nuisance offences",7,0.11376213,0.116959631
2024,"March","D Public order and security offences","D30 Public nuisance offences","D35 Improper movement on public or private space",873,14.18776277,14.586536844
2024,"March","D Public order and security offences","D40 Public security offences","D40 Public security offences",10,0.162517328,0.167085187
2024,"March","E Justice procedures offences","E10 Justice procedures","E11 Escape custody & E12 Fail to appear",28,0.45504852,0.467838524
2024,"March","E Justice procedures offences","E10 Justice procedures","E13 Resist or hinder officer",1375,22.346132656,22.974213242
2024,"March","E Justice procedures offences","E10 Justice procedures","E14 Pervert the course of justice or commit perjury",286,4.647995593,4.778636354
2024,"March","E Justice procedures offences","E10 Justice procedures","E15 Prison regulation offences",123,1.998963139,2.055147803
2024,"March","E Justice procedures offences","E10 Justice procedures","E19 Other justice procedures offences",574,9.328494651,9.590689746
2024,"March","E Justice procedures offences","E20 Breaches of orders","E21 Breach family violence order",16691,271.257672849,278.881885977
2024,"March","E Justice procedures offences","E20 Breaches of orders","E22 Breach intervention order",2165,35.185001601,36.173943032
2024,"March","E Justice procedures offences","E20 Breaches of orders","E23 Breach bail conditions",7589,123.33440053,126.800948576
2024,"March","E Justice procedures offences","E20 Breaches of orders","E29 Breach of other orders",1229,19.973379662,20.534769508
2024,"March","F Other offences","F10 Regulatory driving offences & F20 Transport regulation offences","F10 Regulatory driving offences & F20 Transport regulation offences",180,2.925311911,3.00753337
2024,"March","F Other offences","F30 Other government regulatory offences","F30 Other government regulatory offences",57,0.926348772,0.952385567
2024,"March","F Other offences","F90 Miscellaneous offences","F90 Miscellaneous offences",103,1.673928483,1.720977428
2023,"March","A Crimes against the person","A10 Homicide and related offences","A10 Homicide and related offences",173,2.882174699,2.964170207
2023,"March","A Crimes against the person","A20 Assault and related offences","A21 Serious assault",11922,198.620154698,204.270735313
2023,"March","A Crimes against the person","A20 Assault and related offences","A22 Assault police, emergency services or other authorised officer",1860,30.987543008,31.869113209
2023,"March","A Crimes against the person","A20 Assault and related offences","A23 Common assault",19598,326.502079497,335.790796063
2023,"March","A Crimes against the person","A30 Sexual offences","A31 Rape",1197,19.941983323,20.509316404
2023,"March","A Crimes against the person","A30 Sexual offences","A32 Indecent assault",1570,26.156151894,26.900272978
2023,"March","A Crimes against the person","A30 Sexual offences","A33 Incest",93,1.54937715,1.59345566
2023,"March","A Crimes against the person","A30 Sexual offences","A34 Sexual offences against children",375,6.24748851,6.425224437
2023,"March","A Crimes against the person","A30 Sexual offences","A39 Other sexual offences",380,6.330788356,6.510894097
2023,"March","A Crimes against the person","A40 Abduction and related offences","A40 Abduction and related offences",290,4.831391114,4.968840232
2023,"March","A Crimes against the person","A50 Robbery","A51 Aggravated robbery",1978,32.953419392,33.890917166
2023,"March","A Crimes against the person","A50 Robbery","A52 Non-aggravated robbery",161,2.682255067,2.758563025
2023,"March","A Crimes against the person","A60 Blackmail and extortion","A61 Blackmail",33,0.549778989,0.56541975
2023,"March","A Crimes against the person","A60 Blackmail and extortion","A62 Extortion",37,0.616418866,0.633955478
2023,"March","A Crimes against the person","A70 Stalking, harassment and threatening behaviour","A71 Stalking",1520,25.323153426,26.043576386
2023,"March","A Crimes against the person","A70 Stalking, harassment and threatening behaviour","A72 Harassment and private nuisance",391,6.514048019,6.699367347
2023,"March","A Crimes against the person","A70 Stalking, harassment and threatening behaviour","A73 Threatening behaviour",3944,65.706919152,67.576227149
2023,"March","A Crimes against the person","A80 Dangerous and negligent acts endangering people","A81 Dangerous driving",859,14.310913679,14.718047445
2023,"March","A Crimes against the person","A80 Dangerous and negligent acts endangering people","A82 Neglect or ill treatment of people",24,0.399839265,0.411214364
2023,"March","A Crimes against the person","A80 Dangerous and negligent acts endangering people","A83 Throw or discharge object endangering people",382,6.364108295,6.54516196
2023,"March","A Crimes against the person","A80 Dangerous and negligent acts endangering people","A89 Other dangerous or negligent acts endangering people",1701,28.33860788,29.144818048
2023,"March","B Property and deception offences","B10 Arson","B11 Cause damage by fire",609,10.14592134,10.434564486
2023,"March","B Property and deception offences","B10 Arson","B12 Cause a bushfire",17,0.283219479,0.291276841
2023,"March","B Property and deception offences","B10 Arson","B19 Other fire related offences",197,3.282013964,3.375384571
2023,"March","B Property and deception offences","B20 Property damage","B21 Criminal damage",9437,157.220130841,161.692914708
2023,"March","B Property and deception offences","B20 Property damage","B22 Graffiti",421,7.0138471,7.213385302
2023,"March","B Property and deception offences","B20 Property damage","B29 Other property damage offences",72,1.199517794,1.233643092
2023,"March","B Property and deception offences","B30 Burglary/Break and enter","B31 Aggravated burglary",2496,41.58328352,42.766293855
2023,"March","B Property and deception offences","B30 Burglary/Break and enter","B32 Non-aggravated burglary",6249,104.108148524,107.069940024
2023,"March","B Property and deception offences","B40 Theft","B41 Motor vehicle theft",5326,88.730996806,91.255320943
2023,"March","B Property and deception offences","B40 Theft","B42 Steal from a motor vehicle",3285,54.727999344,56.284966071
2023,"March","B Property and deception offences","B40 Theft","B43 Steal from a retail store",10147,169.048709086,173.858006309
2023,"March","B Property and deception offences","B40 Theft","B44 Theft of a bicycle",460,7.663585905,7.881608643
2023,"March","B Property and deception offences","B40 Theft","B45 Receiving or handling stolen goods",2919,48.630450559,50.013947021
2023,"March","B Property and deception offences","B40 Theft","B46 Fare evasion",2,0.033319939,0.034267864
2023,"March","B Property and deception offences","B40 Theft","B49 Other theft",4391,73.153925455,75.235094679
2023,"March","B Property and deception offences","B50 Deception & B60 Bribery","B51 Forgery and counterfeiting",1072,17.859487153,18.367574925
2023,"March","B Property and deception offences","B50 Deception & B60 Bribery","B53 Obtain benefit by deception",4593,76.519239266,78.696148909
2023,"March","B Property and deception offences","B50 Deception & B60 Bribery","B54 State false information",308,5.131270563,5.277251005
2023,"March","B Property and deception offences","B50 Deception & B60 Bribery","B56 Professional malpractice and misrepresentation",36,0.599758897,0.616821546
2023,"March","B Property and deception offences","B50 Deception & B60 Bribery","Other deception offences & B61 Bribery of officials",81,1.349457518,1.387848478
2023,"March","C Drug offences","C10 Drug dealing and trafficking & C90 Other drug offences","C11 Drug dealing & C99 Other drug offences",19,0.316539418,0.325544705
2023,"March","C Drug offences","C10 Drug dealing and trafficking & C90 Other drug offences","C12 Drug trafficking",2272,37.851450384,38.928293125
2023,"March","C Drug offences","C20 Cultivate or manufacture drugs","C21 Cultivate drugs",677,11.278799256,11.599671851
2023,"March","C Drug offences","C20 Cultivate or manufacture drugs","C22 Manufacture drugs & C23 Possess drug manufacturing equipment or precursor",755,12.578276866,12.936118534
2023,"March","C Drug offences","C30 Drug use and possession","C31 Drug use",33,0.549778989,0.56541975
2023,"March","C Drug offences","C30 Drug use and possession","C32 Drug possession",9068,151.072602147,155.370493862
2023,"March","D Public order and security offences","D10 Weapons and explosives offences","D11 Firearms offences",1580,26.322751587,27.071612296
2023,"March","D Public order and security offences","D10 Weapons and explosives offences","D12 Prohibited and controlled weapons offences",5167,86.082061678,88.531025781
2023,"March","D Public order and security offences","D10 Weapons and explosives offences","D13 Explosives offences",129,2.149136047,2.210277206
2023,"March","D Public order and security offences","D20 Disorderly and offensive conduct","D21 Riot and affray",436,7.263746641,7.470394279
2023,"March","D Public order and security offences","D20 Disorderly and offensive conduct","D22 Drunk and disorderly in public",3019,50.296447495,51.727340204
2023,"March","D Public order and security offences","D20 Disorderly and offensive conduct","D23 Offensive conduct",984,16.393409849,16.859788924
2023,"March","D Public order and security offences","D20 Disorderly and offensive conduct","D24 Offensive language",191,3.182054148,3.27258098
2023,"March","D Public order and security offences","D20 Disorderly and offensive conduct","D25 Criminal intent",74,1.232837733,1.267910956
2023,"March","D Public order and security offences","D20 Disorderly and offensive conduct","D26 Disorderly conduct",218,3.63187332,3.73519714
2023,"March","D Public order and security offences","D30 Public nuisance offences","D31 Privacy offences",17,0.283219479,0.291276841
2023,"March","D Public order and security offences","D30 Public nuisance offences","D32 Hoaxes",47,0.78301856,0.805294796
2023,"March","D Public order and security offences","D30 Public nuisance offences","D33 Begging",12,0.199919632,0.205607182
2023,"March","D Public order and security offences","D30 Public nuisance offences","D34 Defamation and libel & D36 Other public nuisance offences",49,0.816338499,0.83956266
2023,"March","D Public order and security offences","D30 Public nuisance offences","D35 Improper movement on public or private space",866,14.427533465,14.837984967
2023,"March","D Public order and security offences","D40 Public security offences","D40 Public security offences",13,0.216579602,0.222741114
2023,"March","E Justice procedures offences","E10 Justice procedures","E11 Escape custody & E12 Fail to appear",32,0.533119019,0.548285819
2023,"March","E Justice procedures offences","E10 Justice procedures","E13 Resist or hinder officer",1463,24.373535172,25.066942272
2023,"March","E Justice procedures offences","E10 Justice procedures","E14 Pervert the course of justice or commit perjury",318,5.297870256,5.448590323
2023,"March","E Justice procedures offences","E10 Justice procedures","E15 Prison regulation offences",145,2.415695557,2.484420116
2023,"March","E Justice procedures offences","E10 Justice procedures","E19 Other justice procedures offences",532,8.863103699,9.115251735
2023,"March","E Justice procedures offences","E20 Breaches of orders","E21 Breach family violence order",15981,266.242970326,273.817364623
2023,"March","E Justice procedures offences","E20 Breaches of orders","E22 Breach intervention order",1952,32.520260189,33.445434938
2023,"March","E Justice procedures offences","E20 Breaches of orders","E23 Breach bail conditions",7495,124.866470346,128.418819088
2023,"March","E Justice procedures offences","E20 Breaches of orders","E29 Breach of other orders",937,15.610391289,16.054494128
2023,"March","F Other offences","F10 Regulatory driving offences & F20 Transport regulation offences","F10 Regulatory driving offences & F20 Transport regulation offences",136,2.265755833,2.330214729
2023,"March","F Other offences","F30 Other government regulatory offences","F30 Other government regulatory offences",61,1.016258131,1.045169842
2023,"March","F Other offences","F90 Miscellaneous offences","F90 Miscellaneous offences",676,11.262139287,11.582537919
2022,"March","A Crimes against the person","A10 Homicide and related offences","A10 Homicide and related offences",166,2.851087363,2.932399017
2022,"March","A Crimes against the person","A20 Assault and related offences","A21 Serious assault",11348,194.904454223,200.463036404
2022,"March","A Crimes against the person","A20 Assault and related offences","A22 Assault police, emergency services or other authorised officer",1852,31.808516851,32.715680597
2022,"March","A Crimes against the person","A20 Assault and related offences","A23 Common assault",17182,295.104717347,303.520963297
2022,"March","A Crimes against the person","A30 Sexual offences","A31 Rape",1176,20.198064696,20.774103878
2022,"March","A Crimes against the person","A30 Sexual offences","A32 Indecent assault",1501,25.780012847,26.515246532
2022,"March","A Crimes against the person","A30 Sexual offences","A33 Incest",87,1.494244582,1.536859726
2022,"March","A Crimes against the person","A30 Sexual offences","A34 Sexual offences against children",470,8.072355788,8.30257553
2022,"March","A Crimes against the person","A30 Sexual offences","A39 Other sexual offences",344,5.908277428,6.076778685
2022,"March","A Crimes against the person","A40 Abduction and related offences","A40 Abduction and related offences",290,4.980815274,5.122865752
2022,"March","A Crimes against the person","A50 Robbery","A51 Aggravated robbery",1723,29.592912815,30.43688859
2022,"March","A Crimes against the person","A50 Robbery","A52 Non-aggravated robbery",114,1.957975659,2.013816192
2022,"March","A Crimes against the person","A60 Blackmail and extortion","A61 Blackmail",36,0.618308103,0.635941955
2022,"March","A Crimes against the person","A60 Blackmail and extortion","A62 Extortion",25,0.429380627,0.441626358
2022,"March","A Crimes against the person","A70 Stalking, harassment and threatening behaviour","A71 Stalking",1493,25.642611046,26.373926097
2022,"March","A Crimes against the person","A70 Stalking, harassment and threatening behaviour","A72 Harassment and private nuisance",379,6.509410306,6.695055587
2022,"March","A Crimes against the person","A70 Stalking, harassment and threatening behaviour","A73 Threatening behaviour",3778,64.888000357,66.738575214
2022,"March","A Crimes against the person","A80 Dangerous and negligent acts endangering people","A81 Dangerous driving",699,12.005482332,12.347872968
2022,"March","A Crimes against the person","A80 Dangerous and negligent acts endangering people","A82 Neglect or ill treatment of people",20,0.343504502,0.353301086
2022,"March","A Crimes against the person","A80 Dangerous and negligent acts endangering people","A83 Throw or discharge object endangering people",348,5.976978328,6.147438903
2022,"March","A Crimes against the person","A80 Dangerous and negligent acts endangering people","A89 Other dangerous or negligent acts endangering people",1607,27.600586706,28.387742289
2022,"March","B Property and deception offences","B10 Arson","B11 Cause damage by fire",599,10.287959824,10.581367537
2022,"March","B Property and deception offences","B10 Arson","B12 Cause a bushfire",28,0.480906302,0.494621521
2022,"March","B Property and deception offences","B10 Arson","B19 Other fire related offences",174,2.988489164,3.073719451
2022,"March","B Property and deception offences","B20 Property damage","B21 Criminal damage",8632,148.256542902,152.484748875
2022,"March","B Property and deception offences","B20 Property damage","B22 Graffiti",257,4.414032846,4.53991896
2022,"March","B Property and deception offences","B20 Property damage","B29 Other property damage offences",53,0.910286929,0.936247879
2022,"March","B Property and deception offences","B30 Burglary/Break and enter","B31 Aggravated burglary",1797,30.863879471,31.74410261
2022,"March","B Property and deception offences","B30 Burglary/Break and enter","B32 Non-aggravated burglary",5702,97.933133414,100.726139723
2022,"March","B Property and deception offences","B40 Theft","B41 Motor vehicle theft",4605,79.0919115,81.347575136
2022,"March","B Property and deception offences","B40 Theft","B42 Steal from a motor vehicle",3606,61.933861643,63.700185872
2022,"March","B Property and deception offences","B40 Theft","B43 Steal from a retail store",8295,142.46849205,146.53162557
2022,"March","B Property and deception offences","B40 Theft","B44 Theft of a bicycle",424,7.282295434,7.489983031
2022,"March","B Property and deception offences","B40 Theft","B45 Receiving or handling stolen goods",2642,45.376944665,46.671073509
2022,"March","B Property and deception offences","B40 Theft","B46 Fare evasion",4,0.0687009,0.070660217
2022,"March","B Property and deception offences","B40 Theft","B49 Other theft",3854,66.193317463,68.081119343
2022,"March","B Property and deception offences","B50 Deception & B60 Bribery","B51 Forgery and counterfeiting",954,16.385164728,16.85246182
2022,"March","B Property and deception offences","B50 Deception & B60 Bribery","B53 Obtain benefit by deception",4267,73.286685422,75.376786776
2022,"March","B Property and deception offences","B50 Deception & B60 Bribery","B54 State false information",352,6.045679229,6.21809912
2022,"March","B Property and deception offences","B50 Deception & B60 Bribery","B56 Professional malpractice and misrepresentation",36,0.618308103,0.635941955
2022,"March","B Property and deception offences","B50 Deception & B60 Bribery","Other deception offences & B61 Bribery of officials",99,1.700347283,1.748840378
2022,"March","C Drug offences","C10 Drug dealing and trafficking & C90 Other drug offences","C11 Drug dealing & C99 Other drug offences",13,0.223277926,0.229645706
2022,"March","C Drug offences","C10 Drug dealing and trafficking & C90 Other drug offences","C12 Drug trafficking",2383,40.928561369,42.09582444
2022,"March","C Drug offences","C20 Cultivate or manufacture drugs","C21 Cultivate drugs",801,13.75735529,14.149708509
2022,"March","C Drug offences","C20 Cultivate or manufacture drugs","C22 Manufacture drugs & C23 Possess drug manufacturing equipment or precursor",490,8.41586029,8.655876616
2022,"March","C Drug offences","C30 Drug use and possession","C31 Drug use",34,0.583957653,0.600611847
2022,"March","C Drug offences","C30 Drug use and possession","C32 Drug possession",8601,147.724110924,151.937132191
2022,"March","D Public order and security offences","D10 Weapons and explosives offences","D11 Firearms offences",1461,25.093003844,25.808644359
2022,"March","D Public order and security offences","D10 Weapons and explosives offences","D12 Prohibited and controlled weapons offences",4604,79.074736274,81.329910081
2022,"March","D Public order and security offences","D10 Weapons and explosives offences","D13 Explosives offences",126,2.16407836,2.225796844
2022,"March","D Public order and security offences","D20 Disorderly and offensive conduct","D21 Riot and affray",393,6.749863457,6.942366347
2022,"March","D Public order and security offences","D20 Disorderly and offensive conduct","D22 Drunk and disorderly in public",3093,53.122971177,54.638013006
2022,"March","D Public order and security offences","D20 Disorderly and offensive conduct","D23 Offensive conduct",944,16.213412477,16.675811276
2022,"March","D Public order and security offences","D20 Disorderly and offensive conduct","D24 Offensive language",264,4.534259421,4.66357434
2022,"March","D Public order and security offences","D20 Disorderly and offensive conduct","D25 Criminal intent",85,1.459894132,1.501529617
2022,"March","D Public order and security offences","D20 Disorderly and offensive conduct","D26 Disorderly conduct",135,2.318655386,2.384782333
2022,"March","D Public order and security offences","D30 Public nuisance offences","D31 Privacy offences",31,0.532431978,0.547616684
2022,"March","D Public order and security offences","D30 Public nuisance offences","D32 Hoaxes",29,0.498081527,0.512286575
2022,"March","D Public order and security offences","D30 Public nuisance offences","D33 Begging",8,0.137401801,0.141320435
2022,"March","D Public order and security offences","D30 Public nuisance offences","D34 Defamation and libel & D36 Other public nuisance offences",20,0.343504502,0.353301086
2022,"March","D Public order and security offences","D30 Public nuisance offences","D35 Improper movement on public or private space",810,13.911932316,14.308693998
2022,"March","D Public order and security offences","D40 Public security offences","D40 Public security offences",8,0.137401801,0.141320435
2022,"March","E Justice procedures offences","E10 Justice procedures","E11 Escape custody & E12 Fail to appear",26,0.446555852,0.459291412
2022,"March","E Justice procedures offences","E10 Justice procedures","E13 Resist or hinder officer",1342,23.049152059,23.706502895
2022,"March","E Justice procedures offences","E10 Justice procedures","E14 Pervert the course of justice or commit perjury",338,5.805226077,5.97078836
2022,"March","E Justice procedures offences","E10 Justice procedures","E15 Prison regulation offences",138,2.370181061,2.437777496
2022,"March","E Justice procedures offences","E10 Justice procedures","E19 Other justice procedures offences",490,8.41586029,8.655876616
2022,"March","E Justice procedures offences","E20 Breaches of orders","E21 Breach family violence order",14504,249.10946458,256.213947832
2022,"March","E Justice procedures offences","E20 Breaches of orders","E22 Breach intervention order",1854,31.842867301,32.751010706
2022,"March","E Justice procedures offences","E20 Breaches of orders","E23 Breach bail conditions",5128,88.074554217,90.586398544
2022,"March","E Justice procedures offences","E20 Breaches of orders","E29 Breach of other orders",738,12.67531611,13.036810087
2022,"March","F Other offences","F10 Regulatory driving offences & F20 Transport regulation offences","F10 Regulatory driving offences & F20 Transport regulation offences",108,1.854924309,1.907825866
2022,"March","F Other offences","F30 Other government regulatory offences","F30 Other government regulatory offences",77,1.322492331,1.360209183
2022,"March","F Other offences","F90 Miscellaneous offences","F90 Miscellaneous offences",9829,168.815287324,173.629818894
2021,"March","A Crimes against the person","A10 Homicide and related offences","A10 Homicide and related offences",187,3.249885993,3.343109396
2021,"March","A Crimes against the person","A20 Assault and related offences","A21 Serious assault",12158,211.294726773,217.355743489
2021,"March","A Crimes against the person","A20 Assault and related offences","A22 Assault police, emergency services or other authorised officer",2121,36.861006373,37.918369135
2021,"March","A Crimes against the person","A20 Assault and related offences","A23 Common assault",17987,312.597322789,321.564217645
2021,"March","A Crimes against the person","A30 Sexual offences","A31 Rape",1321,22.957750787,23.616296854
2021,"March","A Crimes against the person","A30 Sexual offences","A32 Indecent assault",1479,25.703643765,26.440956129
2021,"March","A Crimes against the person","A30 Sexual offences","A33 Incest",108,1.876939504,1.930779758
2021,"March","A Crimes against the person","A30 Sexual offences","A34 Sexual offences against children",432,7.507758017,7.723119032
2021,"March","A Crimes against the person","A30 Sexual offences","A39 Other sexual offences",350,6.082674319,6.257156623
2021,"March","A Crimes against the person","A40 Abduction and related offences","A40 Abduction and related offences",250,4.344767371,4.469397588
2021,"March","A Crimes against the person","A50 Robbery","A51 Aggravated robbery",2113,36.721973817,37.775348412
2021,"March","A Crimes against the person","A50 Robbery","A52 Non-aggravated robbery",165,2.867546465,2.949802408
2021,"March","A Crimes against the person","A60 Blackmail and extortion","A61 Blackmail",33,0.573509293,0.589960482
2021,"March","A Crimes against the person","A60 Blackmail and extortion","A62 Extortion",23,0.399718598,0.411184578
2021,"March","A Crimes against the person","A70 Stalking, harassment and threatening behaviour","A71 Stalking",1478,25.686264696,26.423078539
2021,"March","A Crimes against the person","A70 Stalking, harassment and threatening behaviour","A72 Harassment and private nuisance",360,6.256465014,6.435932526
2021,"March","A Crimes against the person","A70 Stalking, harassment and threatening behaviour","A73 Threatening behaviour",4168,72.435961605,74.513796583
2021,"March","A Crimes against the person","A80 Dangerous and negligent acts endangering people","A81 Dangerous driving",730,12.686720723,13.050640956
2021,"March","A Crimes against the person","A80 Dangerous and negligent acts endangering people","A82 Neglect or ill treatment of people",21,0.364960459,0.375429397
2021,"March","A Crimes against the person","A80 Dangerous and negligent acts endangering people","A83 Throw or discharge object endangering people",359,6.239085944,6.418054936
2021,"March","A Crimes against the person","A80 Dangerous and negligent acts endangering people","A89 Other dangerous or negligent acts endangering people",1776,30.865227402,31.750600464
2021,"March","B Property and deception offences","B10 Arson","B11 Cause damage by fire",544,9.454213799,9.725409151
2021,"March","B Property and deception offences","B10 Arson","B12 Cause a bushfire",91,1.581495323,1.626860722
2021,"March","B Property and deception offences","B10 Arson","B19 Other fire related offences",190,3.302023202,3.396742167
2021,"March","B Property and deception offences","B20 Property damage","B21 Criminal damage",9188,159.678890409,164.259300146
2021,"March","B Property and deception offences","B20 Property damage","B22 Graffiti",273,4.744485969,4.880582166
2021,"March","B Property and deception offences","B20 Property damage","B29 Other property damage offences",55,0.955848822,0.983267469
2021,"March","B Property and deception offences","B30 Burglary/Break and enter","B31 Aggravated burglary",2009,34.914550591,35.916079015
2021,"March","B Property and deception offences","B30 Burglary/Break and enter","B32 Non-aggravated burglary",6920,120.263160822,123.71292523
2021,"March","B Property and deception offences","B40 Theft","B41 Motor vehicle theft",5987,104.048488994,107.033133432
2021,"March","B Property and deception offences","B40 Theft","B42 Steal from a motor vehicle",4114,71.497491853,73.548406704
2021,"March","B Property and deception offences","B40 Theft","B43 Steal from a retail store",9130,158.670904379,163.222399906
2021,"March","B Property and deception offences","B40 Theft","B44 Theft of a bicycle",472,8.202920796,8.438222646
2021,"March","B Property and deception offences","B40 Theft","B45 Receiving or handling stolen goods",3383,58.793392061,60.479888158
2021,"March","B Property and deception offences","B40 Theft","B46 Fare evasion",5,0.086895347,0.089387952
2021,"March","B Property and deception offences","B40 Theft","B49 Other theft",5052,87.799059028,90.317586454
2021,"March","B Property and deception offences","B50 Deception & B60 Bribery","B51 Forgery and counterfeiting",1353,23.51388101,24.188379745
2021,"March","B Property and deception offences","B50 Deception & B60 Bribery","B53 Obtain benefit by deception",5465,94.976614724,97.701031269
2021,"March","B Property and deception offences","B50 Deception & B60 Bribery","B54 State false information",528,9.176148687,9.439367705
2021,"March","B Property and deception offences","B50 Deception & B60 Bribery","B56 Professional malpractice and misrepresentation",22,0.382339529,0.393306988
2021,"March","B Property and deception offences","B50 Deception & B60 Bribery","Other deception offences & B61 Bribery of officials",81,1.407704628,1.448084818
2021,"March","C Drug offences","C10 Drug dealing and trafficking & C90 Other drug offences","C11 Drug dealing & C99 Other drug offences",23,0.399718598,0.411184578
2021,"March","C Drug offences","C10 Drug dealing and trafficking & C90 Other drug offences","C12 Drug trafficking",3251,56.499354889,58.120046231
2021,"March","C Drug offences","C20 Cultivate or manufacture drugs","C21 Cultivate drugs",894,15.536888118,15.982565774
2021,"March","C Drug offences","C20 Cultivate or manufacture drugs","C22 Manufacture drugs & C23 Possess drug manufacturing equipment or precursor",601,10.444820759,10.744431801
2021,"March","C Drug offences","C30 Drug use and possession","C31 Drug use",77,1.33818835,1.376574457
2021,"March","C Drug offences","C30 Drug use and possession","C32 Drug possession",12177,211.624929093,217.695417705
2021,"March","D Public order and security offences","D10 Weapons and explosives offences","D11 Firearms offences",1478,25.686264696,26.423078539
2021,"March","D Public order and security offences","D10 Weapons and explosives offences","D12 Prohibited and controlled weapons offences",5665,98.452428621,101.276549339
2021,"March","D Public order and security offences","D10 Weapons and explosives offences","D13 Explosives offences",133,2.311416241,2.377719517
2021,"March","D Public order and security offences","D20 Disorderly and offensive conduct","D21 Riot and affray",324,5.630818512,5.792339274
2021,"March","D Public order and security offences","D20 Disorderly and offensive conduct","D22 Drunk and disorderly in public",3813,66.266391938,68.167252009
2021,"March","D Public order and security offences","D20 Disorderly and offensive conduct","D23 Offensive conduct",1102,19.15173457,19.701104567
2021,"March","D Public order and security offences","D20 Disorderly and offensive conduct","D24 Offensive language",378,6.569288265,6.757729153
2021,"March","D Public order and security offences","D20 Disorderly and offensive conduct","D25 Criminal intent",102,1.772665087,1.823514216
2021,"March","D Public order and security offences","D20 Disorderly and offensive conduct","D26 Disorderly conduct",148,2.572102283,2.645883372
2021,"March","D Public order and security offences","D30 Public nuisance offences","D31 Privacy offences",20,0.34758139,0.357551807
2021,"March","D Public order and security offences","D30 Public nuisance offences","D32 Hoaxes",30,0.521372084,0.536327711
2021,"March","D Public order and security offences","D30 Public nuisance offences","D33 Begging",81,1.407704628,1.448084818
2021,"March","D Public order and security offences","D30 Public nuisance offences","D34 Defamation and libel & D36 Other public nuisance offences",31,0.538751154,0.554205301
2021,"March","D Public order and security offences","D30 Public nuisance offences","D35 Improper movement on public or private space",871,15.13716952,15.571381196
2021,"March","D Public order and security offences","D40 Public security offences","D40 Public security offences",13,0.225927903,0.232408675
2021,"March","E Justice procedures offences","E10 Justice procedures","E11 Escape custody & E12 Fail to appear",46,0.799437196,0.822369156
2021,"March","E Justice procedures offences","E10 Justice procedures","E13 Resist or hinder officer",1504,26.138120502,26.887895888
2021,"March","E Justice procedures offences","E10 Justice procedures","E14 Pervert the course of justice or commit perjury",364,6.325981292,6.507442888
2021,"March","E Justice procedures offences","E10 Justice procedures","E15 Prison regulation offences",202,3.510572036,3.611273251
2021,"March","E Justice procedures offences","E10 Justice procedures","E19 Other justice procedures offences",614,10.670748663,10.976840476
2021,"March","E Justice procedures offences","E20 Breaches of orders","E21 Breach family violence order",15141,263.136491041,270.684595506
2021,"March","E Justice procedures offences","E20 Breaches of orders","E22 Breach intervention order",1959,34.045597117,35.022199498
2021,"March","E Justice procedures offences","E20 Breaches of orders","E23 Breach bail conditions",4792,83.280500962,85.669412963
2021,"March","E Justice procedures offences","E20 Breaches of orders","E29 Breach of other orders",1073,18.647741555,19.182654447
2021,"March","F Other offences","F10 Regulatory driving offences & F20 Transport regulation offences","F10 Regulatory driving offences & F20 Transport regulation offences",86,1.494599976,1.53747277
2021,"March","F Other offences","F30 Other government regulatory offences","F30 Other government regulatory offences",100,1.737906948,1.787759035
2021,"March","F Other offences","F90 Miscellaneous offences","F90 Miscellaneous offences",36284,630.582157118,648.6704883
2020,"March","A Crimes against the person","A10 Homicide and related offences","A10 Homicide and related offences",186,3.201308612,3.292566871
2020,"March","A Crimes against the person","A20 Assault and related offences","A21 Serious assault",12191,209.823404802,215.804745828
2020,"March","A Crimes against the person","A20 Assault and related offences","A22 Assault police, emergency services or other authorised officer",1760,30.291952461,31.155471467
2020,"March","A Crimes against the person","A20 Assault and related offences","A23 Common assault",16629,286.207316746,294.366099448
2020,"March","A Crimes against the person","A30 Sexual offences","A31 Rape",1327,22.839443702,23.490517407
2020,"March","A Crimes against the person","A30 Sexual offences","A32 Indecent assault",1470,25.30066484,26.021899464
2020,"March","A Crimes against the person","A30 Sexual offences","A33 Incest",106,1.824401682,1.876409077
2020,"March","A Crimes against the person","A30 Sexual offences","A34 Sexual offences against children",365,6.282137868,6.461219935
2020,"March","A Crimes against the person","A30 Sexual offences","A39 Other sexual offences",272,4.681483562,4.814936499
2020,"March","A Crimes against the person","A40 Abduction and related offences","A40 Abduction and related offences",246,4.23398881,4.354685216
2020,"March","A Crimes against the person","A50 Robbery","A51 Aggravated robbery",2613,44.973222602,46.255253945
2020,"March","A Crimes against the person","A50 Robbery","A52 Non-aggravated robbery",221,3.803705394,3.912135906
2020,"March","A Crimes against the person","A60 Blackmail and extortion","A61 Blackmail",55,0.946623514,0.973608483
2020,"March","A Crimes against the person","A60 Blackmail and extortion","A62 Extortion",21,0.361438069,0.371741421
2020,"March","A Crimes against the person","A70 Stalking, harassment and threatening behaviour","A71 Stalking",1229,21.152732713,21.75572411
2020,"March","A Crimes against the person","A70 Stalking, harassment and threatening behaviour","A72 Harassment and private nuisance",317,5.45599371,5.611525259
2020,"March","A Crimes against the person","A70 Stalking, harassment and threatening behaviour","A73 Threatening behaviour",3704,63.750790861,65.568105861
2020,"March","A Crimes against the person","A80 Dangerous and negligent acts endangering people","A81 Dangerous driving",586,10.085843263,10.373355841
2020,"March","A Crimes against the person","A80 Dangerous and negligent acts endangering people","A82 Neglect or ill treatment of people",35,0.602396782,0.619569035
2020,"March","A Crimes against the person","A80 Dangerous and negligent acts endangering people","A83 Throw or discharge object endangering people",265,4.561004206,4.691022693
2020,"March","A Crimes against the person","A80 Dangerous and negligent acts endangering people","A89 Other dangerous or negligent acts endangering people",1634,28.123324046,28.925022942
2020,"March","B Property and deception offences","B10 Arson","B11 Cause damage by fire",669,11.514384202,11.842619552
2020,"March","B Property and deception offences","B10 Arson","B12 Cause a bushfire",36,0.619608119,0.637271007
2020,"March","B Property and deception offences","B10 Arson","B19 Other fire related offences",410,7.056648016,7.257808694
2020,"March","B Property and deception offences","B20 Property damage","B21 Criminal damage",8703,149.790262652,154.060266011
2020,"March","B Property and deception offences","B20 Property damage","B22 Graffiti",326,5.61089574,5.77084301
2020,"March","B Property and deception offences","B20 Property damage","B29 Other property damage offences",55,0.946623514,0.973608483
2020,"March","B Property and deception offences","B30 Burglary/Break and enter","B31 Aggravated burglary",1653,28.450339442,29.261360418
2020,"March","B Property and deception offences","B30 Burglary/Break and enter","B32 Non-aggravated burglary",7784,133.973044293,137.792153353
2020,"March","B Property and deception offences","B40 Theft","B41 Motor vehicle theft",5818,100.135556487,102.990075566
2020,"March","B Property and deception offences","B40 Theft","B42 Steal from a motor vehicle",3984,68.569965116,70.52465814
2020,"March","B Property and deception offences","B40 Theft","B43 Steal from a retail store",12321,212.060878563,218.106002243
2020,"March","B Property and deception offences","B40 Theft","B44 Theft of a bicycle",458,7.882792174,8.10750337
2020,"March","B Property and deception offences","B40 Theft","B45 Receiving or handling stolen goods",3471,59.740549427,61.443546286
2020,"March","B Property and deception offences","B40 Theft","B46 Fare evasion",7,0.120479356,0.123913807
2020,"March","B Property and deception offences","B40 Theft","B49 Other theft",6016,103.543401139,106.495066106
2020,"March","B Property and deception offences","B50 Deception & B60 Bribery","B51 Forgery and counterfeiting",1445,24.870381424,25.579350154
2020,"March","B Property and deception offences","B50 Deception & B60 Bribery","B53 Obtain benefit by deception",5112,87.98435283,90.492483034
2020,"March","B Property and deception offences","B50 Deception & B60 Bribery","B54 State false information",486,8.3647096,8.603158598
2020,"March","B Property and deception offences","B50 Deception & B60 Bribery","B56 Professional malpractice and misrepresentation",29,0.499128762,0.5133572
2020,"March","B Property and deception offences","B50 Deception & B60 Bribery","Other deception offences & B61 Bribery of officials",63,1.084314207,1.115224263
2020,"March","C Drug offences","C10 Drug dealing and trafficking & C90 Other drug offences","C11 Drug dealing & C99 Other drug offences",21,0.361438069,0.371741421
2020,"March","C Drug offences","C10 Drug dealing and trafficking & C90 Other drug offences","C12 Drug trafficking",2912,50.119412254,51.5481437
2020,"March","C Drug offences","C20 Cultivate or manufacture drugs","C21 Cultivate drugs",682,11.738131579,12.072745194
2020,"March","C Drug offences","C20 Cultivate or manufacture drugs","C22 Manufacture drugs & C23 Possess drug manufacturing equipment or precursor",234,4.02745277,4.142261547
2020,"March","C Drug offences","C30 Drug use and possession","C31 Drug use",81,1.394118267,1.433859766
2020,"March","C Drug offences","C30 Drug use and possession","C32 Drug possession",10080,173.490273185,178.43588204
2020,"March","D Public order and security offences","D10 Weapons and explosives offences","D11 Firearms offences",1281,22.047722217,22.676226676
2020,"March","D Public order and security offences","D10 Weapons and explosives offences","D12 Prohibited and controlled weapons offences",5575,95.953201687,98.688496267
2020,"March","D Public order and security offences","D10 Weapons and explosives offences","D13 Explosives offences",95,1.635076979,1.68168738
2020,"March","D Public order and security offences","D20 Disorderly and offensive conduct","D21 Riot and affray",264,4.543792869,4.67332072
2020,"March","D Public order and security offences","D20 Disorderly and offensive conduct","D22 Drunk and disorderly in public",5170,88.982610354,91.519197435
2020,"March","D Public order and security offences","D20 Disorderly and offensive conduct","D23 Offensive conduct",1465,25.214608156,25.933389602
2020,"March","D Public order and security offences","D20 Disorderly and offensive conduct","D24 Offensive language",334,5.748586433,5.91245879
2020,"March","D Public order and security offences","D20 Disorderly and offensive conduct","D25 Criminal intent",84,1.445752277,1.486965684
2020,"March","D Public order and security offences","D20 Disorderly and offensive conduct","D26 Disorderly conduct",282,4.853596928,4.991956224
2020,"March","D Public order and security offences","D30 Public nuisance offences","D31 Privacy offences",24,0.413072079,0.424847338
2020,"March","D Public order and security offences","D30 Public nuisance offences","D32 Hoaxes",53,0.912200841,0.938204539
2020,"March","D Public order and security offences","D30 Public nuisance offences","D33 Begging",132,2.271896435,2.33666036
2020,"March","D Public order and security offences","D30 Public nuisance offences","D34 Defamation and libel & D36 Other public nuisance offences",43,0.740087475,0.761184814
2020,"March","D Public order and security offences","D30 Public nuisance offences","D35 Improper movement on public or private space",776,13.355997221,13.736730601
2020,"March","D Public order and security offences","D40 Public security offences","D40 Public security offences",15,0.258170049,0.265529586
2020,"March","E Justice procedures offences","E10 Justice procedures","E11 Escape custody & E12 Fail to appear",42,0.722876138,0.743482842
2020,"March","E Justice procedures offences","E10 Justice procedures","E13 Resist or hinder officer",1176,20.240531872,20.817519571
2020,"March","E Justice procedures offences","E10 Justice procedures","E14 Pervert the course of justice or commit perjury",368,6.333771878,6.514325852
2020,"March","E Justice procedures offences","E10 Justice procedures","E15 Prison regulation offences",281,4.836385592,4.974254251
2020,"March","E Justice procedures offences","E10 Justice procedures","E19 Other justice procedures offences",656,11.290636826,11.612493911
2020,"March","E Justice procedures offences","E20 Breaches of orders","E21 Breach family violence order",12605,216.948898165,223.133362412
2020,"March","E Justice procedures offences","E20 Breaches of orders","E22 Breach intervention order",1639,28.209380729,29.013532804
2020,"March","E Justice procedures offences","E20 Breaches of orders","E23 Breach bail conditions",6263,107.794601286,110.867453295
2020,"March","E Justice procedures offences","E20 Breaches of orders","E29 Breach of other orders",1221,21.01504202,21.61410833
2020,"March","F Other offences","F10 Regulatory driving offences & F20 Transport regulation offences","F10 Regulatory driving offences & F20 Transport regulation offences",128,2.203051088,2.26585247
2020,"March","F Other offences","F30 Other government regulatory offences","F30 Other government regulatory offences",78,1.342484257,1.380753849
2020,"March","F Other offences","F90 Miscellaneous offences","F90 Miscellaneous offences",82,1.411329603,1.451561739
2019,"March","A Crimes against the person","A10 Homicide and related offences","A10 Homicide and related offences",161,2.810480894,2.890531964
2019,"March","A Crimes against the person","A20 Assault and related offences","A21 Serious assault",12763,222.796072379,229.141984187
2019,"March","A Crimes against the person","A20 Assault and related offences","A22 Assault police, emergency services or other authorised officer",1816,31.700827975,32.603764263
2019,"March","A Crimes against the person","A20 Assault and related offences","A23 Common assault",15752,274.973261155,282.805338471
2019,"March","A Crimes against the person","A30 Sexual offences","A31 Rape",1322,23.077364858,23.73467861
2019,"March","A Crimes against the person","A30 Sexual offences","A32 Indecent assault",1587,27.703311672,28.4923865
2019,"March","A Crimes against the person","A30 Sexual offences","A33 Incest",102,1.780553113,1.831268698
2019,"March","A Crimes against the person","A30 Sexual offences","A34 Sexual offences against children",440,7.680817351,7.89959046
2019,"March","A Crimes against the person","A30 Sexual offences","A39 Other sexual offences",256,4.468839186,4.596125359
2019,"March","A Crimes against the person","A40 Abduction and related offences","A40 Abduction and related offences",259,4.521208395,4.649986203
2019,"March","A Crimes against the person","A50 Robbery","A51 Aggravated robbery",2030,35.436498232,36.445837805
2019,"March","A Crimes against the person","A50 Robbery","A52 Non-aggravated robbery",166,2.89776291,2.980300037
2019,"March","A Crimes against the person","A60 Blackmail and extortion","A61 Blackmail",34,0.593517704,0.610422899
2019,"March","A Crimes against the person","A60 Blackmail and extortion","A62 Extortion",19,0.331671658,0.341118679
2019,"March","A Crimes against the person","A70 Stalking, harassment and threatening behaviour","A71 Stalking",1263,22.047437077,22.675415343
2019,"March","A Crimes against the person","A70 Stalking, harassment and threatening behaviour","A72 Harassment and private nuisance",267,4.66085962,4.79361512
2019,"March","A Crimes against the person","A70 Stalking, harassment and threatening behaviour","A73 Threatening behaviour",3592,62.703399827,64.489383938
2019,"March","A Crimes against the person","A80 Dangerous and negligent acts endangering people","A81 Dangerous driving",562,9.810498525,10.089931451
2019,"March","A Crimes against the person","A80 Dangerous and negligent acts endangering people","A82 Neglect or ill treatment of people",47,0.820450944,0.84381989
2019,"March","A Crimes against the person","A80 Dangerous and negligent acts endangering people","A83 Throw or discharge object endangering people",362,6.319217911,6.499208515
2019,"March","A Crimes against the person","A80 Dangerous and negligent acts endangering people","A89 Other dangerous or negligent acts endangering people",1661,28.995085499,29.820953987
2019,"March","B Property and deception offences","B10 Arson","B11 Cause damage by fire",706,12.324220567,12.675251966
2019,"March","B Property and deception offences","B10 Arson","B12 Cause a bushfire",31,0.541148495,0.556562055
2019,"March","B Property and deception offences","B10 Arson","B19 Other fire related offences",515,8.990047581,9.246111561
2019,"March","B Property and deception offences","B20 Property damage","B21 Criminal damage",9418,164.404404111,169.087143075
2019,"March","B Property and deception offences","B20 Property damage","B22 Graffiti",292,5.097269696,5.242455487
2019,"March","B Property and deception offences","B20 Property damage","B29 Other property damage offences",41,0.715712526,0.736098202
2019,"March","B Property and deception offences","B30 Burglary/Break and enter","B31 Aggravated burglary",1623,28.331742182,29.138716629
2019,"March","B Property and deception offences","B30 Burglary/Break and enter","B32 Non-aggravated burglary",7638,133.332006647,137.129708941
2019,"March","B Property and deception offences","B40 Theft","B41 Motor vehicle theft",5617,98.052616043,100.845453669
2019,"March","B Property and deception offences","B40 Theft","B42 Steal from a motor vehicle",4250,74.189713046,76.302862399
2019,"March","B Property and deception offences","B40 Theft","B43 Steal from a retail store",11771,205.479320534,211.331998422
2019,"March","B Property and deception offences","B40 Theft","B44 Theft of a bicycle",380,6.633433167,6.822373579
2019,"March","B Property and deception offences","B40 Theft","B45 Receiving or handling stolen goods",3331,58.147278625,59.803490506
2019,"March","B Property and deception offences","B40 Theft","B46 Fare evasion",23,0.401497271,0.412933138
2019,"March","B Property and deception offences","B40 Theft","B49 Other theft",6059,105.7683462,108.780951358
2019,"March","B Property and deception offences","B50 Deception & B60 Bribery","B51 Forgery and counterfeiting",1428,24.927743584,25.637761766
2019,"March","B Property and deception offences","B50 Deception & B60 Bribery","B53 Obtain benefit by deception",5066,88.434137951,90.953011979
2019,"March","B Property and deception offences","B50 Deception & B60 Bribery","B54 State false information",525,9.164611612,9.425647708
2019,"March","B Property and deception offences","B50 Deception & B60 Bribery","B56 Professional malpractice and misrepresentation",32,0.558604898,0.57451567
2019,"March","B Property and deception offences","B50 Deception & B60 Bribery","Other deception offences & B61 Bribery of officials",44,0.768081735,0.789959046
2019,"March","C Drug offences","C10 Drug dealing and trafficking & C90 Other drug offences","C11 Drug dealing & C99 Other drug offences",30,0.523692092,0.53860844
2019,"March","C Drug offences","C10 Drug dealing and trafficking & C90 Other drug offences","C12 Drug trafficking",3009,52.526316837,54.022426578
2019,"March","C Drug offences","C20 Cultivate or manufacture drugs","C21 Cultivate drugs",805,14.052404471,14.452659819
2019,"March","C Drug offences","C20 Cultivate or manufacture drugs","C22 Manufacture drugs & C23 Possess drug manufacturing equipment or precursor",141,2.461352833,2.53145967
2019,"March","C Drug offences","C30 Drug use and possession","C31 Drug use",129,2.251875996,2.316016294
2019,"March","C Drug offences","C30 Drug use and possession","C32 Drug possession",9968,174.005425799,178.961631151
2019,"March","D Public order and security offences","D10 Weapons and explosives offences","D11 Firearms offences",1390,24.264400267,24.955524408
2019,"March","D Public order and security offences","D10 Weapons and explosives offences","D12 Prohibited and controlled weapons offences",5837,101.893024718,104.795248899
2019,"March","D Public order and security offences","D10 Weapons and explosives offences","D13 Explosives offences",106,1.850378725,1.903083156
2019,"March","D Public order and security offences","D20 Disorderly and offensive conduct","D21 Riot and affray",258,4.503751992,4.632032588
2019,"March","D Public order and security offences","D20 Disorderly and offensive conduct","D22 Drunk and disorderly in public",7563,132.022776416,135.78318784
2019,"March","D Public order and security offences","D20 Disorderly and offensive conduct","D23 Offensive conduct",1997,34.86043693,35.85336852
2019,"March","D Public order and security offences","D20 Disorderly and offensive conduct","D24 Offensive language",545,9.513739673,9.784720002
2019,"March","D Public order and security offences","D20 Disorderly and offensive conduct","D25 Criminal intent",101,1.76309671,1.813315083
2019,"March","D Public order and security offences","D20 Disorderly and offensive conduct","D26 Disorderly conduct",186,3.246890971,3.339372331
2019,"March","D Public order and security offences","D30 Public nuisance offences","D31 Privacy offences",12,0.209476837,0.215443376
2019,"March","D Public order and security offences","D30 Public nuisance offences","D32 Hoaxes",61,1.064840587,1.095170496
2019,"March","D Public order and security offences","D30 Public nuisance offences","D33 Begging",149,2.601004057,2.675088588
2019,"March","D Public order and security offences","D30 Public nuisance offences","D34 Defamation and libel & D36 Other public nuisance offences",33,0.576061301,0.592469285
2019,"March","D Public order and security offences","D30 Public nuisance offences","D35 Improper movement on public or private space",697,12.16711294,12.513669433
2019,"March","D Public order and security offences","D40 Public security offences","D40 Public security offences",18,0.314215255,0.323165064
2019,"March","E Justice procedures offences","E10 Justice procedures","E11 Escape custody & E12 Fail to appear",40,0.698256123,0.718144587
2019,"March","E Justice procedures offences","E10 Justice procedures","E13 Resist or hinder officer",1273,22.222001108,22.85495149
2019,"March","E Justice procedures offences","E10 Justice procedures","E14 Pervert the course of justice or commit perjury",402,7.017474034,7.217353102
2019,"March","E Justice procedures offences","E10 Justice procedures","E15 Prison regulation offences",361,6.301761508,6.4812549
2019,"March","E Justice procedures offences","E10 Justice procedures","E19 Other justice procedures offences",684,11.9401797,12.280272443
2019,"March","E Justice procedures offences","E20 Breaches of orders","E21 Breach family violence order",11806,206.090294641,211.960374936
2019,"March","E Justice procedures offences","E20 Breaches of orders","E22 Breach intervention order",1552,27.092337564,27.864009987
2019,"March","E Justice procedures offences","E20 Breaches of orders","E23 Breach bail conditions",6997,122.142452279,125.62144193
2019,"March","E Justice procedures offences","E20 Breaches of orders","E29 Breach of other orders",926,16.164629243,16.625047196
2019,"March","F Other offences","F10 Regulatory driving offences & F20 Transport regulation offences","F10 Regulatory driving offences & F20 Transport regulation offences",141,2.461352833,2.53145967
2019,"March","F Other offences","F30 Other government regulatory offences","F30 Other government regulatory offences",101,1.76309671,1.813315083
2019,"March","F Other offences","F90 Miscellaneous offences","F90 Miscellaneous offences",89,1.553619873,1.597871707
2018,"March","A Crimes against the person","A10 Homicide and related offences","A10 Homicide and related offences",181,3.221806611,3.314024715
2018,"March","A Crimes against the person","A20 Assault and related offences","A21 Serious assault",12956,230.617273227,237.218255259
2018,"March","A Crimes against the person","A20 Assault and related offences","A22 Assault police, emergency services or other authorised officer",1821,32.413866513,33.341651963
2018,"March","A Crimes against the person","A20 Assault and related offences","A23 Common assault",14775,262.995539667,270.523288164
2018,"March","A Crimes against the person","A30 Sexual offences","A31 Rape",1296,23.068847337,23.729149337
2018,"March","A Crimes against the person","A30 Sexual offences","A32 Indecent assault",1536,27.340856103,28.123436252
2018,"March","A Crimes against the person","A30 Sexual offences","A33 Incest",73,1.299402666,1.336595603
2018,"March","A Crimes against the person","A30 Sexual offences","A34 Sexual offences against children",352,6.265612857,6.444954141
2018,"March","A Crimes against the person","A30 Sexual offences","A39 Other sexual offences",198,3.524407232,3.625286704
2018,"March","A Crimes against the person","A40 Abduction and related offences","A40 Abduction and related offences",233,4.14740851,4.266120213
2018,"March","A Crimes against the person","A50 Robbery","A51 Aggravated robbery",2111,37.575877106,38.651415317
2018,"March","A Crimes against the person","A50 Robbery","A52 Non-aggravated robbery",145,2.581005296,2.654881677
2018,"March","A Crimes against the person","A60 Blackmail and extortion","A61 Blackmail",24,0.427200877,0.439428691
2018,"March","A Crimes against the person","A60 Blackmail and extortion","A62 Extortion",25,0.445000913,0.45773822
2018,"March","A Crimes against the person","A70 Stalking, harassment and threatening behaviour","A71 Stalking",1309,23.300247812,23.967173212
2018,"March","A Crimes against the person","A70 Stalking, harassment and threatening behaviour","A72 Harassment and private nuisance",227,4.040608291,4.15626304
2018,"March","A Crimes against the person","A70 Stalking, harassment and threatening behaviour","A73 Threatening behaviour",3419,60.858324881,62.600279001
2018,"March","A Crimes against the person","A80 Dangerous and negligent acts endangering people","A81 Dangerous driving",534,9.505219505,9.777288384
2018,"March","A Crimes against the person","A80 Dangerous and negligent acts endangering people","A82 Neglect or ill treatment of people",41,0.729801498,0.750690681
2018,"March","A Crimes against the person","A80 Dangerous and negligent acts endangering people","A83 Throw or discharge object endangering people",358,6.372413076,6.554811314
2018,"March","A Crimes against the person","A80 Dangerous and negligent acts endangering people","A89 Other dangerous or negligent acts endangering people",1739,30.954263518,31.8402706
2018,"March","B Property and deception offences","B10 Arson","B11 Cause damage by fire",680,12.104024837,12.450479591
2018,"March","B Property and deception offences","B10 Arson","B12 Cause a bushfire",32,0.569601169,0.585904922
2018,"March","B Property and deception offences","B10 Arson","B19 Other fire related offences",374,6.657213661,6.847763775
2018,"March","B Property and deception offences","B20 Property damage","B21 Criminal damage",8975,159.755327818,164.328021068
2018,"March","B Property and deception offences","B20 Property damage","B22 Graffiti",428,7.618415633,7.836478331
2018,"March","B Property and deception offences","B20 Property damage","B29 Other property damage offences",43,0.765401571,0.787309739
2018,"March","B Property and deception offences","B30 Burglary/Break and enter","B31 Aggravated burglary",1737,30.918663445,31.803651543
2018,"March","B Property and deception offences","B30 Burglary/Break and enter","B32 Non-aggravated burglary",8652,154.00591602,158.414043262
2018,"March","B Property and deception offences","B40 Theft","B41 Motor vehicle theft",5677,101.050807356,103.943195053
2018,"March","B Property and deception offences","B40 Theft","B42 Steal from a motor vehicle",4118,73.300550413,75.398639639
2018,"March","B Property and deception offences","B40 Theft","B43 Steal from a retail store",11393,202.795816137,208.60046173
2018,"March","B Property and deception offences","B40 Theft","B44 Theft of a bicycle",382,6.799613953,6.994240005
2018,"March","B Property and deception offences","B40 Theft","B45 Receiving or handling stolen goods",3304,58.811320681,60.494683187
2018,"March","B Property and deception offences","B40 Theft","B46 Fare evasion",21,0.373800767,0.384500105
2018,"March","B Property and deception offences","B40 Theft","B49 Other theft",5329,94.856394645,97.571479027
2018,"March","B Property and deception offences","B50 Deception & B60 Bribery","B51 Forgery and counterfeiting",1426,25.382852086,26.109388083
2018,"March","B Property and deception offences","B50 Deception & B60 Bribery","B53 Obtain benefit by deception",4637,82.53876937,84.901285091
2018,"March","B Property and deception offences","B50 Deception & B60 Bribery","B54 State false information",491,8.739817934,8.989978646
2018,"March","B Property and deception offences","B50 Deception & B60 Bribery","B56 Professional malpractice and misrepresentation",31,0.551801132,0.567595393
2018,"March","B Property and deception offences","B50 Deception & B60 Bribery","Other deception offences & B61 Bribery of officials",48,0.854401753,0.878857383
2018,"March","C Drug offences","C10 Drug dealing and trafficking & C90 Other drug offences","C11 Drug dealing & C99 Other drug offences",11,0.195800402,0.201404817
2018,"March","C Drug offences","C10 Drug dealing and trafficking & C90 Other drug offences","C12 Drug trafficking",2832,50.409703441,51.852585589
2018,"March","C Drug offences","C20 Cultivate or manufacture drugs","C21 Cultivate drugs",610,10.858022281,11.168812574
2018,"March","C Drug offences","C20 Cultivate or manufacture drugs","C22 Manufacture drugs & C23 Possess drug manufacturing equipment or precursor",206,3.666807524,3.771762935
2018,"March","C Drug offences","C30 Drug use and possession","C31 Drug use",126,2.242804602,2.30700063
2018,"March","C Drug offences","C30 Drug use and possession","C32 Drug possession",8988,159.986728293,164.566044942
2018,"March","D Public order and security offences","D10 Weapons and explosives offences","D11 Firearms offences",1252,22.28564573,22.92353007
2018,"March","D Public order and security offences","D10 Weapons and explosives offences","D12 Prohibited and controlled weapons offences",5298,94.304593513,97.003883634
2018,"March","D Public order and security offences","D10 Weapons and explosives offences","D13 Explosives offences",108,1.922403945,1.977429111
2018,"March","D Public order and security offences","D20 Disorderly and offensive conduct","D21 Riot and affray",242,4.307608839,4.430905972
2018,"March","D Public order and security offences","D20 Disorderly and offensive conduct","D22 Drunk and disorderly in public",7964,141.75949089,145.817087441
2018,"March","D Public order and security offences","D20 Disorderly and offensive conduct","D23 Offensive conduct",2311,41.135884411,42.313321079
2018,"March","D Public order and security offences","D20 Disorderly and offensive conduct","D24 Offensive language",590,10.50202155,10.802621998
2018,"March","D Public order and security offences","D20 Disorderly and offensive conduct","D25 Criminal intent",113,2.011404127,2.068976756
2018,"March","D Public order and security offences","D20 Disorderly and offensive conduct","D26 Disorderly conduct",182,3.239606648,3.332334243
2018,"March","D Public order and security offences","D30 Public nuisance offences","D31 Privacy offences",9,0.160200329,0.164785759
2018,"March","D Public order and security offences","D30 Public nuisance offences","D32 Hoaxes",56,0.996802045,1.025333613
2018,"March","D Public order and security offences","D30 Public nuisance offences","D33 Begging",122,2.171604456,2.233762515
2018,"March","D Public order and security offences","D30 Public nuisance offences","D34 Defamation and libel & D36 Other public nuisance offences",50,0.890001826,0.91547644
2018,"March","D Public order and security offences","D30 Public nuisance offences","D35 Improper movement on public or private space",783,13.9374286,14.336361058
2018,"March","D Public order and security offences","D40 Public security offences","D40 Public security offences",28,0.498401023,0.512666807
2018,"March","E Justice procedures offences","E10 Justice procedures","E11 Escape custody & E12 Fail to appear",42,0.747601534,0.76900021
2018,"March","E Justice procedures offences","E10 Justice procedures","E13 Resist or hinder officer",1262,22.463646095,23.106625358
2018,"March","E Justice procedures offences","E10 Justice procedures","E14 Pervert the course of justice or commit perjury",399,7.102214574,7.305501995
2018,"March","E Justice procedures offences","E10 Justice procedures","E15 Prison regulation offences",327,5.820611944,5.987215921
2018,"March","E Justice procedures offences","E10 Justice procedures","E19 Other justice procedures offences",643,11.445423486,11.773027025
2018,"March","E Justice procedures offences","E20 Breaches of orders","E21 Breach family violence order",10992,195.65800149,201.258340677
2018,"March","E Justice procedures offences","E20 Breaches of orders","E22 Breach intervention order",1386,24.670850625,25.37700693
2018,"March","E Justice procedures offences","E20 Breaches of orders","E23 Breach bail conditions",6435,114.543235043,117.821817891
2018,"March","E Justice procedures offences","E20 Breaches of orders","E29 Breach of other orders",719,12.798226262,13.164551214
2018,"March","F Other offences","F10 Regulatory driving offences & F20 Transport regulation offences","F10 Regulatory driving offences & F20 Transport regulation offences",161,2.865805881,2.947834138
2018,"March","F Other offences","F30 Other government regulatory offences","F30 Other government regulatory offences",93,1.655403397,1.702786179
2018,"March","F Other offences","F90 Miscellaneous offences","F90 Miscellaneous offences",69,1.22820252,1.263357488
2017,"March","A Crimes against the person","A10 Homicide and related offences","A10 Homicide and related offences",166,3.016096873,3.101511538
2017,"March","A Crimes against the person","A20 Assault and related offences","A21 Serious assault",13556,246.302465096,253.277653105
2017,"March","A Crimes against the person","A20 Assault and related offences","A22 Assault police, emergency services or other authorised officer",1899,34.503421453,35.480544648
2017,"March","A Crimes against the person","A20 Assault and related offences","A23 Common assault",14230,258.548545169,265.870537303
2017,"March","A Crimes against the person","A30 Sexual offences","A31 Rape",1235,22.439033962,23.074498494
2017,"March","A Crimes against the person","A30 Sexual offences","A32 Indecent assault",1420,25.800346742,26.531002317
2017,"March","A Crimes against the person","A30 Sexual offences","A33 Incest",107,1.944110635,1.999167076
2017,"March","A Crimes against the person","A30 Sexual offences","A34 Sexual offences against children",305,5.541623772,5.698560357
2017,"March","A Crimes against the person","A30 Sexual offences","A39 Other sexual offences",179,3.25229723,3.344400996
2017,"March","A Crimes against the person","A40 Abduction and related offences","A40 Abduction and related offences",246,4.469637534,4.596215894
2017,"March","A Crimes against the person","A50 Robbery","A51 Aggravated robbery",2027,36.829086511,37.872071617
2017,"March","A Crimes against the person","A50 Robbery","A52 Non-aggravated robbery",147,2.670880966,2.746519254
2017,"March","A Crimes against the person","A60 Blackmail and extortion","A61 Blackmail",36,0.654093298,0.67261696
2017,"March","A Crimes against the person","A60 Blackmail and extortion","A62 Extortion",9,0.163523324,0.16815424
2017,"March","A Crimes against the person","A70 Stalking, harassment and threatening behaviour","A71 Stalking",1322,24.019759432,24.699989481
2017,"March","A Crimes against the person","A70 Stalking, harassment and threatening behaviour","A72 Harassment and private nuisance",244,4.433299018,4.558848285
2017,"March","A Crimes against the person","A70 Stalking, harassment and threatening behaviour","A73 Threatening behaviour",3594,65.300314219,67.149593188
2017,"March","A Crimes against the person","A80 Dangerous and negligent acts endangering people","A81 Dangerous driving",463,8.412366579,8.65060146
2017,"March","A Crimes against the person","A80 Dangerous and negligent acts endangering people","A82 Neglect or ill treatment of people",50,0.908462913,0.934190222
2017,"March","A Crimes against the person","A80 Dangerous and negligent acts endangering people","A83 Throw or discharge object endangering people",358,6.50459446,6.688801993
2017,"March","A Crimes against the person","A80 Dangerous and negligent acts endangering people","A89 Other dangerous or negligent acts endangering people",1976,35.90245434,36.91919759
2017,"March","B Property and deception offences","B10 Arson","B11 Cause damage by fire",801,14.553575874,14.965727363
2017,"March","B Property and deception offences","B10 Arson","B12 Cause a bushfire",18,0.327046649,0.33630848
2017,"March","B Property and deception offences","B10 Arson","B19 Other fire related offences",329,5.977685971,6.146971664
2017,"March","B Property and deception offences","B20 Property damage","B21 Criminal damage",9477,172.190060616,177.066414759
2017,"March","B Property and deception offences","B20 Property damage","B22 Graffiti",434,7.885458089,8.108771131
2017,"March","B Property and deception offences","B20 Property damage","B29 Other property damage offences",47,0.853955139,0.878138809
2017,"March","B Property and deception offences","B30 Burglary/Break and enter","B31 Aggravated burglary",2006,36.447532088,37.479711724
2017,"March","B Property and deception offences","B30 Burglary/Break and enter","B32 Non-aggravated burglary",9385,170.518488856,175.34750475
2017,"March","B Property and deception offences","B40 Theft","B41 Motor vehicle theft",7069,128.438486704,132.075813647
2017,"March","B Property and deception offences","B40 Theft","B42 Steal from a motor vehicle",5550,100.839383394,103.69511469
2017,"March","B Property and deception offences","B40 Theft","B43 Steal from a retail store",11522,209.346193777,215.274794856
2017,"March","B Property and deception offences","B40 Theft","B44 Theft of a bicycle",362,6.577271493,6.76353721
2017,"March","B Property and deception offences","B40 Theft","B45 Receiving or handling stolen goods",3541,64.337343531,66.159351552
2017,"March","B Property and deception offences","B40 Theft","B46 Fare evasion",25,0.454231457,0.467095111
2017,"March","B Property and deception offences","B40 Theft","B49 Other theft",5360,97.387224322,100.145191844
2017,"March","B Property and deception offences","B50 Deception & B60 Bribery","B51 Forgery and counterfeiting",1541,27.998826993,28.791742655
2017,"March","B Property and deception offences","B50 Deception & B60 Bribery","B53 Obtain benefit by deception",4580,83.215202872,85.571824374
2017,"March","B Property and deception offences","B50 Deception & B60 Bribery","B54 State false information",602,10.937893478,11.247650278
2017,"March","B Property and deception offences","B50 Deception & B60 Bribery","B56 Professional malpractice and misrepresentation",25,0.454231457,0.467095111
2017,"March","B Property and deception offences","B50 Deception & B60 Bribery","Other deception offences & B61 Bribery of officials",32,0.581416265,0.597881742
2017,"March","C Drug offences","C10 Drug dealing and trafficking & C90 Other drug offences","C11 Drug dealing & C99 Other drug offences",10,0.181692583,0.186838044
2017,"March","C Drug offences","C10 Drug dealing and trafficking & C90 Other drug offences","C12 Drug trafficking",3150,57.233163548,58.853984013
2017,"March","C Drug offences","C20 Cultivate or manufacture drugs","C21 Cultivate drugs",721,13.100035212,13.471023007
2017,"March","C Drug offences","C20 Cultivate or manufacture drugs","C22 Manufacture drugs & C23 Possess drug manufacturing equipment or precursor",290,5.269084898,5.41830329
2017,"March","C Drug offences","C30 Drug use and possession","C31 Drug use",177,3.215958714,3.307033387
2017,"March","C Drug offences","C30 Drug use and possession","C32 Drug possession",9039,164.231925494,168.882908411
2017,"March","D Public order and security offences","D10 Weapons and explosives offences","D11 Firearms offences",1355,24.619344955,25.316555028
2017,"March","D Public order and security offences","D10 Weapons and explosives offences","D12 Prohibited and controlled weapons offences",5911,107.398485629,110.439968096
2017,"March","D Public order and security offences","D10 Weapons and explosives offences","D13 Explosives offences",158,2.870742807,2.952041103
2017,"March","D Public order and security offences","D20 Disorderly and offensive conduct","D21 Riot and affray",248,4.505976051,4.633583503
2017,"March","D Public order and security offences","D20 Disorderly and offensive conduct","D22 Drunk and disorderly in public",8036,146.008159451,150.143052549
2017,"March","D Public order and security offences","D20 Disorderly and offensive conduct","D23 Offensive conduct",2311,41.98915586,43.178272081
2017,"March","D Public order and security offences","D20 Disorderly and offensive conduct","D24 Offensive language",552,10.029430565,10.313460056
2017,"March","D Public order and security offences","D20 Disorderly and offensive conduct","D25 Criminal intent",118,2.143972476,2.204688925
2017,"March","D Public order and security offences","D20 Disorderly and offensive conduct","D26 Disorderly conduct",209,3.797374978,3.90491513
2017,"March","D Public order and security offences","D30 Public nuisance offences","D31 Privacy offences",17,0.308877391,0.317624676
2017,"March","D Public order and security offences","D30 Public nuisance offences","D32 Hoaxes",66,1.199171046,1.233131094
2017,"March","D Public order and security offences","D30 Public nuisance offences","D33 Begging",57,1.035647721,1.064976854
2017,"March","D Public order and security offences","D30 Public nuisance offences","D34 Defamation and libel & D36 Other public nuisance offences",56,1.017478463,1.046293049
2017,"March","D Public order and security offences","D30 Public nuisance offences","D35 Improper movement on public or private space",716,13.009188921,13.377603985
2017,"March","D Public order and security offences","D40 Public security offences","D40 Public security offences",6,0.10901555,0.112102827
2017,"March","E Justice procedures offences","E10 Justice procedures","E11 Escape custody & E12 Fail to appear",61,1.108324754,1.139712071
2017,"March","E Justice procedures offences","E10 Justice procedures","E13 Resist or hinder officer",1220,22.166495088,22.794241427
2017,"March","E Justice procedures offences","E10 Justice procedures","E14 Pervert the course of justice or commit perjury",399,7.249534049,7.454837975
2017,"March","E Justice procedures offences","E10 Justice procedures","E15 Prison regulation offences",305,5.541623772,5.698560357
2017,"March","E Justice procedures offences","E10 Justice procedures","E19 Other justice procedures offences",695,12.627634497,12.985244092
2017,"March","E Justice procedures offences","E20 Breaches of orders","E21 Breach family violence order",11060,200.951996456,206.642877201
2017,"March","E Justice procedures offences","E20 Breaches of orders","E22 Breach intervention order",1247,22.657065062,23.298704147
2017,"March","E Justice procedures offences","E20 Breaches of orders","E23 Breach bail conditions",6847,124.404911369,127.928009059
2017,"March","E Justice procedures offences","E20 Breaches of orders","E29 Breach of other orders",555,10.083938339,10.369511469
2017,"March","F Other offences","F10 Regulatory driving offences & F20 Transport regulation offences","F10 Regulatory driving offences & F20 Transport regulation offences",259,4.705837892,4.839105352
2017,"March","F Other offences","F30 Other government regulatory offences","F30 Other government regulatory offences",110,1.99861841,2.055218489
2017,"March","F Other offences","F90 Miscellaneous offences","F90 Miscellaneous offences",75,1.36269437,1.401285334
