"Year","Year ending","Offence Division","Offence Subdivision","Offence Subgroup","Incidents Recorded","Rate per 100,000 population"
2026,"March","A Crimes against the person","A10 Homicide and related offences","A11 Murder",53,0.736476478
2026,"March","A Crimes against the person","A10 Homicide and related offences","A12 Attempted murder",29,0.402977695
2026,"March","A Crimes against the person","A10 Homicide and related offences","A14 Manslaughter & A13  Accessory/ conspiracy to murder",9,0.125062043
2026,"March","A Crimes against the person","A10 Homicide and related offences","A15 Driving causing death",111,1.542431868
2026,"March","A Crimes against the person","A20 Assault and related offences","A211 FV Serious assault",10362,143.988099243
2026,"March","A Crimes against the person","A20 Assault and related offences","A212 Non-FV Serious assault",8385,116.516137054
2026,"March","A Crimes against the person","A20 Assault and related offences","A22 Assault police, emergency services or other authorised officer",2297,31.918612619
2026,"March","A Crimes against the person","A20 Assault and related offences","A231 FV Common assault",13139,182.576687508
2026,"March","A Crimes against the person","A20 Assault and related offences","A232 Non-FV Common assault",13202,183.452121811
2026,"March","A Crimes against the person","A30 Sexual offences","A31 Rape",3990,55.444172552
2026,"March","A Crimes against the person","A30 Sexual offences","A32 Indecent assault",3765,52.317621468
2026,"March","A Crimes against the person","A30 Sexual offences","A33 Incest",164,2.278908345
2026,"March","A Crimes against the person","A30 Sexual offences","A34 Sexual offences against children",1136,15.785609027
2026,"March","A Crimes against the person","A30 Sexual offences","A39 Other sexual offences",1500,20.843673892
2026,"March","A Crimes against the person","A40 Abduction and related offences","A41 Abduction",152,2.112158954
2026,"March","A Crimes against the person","A40 Abduction and related offences","A42 False imprisonment",278,3.863027561
2026,"March","A Crimes against the person","A40 Abduction and related offences","A43 Slavery and sexual servitude offences",1,0.013895783
2026,"March","A Crimes against the person","A50 Robbery","A51 Aggravated robbery",2395,33.280399314
2026,"March","A Crimes against the person","A50 Robbery","A52 Non-aggravated robbery",289,4.01588117
2026,"March","A Crimes against the person","A60 Blackmail and extortion","A61 Blackmail",235,3.26550891
2026,"March","A Crimes against the person","A60 Blackmail and extortion","A62 Extortion",163,2.265012563
2026,"March","A Crimes against the person","A70 Stalking, harassment and threatening behaviour","A711 FV Stalking",1505,20.913152805
2026,"March","A Crimes against the person","A70 Stalking, harassment and threatening behaviour","A712 Non-FV Stalking",943,13.103722987
2026,"March","A Crimes against the person","A70 Stalking, harassment and threatening behaviour","A721 FV Harassment and private nuisance",767,10.65806525
2026,"March","A Crimes against the person","A70 Stalking, harassment and threatening behaviour","A722 Non-FV Harassment and private nuisance",935,12.992556726
2026,"March","A Crimes against the person","A70 Stalking, harassment and threatening behaviour","A731 FV Threatening behaviour",2754,38.268985265
2026,"March","A Crimes against the person","A70 Stalking, harassment and threatening behaviour","A732 Non-FV Threatening behaviour",2435,33.836230617
2026,"March","A Crimes against the person","A80 Dangerous and negligent acts endangering people","A81 Dangerous driving",1770,24.595535192
2026,"March","A Crimes against the person","A80 Dangerous and negligent acts endangering people","A82 Neglect or ill treatment of people",12,0.166749391
2026,"March","A Crimes against the person","A80 Dangerous and negligent acts endangering people","A83 Throw or discharge object endangering people",1150,15.980149984
2026,"March","A Crimes against the person","A80 Dangerous and negligent acts endangering people","A89 Other dangerous or negligent acts endangering people",1787,24.831763496
2026,"March","B Property and deception offences","B10 Arson","B11 Cause damage by fire",2632,36.573699788
2026,"March","B Property and deception offences","B10 Arson","B12 Cause a bushfire",57,0.792059608
2026,"March","B Property and deception offences","B10 Arson","B19 Other fire related offences",738,10.255087555
2026,"March","B Property and deception offences","B20 Property damage","B21 Criminal damage",36071,501.234773962
2026,"March","B Property and deception offences","B20 Property damage","B22 Graffiti",3605,50.094296253
2026,"March","B Property and deception offences","B20 Property damage","B29 Other property damage offences",310,4.307692604
2026,"March","B Property and deception offences","B30 Burglary/Break and enter","B311 Residential aggravated burglary",5559,77.246655442
2026,"March","B Property and deception offences","B30 Burglary/Break and enter","B312 Non-residential aggravated burglary",324,4.502233561
2026,"March","B Property and deception offences","B30 Burglary/Break and enter","B319 Unknown aggravated burglary",5,0.069478913
2026,"March","B Property and deception offences","B30 Burglary/Break and enter","B321 Residential non-aggravated burglary",18718,260.101258602
2026,"March","B Property and deception offences","B30 Burglary/Break and enter","B322 Non-residential non-aggravated burglary",14103,195.972221929
2026,"March","B Property and deception offences","B30 Burglary/Break and enter","B329 Unknown non-aggravated burglary",94,1.306203564
2026,"March","B Property and deception offences","B40 Theft","B41 Motor vehicle theft",24424,339.390594085
2026,"March","B Property and deception offences","B40 Theft","B42 Steal from a motor vehicle",74134,1030.149946852
2026,"March","B Property and deception offences","B40 Theft","B43 Steal from a retail store",32453,450.959832536
2026,"March","B Property and deception offences","B40 Theft","B44 Theft of a bicycle",6920,96.158815553
2026,"March","B Property and deception offences","B40 Theft","B45 Receiving or handling stolen goods",7432,103.273456241
2026,"March","B Property and deception offences","B40 Theft","B46 Fare evasion",16,0.222332522
2026,"March","B Property and deception offences","B40 Theft","B49 Other theft",47501,660.063569016
2026,"March","B Property and deception offences","B50 Deception","B51 Forgery and counterfeiting",3227,44.841690432
2026,"March","B Property and deception offences","B50 Deception","B52 Possess equipment to make false instrument",4,0.05558313
2026,"March","B Property and deception offences","B50 Deception","B53 Obtain benefit by deception",17471,242.773217707
2026,"March","B Property and deception offences","B50 Deception","B54 State false information",528,7.33697321
2026,"March","B Property and deception offences","B50 Deception","B55 Deceptive business practices",9,0.125062043
2026,"March","B Property and deception offences","B50 Deception","B56 Professional malpractice and misrepresentation",72,1.000496347
2026,"March","B Property and deception offences","B50 Deception","B59 Other deception offences",151,2.098263172
2026,"March","B Property and deception offences","B60 Bribery","B61 Bribery of officials",3,0.041687348
2026,"March","C Drug offences","C10 Drug dealing and trafficking","C11 Drug dealing",34,0.472456608
2026,"March","C Drug offences","C10 Drug dealing and trafficking","C12 Drug trafficking",2153,29.917619926
2026,"March","C Drug offences","C20 Cultivate or manufacture drugs","C21 Cultivate drugs",507,7.045161775
2026,"March","C Drug offences","C20 Cultivate or manufacture drugs","C22 Manufacture drugs",1,0.013895783
2026,"March","C Drug offences","C20 Cultivate or manufacture drugs","C23 Possess drug manufacturing equipment or precursor",1419,19.718115501
2026,"March","C Drug offences","C30 Drug use and possession","C31 Drug use",59,0.819851173
2026,"March","C Drug offences","C30 Drug use and possession","C32 Drug possession",11267,156.563782491
2026,"March","C Drug offences","C90 Other drug offences","C99 Other drug offences",6,0.083374696
2026,"March","D Public order and security offences","D10 Weapons and explosives offences","D11 Firearms offences",2788,38.741441873
2026,"March","D Public order and security offences","D10 Weapons and explosives offences","D12 Prohibited and controlled weapons offences",7430,103.245664676
2026,"March","D Public order and security offences","D10 Weapons and explosives offences","D13 Explosives offences",209,2.904218562
2026,"March","D Public order and security offences","D20 Disorderly and offensive conduct","D21 Riot and affray",641,8.907196643
2026,"March","D Public order and security offences","D20 Disorderly and offensive conduct","D22 Drunk and disorderly in public",21,0.291811434
2026,"March","D Public order and security offences","D20 Disorderly and offensive conduct","D23 Offensive conduct",1709,23.747892454
2026,"March","D Public order and security offences","D20 Disorderly and offensive conduct","D24 Offensive language",301,4.182630561
2026,"March","D Public order and security offences","D20 Disorderly and offensive conduct","D25 Criminal intent",450,6.253102167
2026,"March","D Public order and security offences","D20 Disorderly and offensive conduct","D26 Disorderly conduct",291,4.043672735
2026,"March","D Public order and security offences","D30 Public nuisance offences","D31 Privacy offences",122,1.695285477
2026,"March","D Public order and security offences","D30 Public nuisance offences","D32 Hoaxes",164,2.278908345
2026,"March","D Public order and security offences","D30 Public nuisance offences","D33 Begging",7,0.097270478
2026,"March","D Public order and security offences","D30 Public nuisance offences","D34 Defamation and libel",1,0.013895783
2026,"March","D Public order and security offences","D30 Public nuisance offences","D35 Improper movement on public or private space",2668,37.073947962
2026,"March","D Public order and security offences","D30 Public nuisance offences","D36 Other public nuisance offences",9,0.125062043
2026,"March","D Public order and security offences","D40 Public security offences","D41 Immigration offences",1,0.013895783
2026,"March","D Public order and security offences","D40 Public security offences","D43 Hacking",218,3.029280606
2026,"March","D Public order and security offences","D40 Public security offences","D44 Terrorism offences",3,0.041687348
2026,"March","D Public order and security offences","D40 Public security offences","D49 Other public security offences",4,0.05558313
2026,"March","E Justice procedures offences","E10 Justice procedures","E11 Escape custody",104,1.44516139
2026,"March","E Justice procedures offences","E10 Justice procedures","E12 Fail to appear",1,0.013895783
2026,"March","E Justice procedures offences","E10 Justice procedures","E13 Resist or hinder officer",7873,109.401496366
2026,"March","E Justice procedures offences","E10 Justice procedures","E14 Pervert the course of justice or commit perjury",399,5.544417255
2026,"March","E Justice procedures offences","E10 Justice procedures","E15 Prison regulation offences",444,6.169727472
2026,"March","E Justice procedures offences","E10 Justice procedures","E19 Other justice procedures offences",1039,14.437718116
2026,"March","E Justice procedures offences","E20 Breaches of orders","E21 Breach family violence order",29372,408.146926362
2026,"March","E Justice procedures offences","E20 Breaches of orders","E22 Breach intervention order",3866,53.72109551
2026,"March","E Justice procedures offences","E20 Breaches of orders","E23 Breach bail conditions",18840,261.796544078
2026,"March","E Justice procedures offences","E20 Breaches of orders","E29 Breach of other orders",1342,18.648140242
2026,"March","F Other offences","F10 Regulatory driving offences","F11 Drink driving",2,0.027791565
2026,"March","F Other offences","F10 Regulatory driving offences","F15 Licensing offences",2,0.027791565
2026,"March","F Other offences","F10 Regulatory driving offences","F16 Registration and roadworthiness offences",1,0.013895783
2026,"March","F Other offences","F10 Regulatory driving offences","F19 Other regulatory driving offences",7,0.097270478
2026,"March","F Other offences","F20 Transport regulation offences","F21 Public transport",59,0.819851173
2026,"March","F Other offences","F20 Transport regulation offences","F22 Aviation regulations offences",8,0.111166261
2026,"March","F Other offences","F20 Transport regulation offences","F23 Maritime regulations offences",48,0.666997565
2026,"March","F Other offences","F20 Transport regulation offences","F24 Pedestrian offences",5,0.069478913
2026,"March","F Other offences","F20 Transport regulation offences","F29 Other transport regulation offences",156,2.167742085
2026,"March","F Other offences","F30 Other government regulatory offences","F31 Betting and gaming offences",17,0.236228304
2026,"March","F Other offences","F30 Other government regulatory offences","F32 Commercial regulation offences",7,0.097270478
2026,"March","F Other offences","F30 Other government regulatory offences","F33 Liquor and tobacco licensing offences",117,1.625806564
2026,"March","F Other offences","F30 Other government regulatory offences","F34 Pornography and censorship offences",2,0.027791565
2026,"March","F Other offences","F30 Other government regulatory offences","F39 Other government regulatory offences",35,0.486352391
2026,"March","F Other offences","F90 Miscellaneous offences","F91 Environmental offences",51,0.708684912
2026,"March","F Other offences","F90 Miscellaneous offences","F92 Public health and safety offences",28,0.389081913
2026,"March","F Other offences","F90 Miscellaneous offences","F93 Cruelty to animals",102,1.417369825
2026,"March","F Other offences","F90 Miscellaneous offences","F94 Dangerous substance offences",8,0.111166261
2026,"March","F Other offences","F90 Miscellaneous offences","F99 Other miscellaneous offences",19,0.264019869
2025,"March","A Crimes against the person","A10 Homicide and related offences","A11 Murder",65,0.918876104
2025,"March","A Crimes against the person","A10 Homicide and related offences","A12 Attempted murder",24,0.339277331
2025,"March","A Crimes against the person","A10 Homicide and related offences","A14 Manslaughter & A13  Accessory/ conspiracy to murder",29,0.409960108
2025,"March","A Crimes against the person","A10 Homicide and related offences","A15 Driving causing death",95,1.342972768
2025,"March","A Crimes against the person","A20 Assault and related offences","A211 FV Serious assault",9306,131.554785019
2025,"March","A Crimes against the person","A20 Assault and related offences","A212 Non-FV Serious assault",9052,127.964099935
2025,"March","A Crimes against the person","A20 Assault and related offences","A22 Assault police, emergency services or other authorised officer",2326,32.881627977
2025,"March","A Crimes against the person","A20 Assault and related offences","A231 FV Common assault",13747,194.335227773
2025,"March","A Crimes against the person","A20 Assault and related offences","A232 Non-FV Common assault",13170,186.178435278
2025,"March","A Crimes against the person","A30 Sexual offences","A31 Rape",3973,56.164534803
2025,"March","A Crimes against the person","A30 Sexual offences","A32 Indecent assault",4117,58.200198788
2025,"March","A Crimes against the person","A30 Sexual offences","A33 Incest",201,2.841447645
2025,"March","A Crimes against the person","A30 Sexual offences","A34 Sexual offences against children",1175,16.610452654
2025,"March","A Crimes against the person","A30 Sexual offences","A39 Other sexual offences",995,14.065872673
2025,"March","A Crimes against the person","A40 Abduction and related offences","A41 Abduction",173,2.445624093
2025,"March","A Crimes against the person","A40 Abduction and related offences","A42 False imprisonment",280,3.958235526
2025,"March","A Crimes against the person","A50 Robbery","A51 Aggravated robbery",2705,38.239382493
2025,"March","A Crimes against the person","A50 Robbery","A52 Non-aggravated robbery",313,4.424741856
2025,"March","A Crimes against the person","A60 Blackmail and extortion","A61 Blackmail",224,3.166588421
2025,"March","A Crimes against the person","A60 Blackmail and extortion","A62 Extortion",122,1.724659765
2025,"March","A Crimes against the person","A70 Stalking, harassment and threatening behaviour","A711 FV Stalking",1367,19.3246713
2025,"March","A Crimes against the person","A70 Stalking, harassment and threatening behaviour","A712 Non-FV Stalking",875,12.369486019
2025,"March","A Crimes against the person","A70 Stalking, harassment and threatening behaviour","A721 FV Harassment and private nuisance",841,11.888843134
2025,"March","A Crimes against the person","A70 Stalking, harassment and threatening behaviour","A722 Non-FV Harassment and private nuisance",766,10.828601475
2025,"March","A Crimes against the person","A70 Stalking, harassment and threatening behaviour","A731 FV Threatening behaviour",2627,37.136731168
2025,"March","A Crimes against the person","A70 Stalking, harassment and threatening behaviour","A732 Non-FV Threatening behaviour",2236,31.609337987
2025,"March","A Crimes against the person","A80 Dangerous and negligent acts endangering people","A81 Dangerous driving",1482,20.950375177
2025,"March","A Crimes against the person","A80 Dangerous and negligent acts endangering people","A82 Neglect or ill treatment of people",21,0.296867664
2025,"March","A Crimes against the person","A80 Dangerous and negligent acts endangering people","A83 Throw or discharge object endangering people",1063,15.027158444
2025,"March","A Crimes against the person","A80 Dangerous and negligent acts endangering people","A89 Other dangerous or negligent acts endangering people",1843,26.053671695
2025,"March","B Property and deception offences","B10 Arson","B11 Cause damage by fire",2788,39.412716595
2025,"March","B Property and deception offences","B10 Arson","B12 Cause a bushfire",47,0.664418106
2025,"March","B Property and deception offences","B10 Arson","B19 Other fire related offences",635,8.976712711
2025,"March","B Property and deception offences","B20 Property damage","B21 Criminal damage",37245,526.516007741
2025,"March","B Property and deception offences","B20 Property damage","B22 Graffiti",3625,51.245013507
2025,"March","B Property and deception offences","B20 Property damage","B29 Other property damage offences",324,4.580243966
2025,"March","B Property and deception offences","B30 Burglary/Break and enter","B311 Residential aggravated burglary",6805,96.199259838
2025,"March","B Property and deception offences","B30 Burglary/Break and enter","B312 Non-residential aggravated burglary",453,6.403859619
2025,"March","B Property and deception offences","B30 Burglary/Break and enter","B319 Unknown aggravated burglary",12,0.169638665
2025,"March","B Property and deception offences","B30 Burglary/Break and enter","B321 Residential non-aggravated burglary",21448,303.200841295
2025,"March","B Property and deception offences","B30 Burglary/Break and enter","B322 Non-residential non-aggravated burglary",17112,241.904736863
2025,"March","B Property and deception offences","B30 Burglary/Break and enter","B329 Unknown non-aggravated burglary",83,1.173334102
2025,"March","B Property and deception offences","B40 Theft","B41 Motor vehicle theft",24153,341.440223787
2025,"March","B Property and deception offences","B40 Theft","B42 Steal from a motor vehicle",74364,1051.250809495
2025,"March","B Property and deception offences","B40 Theft","B43 Steal from a retail store",37081,524.197612647
2025,"March","B Property and deception offences","B40 Theft","B44 Theft of a bicycle",8290,117.192044682
2025,"March","B Property and deception offences","B40 Theft","B45 Receiving or handling stolen goods",8611,121.729878981
2025,"March","B Property and deception offences","B40 Theft","B46 Fare evasion",19,0.268594554
2025,"March","B Property and deception offences","B40 Theft","B49 Other theft",49029,693.101177165
2025,"March","B Property and deception offences","B50 Deception","B51 Forgery and counterfeiting",1975,27.919697014
2025,"March","B Property and deception offences","B50 Deception","B52 Possess equipment to make false instrument",6,0.084819333
2025,"March","B Property and deception offences","B50 Deception","B53 Obtain benefit by deception",16877,238.582646332
2025,"March","B Property and deception offences","B50 Deception","B54 State false information",520,7.351008834
2025,"March","B Property and deception offences","B50 Deception","B55 Deceptive business practices",9,0.127228999
2025,"March","B Property and deception offences","B50 Deception","B56 Professional malpractice and misrepresentation",63,0.890602993
2025,"March","B Property and deception offences","B50 Deception","B59 Other deception offences",163,2.304258538
2025,"March","B Property and deception offences","B60 Bribery","B61 Bribery of officials",5,0.070682777
2025,"March","C Drug offences","C10 Drug dealing and trafficking","C11 Drug dealing",38,0.537189107
2025,"March","C Drug offences","C10 Drug dealing and trafficking","C12 Drug trafficking",2193,31.001466102
2025,"March","C Drug offences","C20 Cultivate or manufacture drugs","C21 Cultivate drugs",538,7.605466832
2025,"March","C Drug offences","C20 Cultivate or manufacture drugs","C22 Manufacture drugs",3,0.042409666
2025,"March","C Drug offences","C20 Cultivate or manufacture drugs","C23 Possess drug manufacturing equipment or precursor",1374,19.423627188
2025,"March","C Drug offences","C30 Drug use and possession","C31 Drug use",57,0.805783661
2025,"March","C Drug offences","C30 Drug use and possession","C32 Drug possession",11926,168.592560298
2025,"March","C Drug offences","C90 Other drug offences","C99 Other drug offences",8,0.113092444
2025,"March","D Public order and security offences","D10 Weapons and explosives offences","D11 Firearms offences",2635,37.249823611
2025,"March","D Public order and security offences","D10 Weapons and explosives offences","D12 Prohibited and controlled weapons offences",6949,98.234923823
2025,"March","D Public order and security offences","D10 Weapons and explosives offences","D13 Explosives offences",174,2.459760648
2025,"March","D Public order and security offences","D20 Disorderly and offensive conduct","D21 Riot and affray",690,9.754223261
2025,"March","D Public order and security offences","D20 Disorderly and offensive conduct","D22 Drunk and disorderly in public",37,0.523052552
2025,"March","D Public order and security offences","D20 Disorderly and offensive conduct","D23 Offensive conduct",1352,19.112622969
2025,"March","D Public order and security offences","D20 Disorderly and offensive conduct","D24 Offensive language",222,3.13831531
2025,"March","D Public order and security offences","D20 Disorderly and offensive conduct","D25 Criminal intent",471,6.658317617
2025,"March","D Public order and security offences","D20 Disorderly and offensive conduct","D26 Disorderly conduct",242,3.421046419
2025,"March","D Public order and security offences","D30 Public nuisance offences","D31 Privacy offences",107,1.512611433
2025,"March","D Public order and security offences","D30 Public nuisance offences","D32 Hoaxes",192,2.714218646
2025,"March","D Public order and security offences","D30 Public nuisance offences","D33 Begging",14,0.197911776
2025,"March","D Public order and security offences","D30 Public nuisance offences","D35 Improper movement on public or private space",2620,37.037775279
2025,"March","D Public order and security offences","D30 Public nuisance offences","D36 Other public nuisance offences",14,0.197911776
2025,"March","D Public order and security offences","D40 Public security offences","D42 Sabotage",1,0.014136555
2025,"March","D Public order and security offences","D40 Public security offences","D43 Hacking",231,3.265544309
2025,"March","D Public order and security offences","D40 Public security offences","D44 Terrorism offences",2,0.028273111
2025,"March","E Justice procedures offences","E10 Justice procedures","E11 Escape custody",76,1.074378214
2025,"March","E Justice procedures offences","E10 Justice procedures","E12 Fail to appear",1,0.014136555
2025,"March","E Justice procedures offences","E10 Justice procedures","E13 Resist or hinder officer",7647,108.102239527
2025,"March","E Justice procedures offences","E10 Justice procedures","E14 Pervert the course of justice or commit perjury",425,6.008036066
2025,"March","E Justice procedures offences","E10 Justice procedures","E15 Prison regulation offences",298,4.212693524
2025,"March","E Justice procedures offences","E10 Justice procedures","E19 Other justice procedures offences",1076,15.210933664
2025,"March","E Justice procedures offences","E20 Breaches of orders","E21 Breach family violence order",30634,433.05923966
2025,"March","E Justice procedures offences","E20 Breaches of orders","E22 Breach intervention order",3783,53.478589268
2025,"March","E Justice procedures offences","E20 Breaches of orders","E23 Breach bail conditions",8184,115.693569804
2025,"March","E Justice procedures offences","E20 Breaches of orders","E29 Breach of other orders",1611,22.77399083
2025,"March","F Other offences","F10 Regulatory driving offences","F11 Drink driving",2,0.028273111
2025,"March","F Other offences","F10 Regulatory driving offences","F12 Drug driving",2,0.028273111
2025,"March","F Other offences","F10 Regulatory driving offences","F15 Licensing offences",12,0.169638665
2025,"March","F Other offences","F10 Regulatory driving offences","F16 Registration and roadworthiness offences",2,0.028273111
2025,"March","F Other offences","F10 Regulatory driving offences","F19 Other regulatory driving offences",12,0.169638665
2025,"March","F Other offences","F20 Transport regulation offences","F21 Public transport",72,1.017831992
2025,"March","F Other offences","F20 Transport regulation offences","F22 Aviation regulations offences",3,0.042409666
2025,"March","F Other offences","F20 Transport regulation offences","F23 Maritime regulations offences",58,0.819920216
2025,"March","F Other offences","F20 Transport regulation offences","F24 Pedestrian offences",5,0.070682777
2025,"March","F Other offences","F20 Transport regulation offences","F29 Other transport regulation offences",119,1.682250099
2025,"March","F Other offences","F30 Other government regulatory offences","F31 Betting and gaming offences",12,0.169638665
2025,"March","F Other offences","F30 Other government regulatory offences","F32 Commercial regulation offences",7,0.098955888
2025,"March","F Other offences","F30 Other government regulatory offences","F33 Liquor and tobacco licensing offences",142,2.007390874
2025,"March","F Other offences","F30 Other government regulatory offences","F34 Pornography and censorship offences",1,0.014136555
2025,"March","F Other offences","F30 Other government regulatory offences","F36 Prostitution offences",1,0.014136555
2025,"March","F Other offences","F30 Other government regulatory offences","F39 Other government regulatory offences",43,0.607871884
2025,"March","F Other offences","F90 Miscellaneous offences","F91 Environmental offences",69,0.975422326
2025,"March","F Other offences","F90 Miscellaneous offences","F92 Public health and safety offences",21,0.296867664
2025,"March","F Other offences","F90 Miscellaneous offences","F93 Cruelty to animals",123,1.73879632
2025,"March","F Other offences","F90 Miscellaneous offences","F94 Dangerous substance offences",3,0.042409666
2025,"March","F Other offences","F90 Miscellaneous offences","F99 Other miscellaneous offences",29,0.409960108
2024,"March","A Crimes against the person","A10 Homicide and related offences","A11 Murder",51,0.733711497
2024,"March","A Crimes against the person","A10 Homicide and related offences","A12 Attempted murder",23,0.330889499
2024,"March","A Crimes against the person","A10 Homicide and related offences","A14 Manslaughter & A13  Accessory/ conspiracy to murder",15,0.215797499
2024,"March","A Crimes against the person","A10 Homicide and related offences","A15 Driving causing death",105,1.510582494
2024,"March","A Crimes against the person","A20 Assault and related offences","A211 FV Serious assault",7955,114.444607012
2024,"March","A Crimes against the person","A20 Assault and related offences","A212 Non-FV Serious assault",8244,118.602305494
2024,"March","A Crimes against the person","A20 Assault and related offences","A22 Assault police, emergency services or other authorised officer",1952,28.08244788
2024,"March","A Crimes against the person","A20 Assault and related offences","A231 FV Common assault",13407,192.879804677
2024,"March","A Crimes against the person","A20 Assault and related offences","A232 Non-FV Common assault",11461,164.883675797
2024,"March","A Crimes against the person","A30 Sexual offences","A31 Rape",3661,52.668976275
2024,"March","A Crimes against the person","A30 Sexual offences","A32 Indecent assault",4113,59.171674248
2024,"March","A Crimes against the person","A30 Sexual offences","A33 Incest",214,3.078710987
2024,"March","A Crimes against the person","A30 Sexual offences","A34 Sexual offences against children",1042,14.990732936
2024,"March","A Crimes against the person","A30 Sexual offences","A39 Other sexual offences",870,12.516254947
2024,"March","A Crimes against the person","A40 Abduction and related offences","A41 Abduction",133,1.913404492
2024,"March","A Crimes against the person","A40 Abduction and related offences","A42 False imprisonment",240,3.452759985
2024,"March","A Crimes against the person","A40 Abduction and related offences","A43 Slavery and sexual servitude offences",1,0.0143865
2024,"March","A Crimes against the person","A50 Robbery","A51 Aggravated robbery",2264,32.571035861
2024,"March","A Crimes against the person","A50 Robbery","A52 Non-aggravated robbery",328,4.71877198
2024,"March","A Crimes against the person","A60 Blackmail and extortion","A61 Blackmail",369,5.308618477
2024,"March","A Crimes against the person","A60 Blackmail and extortion","A62 Extortion",78,1.122146995
2024,"March","A Crimes against the person","A70 Stalking, harassment and threatening behaviour","A711 FV Stalking",1259,18.112603423
2024,"March","A Crimes against the person","A70 Stalking, harassment and threatening behaviour","A712 Non-FV Stalking",822,11.82570295
2024,"March","A Crimes against the person","A70 Stalking, harassment and threatening behaviour","A721 FV Harassment and private nuisance",659,9.48070346
2024,"March","A Crimes against the person","A70 Stalking, harassment and threatening behaviour","A722 Non-FV Harassment and private nuisance",654,9.40877096
2024,"March","A Crimes against the person","A70 Stalking, harassment and threatening behaviour","A731 FV Threatening behaviour",2345,33.736342356
2024,"March","A Crimes against the person","A70 Stalking, harassment and threatening behaviour","A732 Non-FV Threatening behaviour",1934,27.823490881
2024,"March","A Crimes against the person","A80 Dangerous and negligent acts endangering people","A81 Dangerous driving",1177,16.932910428
2024,"March","A Crimes against the person","A80 Dangerous and negligent acts endangering people","A82 Neglect or ill treatment of people",21,0.302116499
2024,"March","A Crimes against the person","A80 Dangerous and negligent acts endangering people","A83 Throw or discharge object endangering people",959,13.796653441
2024,"March","A Crimes against the person","A80 Dangerous and negligent acts endangering people","A89 Other dangerous or negligent acts endangering people",1864,26.816435886
2024,"March","B Property and deception offences","B10 Arson","B11 Cause damage by fire",2060,29.636189874
2024,"March","B Property and deception offences","B10 Arson","B12 Cause a bushfire",33,0.474754498
2024,"March","B Property and deception offences","B10 Arson","B19 Other fire related offences",398,5.725826976
2024,"March","B Property and deception offences","B20 Property damage","B21 Criminal damage",32317,464.928518517
2024,"March","B Property and deception offences","B20 Property damage","B22 Graffiti",3492,50.237657786
2024,"March","B Property and deception offences","B20 Property damage","B29 Other property damage offences",303,4.359109481
2024,"March","B Property and deception offences","B30 Burglary/Break and enter","B311 Residential aggravated burglary",5200,74.809799681
2024,"March","B Property and deception offences","B30 Burglary/Break and enter","B312 Non-residential aggravated burglary",190,2.733434988
2024,"March","B Property and deception offences","B30 Burglary/Break and enter","B319 Unknown aggravated burglary",9,0.129478499
2024,"March","B Property and deception offences","B30 Burglary/Break and enter","B321 Residential non-aggravated burglary",18684,268.797364854
2024,"March","B Property and deception offences","B30 Burglary/Break and enter","B322 Non-residential non-aggravated burglary",12513,180.018273732
2024,"March","B Property and deception offences","B30 Burglary/Break and enter","B329 Unknown non-aggravated burglary",56,0.805643997
2024,"March","B Property and deception offences","B40 Theft","B41 Motor vehicle theft",14457,207.985629613
2024,"March","B Property and deception offences","B40 Theft","B42 Steal from a motor vehicle",52351,753.147658288
2024,"March","B Property and deception offences","B40 Theft","B43 Steal from a retail store",22536,324.214162617
2024,"March","B Property and deception offences","B40 Theft","B44 Theft of a bicycle",7495,107.82681704
2024,"March","B Property and deception offences","B40 Theft","B45 Receiving or handling stolen goods",5816,83.671883643
2024,"March","B Property and deception offences","B40 Theft","B46 Fare evasion",17,0.244570499
2024,"March","B Property and deception offences","B40 Theft","B49 Other theft",39720,571.431777563
2024,"March","B Property and deception offences","B50 Deception","B51 Forgery and counterfeiting",1926,27.708398882
2024,"March","B Property and deception offences","B50 Deception","B52 Possess equipment to make false instrument",6,0.086319
2024,"March","B Property and deception offences","B50 Deception","B53 Obtain benefit by deception",16922,243.448351962
2024,"March","B Property and deception offences","B50 Deception","B54 State false information",532,7.653617967
2024,"March","B Property and deception offences","B50 Deception","B55 Deceptive business practices",6,0.086319
2024,"March","B Property and deception offences","B50 Deception","B56 Professional malpractice and misrepresentation",57,0.820030497
2024,"March","B Property and deception offences","B50 Deception","B59 Other deception offences",138,1.985336992
2024,"March","B Property and deception offences","B60 Bribery","B61 Bribery of officials",2,0.028773
2024,"March","C Drug offences","C10 Drug dealing and trafficking","C11 Drug dealing",36,0.517913998
2024,"March","C Drug offences","C10 Drug dealing and trafficking","C12 Drug trafficking",2308,33.204041858
2024,"March","C Drug offences","C20 Cultivate or manufacture drugs","C21 Cultivate drugs",641,9.221746461
2024,"March","C Drug offences","C20 Cultivate or manufacture drugs","C22 Manufacture drugs",1,0.0143865
2024,"March","C Drug offences","C20 Cultivate or manufacture drugs","C23 Possess drug manufacturing equipment or precursor",1155,16.616407429
2024,"March","C Drug offences","C30 Drug use and possession","C31 Drug use",64,0.920735996
2024,"March","C Drug offences","C30 Drug use and possession","C32 Drug possession",9680,139.261319406
2024,"March","C Drug offences","C90 Other drug offences","C99 Other drug offences",11,0.158251499
2024,"March","D Public order and security offences","D10 Weapons and explosives offences","D11 Firearms offences",2460,35.390789849
2024,"March","D Public order and security offences","D10 Weapons and explosives offences","D12 Prohibited and controlled weapons offences",6379,91.771483109
2024,"March","D Public order and security offences","D10 Weapons and explosives offences","D13 Explosives offences",176,2.532023989
2024,"March","D Public order and security offences","D20 Disorderly and offensive conduct","D21 Riot and affray",663,9.538249459
2024,"March","D Public order and security offences","D20 Disorderly and offensive conduct","D22 Drunk and disorderly in public",1529,21.996958406
2024,"March","D Public order and security offences","D20 Disorderly and offensive conduct","D23 Offensive conduct",1483,21.335179409
2024,"March","D Public order and security offences","D20 Disorderly and offensive conduct","D24 Offensive language",268,3.855581984
2024,"March","D Public order and security offences","D20 Disorderly and offensive conduct","D25 Criminal intent",293,4.215244482
2024,"March","D Public order and security offences","D20 Disorderly and offensive conduct","D26 Disorderly conduct",186,2.675888989
2024,"March","D Public order and security offences","D30 Public nuisance offences","D31 Privacy offences",80,1.150919995
2024,"March","D Public order and security offences","D30 Public nuisance offences","D32 Hoaxes",140,2.014109991
2024,"March","D Public order and security offences","D30 Public nuisance offences","D33 Begging",11,0.158251499
2024,"March","D Public order and security offences","D30 Public nuisance offences","D34 Defamation and libel",1,0.0143865
2024,"March","D Public order and security offences","D30 Public nuisance offences","D35 Improper movement on public or private space",2056,29.578643874
2024,"March","D Public order and security offences","D30 Public nuisance offences","D36 Other public nuisance offences",12,0.172637999
2024,"March","D Public order and security offences","D40 Public security offences","D41 Immigration offences",1,0.0143865
2024,"March","D Public order and security offences","D40 Public security offences","D43 Hacking",22,0.316502999
2024,"March","D Public order and security offences","D40 Public security offences","D44 Terrorism offences",1,0.0143865
2024,"March","D Public order and security offences","D40 Public security offences","D49 Other public security offences",2,0.028773
2024,"March","E Justice procedures offences","E10 Justice procedures","E11 Escape custody",50,0.719324997
2024,"March","E Justice procedures offences","E10 Justice procedures","E12 Fail to appear",3,0.0431595
2024,"March","E Justice procedures offences","E10 Justice procedures","E13 Resist or hinder officer",6273,90.246514115
2024,"March","E Justice procedures offences","E10 Justice procedures","E14 Pervert the course of justice or commit perjury",371,5.337391477
2024,"March","E Justice procedures offences","E10 Justice procedures","E15 Prison regulation offences",349,5.020888479
2024,"March","E Justice procedures offences","E10 Justice procedures","E19 Other justice procedures offences",1015,14.602297438
2024,"March","E Justice procedures offences","E20 Breaches of orders","E21 Breach family violence order",26125,375.847310897
2024,"March","E Justice procedures offences","E20 Breaches of orders","E22 Breach intervention order",3003,43.202659316
2024,"March","E Justice procedures offences","E20 Breaches of orders","E23 Breach bail conditions",20720,298.088278729
2024,"March","E Justice procedures offences","E20 Breaches of orders","E29 Breach of other orders",1549,22.284688405
2024,"March","F Other offences","F10 Regulatory driving offences","F11 Drink driving",4,0.057546
2024,"March","F Other offences","F10 Regulatory driving offences","F12 Drug driving",1,0.0143865
2024,"March","F Other offences","F10 Regulatory driving offences","F15 Licensing offences",2,0.028773
2024,"March","F Other offences","F10 Regulatory driving offences","F19 Other regulatory driving offences",10,0.143864999
2024,"March","F Other offences","F20 Transport regulation offences","F21 Public transport",52,0.748097997
2024,"March","F Other offences","F20 Transport regulation offences","F22 Aviation regulations offences",5,0.0719325
2024,"March","F Other offences","F20 Transport regulation offences","F23 Maritime regulations offences",98,1.409876994
2024,"March","F Other offences","F20 Transport regulation offences","F24 Pedestrian offences",5,0.0719325
2024,"March","F Other offences","F20 Transport regulation offences","F29 Other transport regulation offences",90,1.294784994
2024,"March","F Other offences","F30 Other government regulatory offences","F31 Betting and gaming offences",16,0.230183999
2024,"March","F Other offences","F30 Other government regulatory offences","F32 Commercial regulation offences",12,0.172637999
2024,"March","F Other offences","F30 Other government regulatory offences","F33 Liquor and tobacco licensing offences",81,1.165306495
2024,"March","F Other offences","F30 Other government regulatory offences","F34 Pornography and censorship offences",1,0.0143865
2024,"March","F Other offences","F30 Other government regulatory offences","F36 Prostitution offences",3,0.0431595
2024,"March","F Other offences","F30 Other government regulatory offences","F39 Other government regulatory offences",30,0.431594998
2024,"March","F Other offences","F90 Miscellaneous offences","F91 Environmental offences",55,0.791257497
2024,"March","F Other offences","F90 Miscellaneous offences","F92 Public health and safety offences",33,0.474754498
2024,"March","F Other offences","F90 Miscellaneous offences","F93 Cruelty to animals",110,1.582514993
2024,"March","F Other offences","F90 Miscellaneous offences","F94 Dangerous substance offences",6,0.086319
2024,"March","F Other offences","F90 Miscellaneous offences","F99 Other miscellaneous offences",22,0.316502999
2023,"March","A Crimes against the person","A10 Homicide and related offences","A11 Murder",48,0.706176351
2023,"March","A Crimes against the person","A10 Homicide and related offences","A12 Attempted murder",17,0.250104124
2023,"March","A Crimes against the person","A10 Homicide and related offences","A14 Manslaughter & A13  Accessory/ conspiracy to murder",23,0.338376168
2023,"March","A Crimes against the person","A10 Homicide and related offences","A15 Driving causing death",91,1.338792665
2023,"March","A Crimes against the person","A20 Assault and related offences","A211 FV Serious assault",7002,103.013475169
2023,"March","A Crimes against the person","A20 Assault and related offences","A212 Non-FV Serious assault",8374,123.198349195
2023,"March","A Crimes against the person","A20 Assault and related offences","A22 Assault police, emergency services or other authorised officer",1993,29.321030564
2023,"March","A Crimes against the person","A20 Assault and related offences","A231 FV Common assault",14414,212.058873334
2023,"March","A Crimes against the person","A20 Assault and related offences","A232 Non-FV Common assault",11240,165.362962139
2023,"March","A Crimes against the person","A30 Sexual offences","A31 Rape",3323,48.888000284
2023,"March","A Crimes against the person","A30 Sexual offences","A32 Indecent assault",3864,56.847196237
2023,"March","A Crimes against the person","A30 Sexual offences","A33 Incest",226,3.324913652
2023,"March","A Crimes against the person","A30 Sexual offences","A34 Sexual offences against children",838,12.328662124
2023,"March","A Crimes against the person","A30 Sexual offences","A39 Other sexual offences",785,11.548925737
2023,"March","A Crimes against the person","A40 Abduction and related offences","A41 Abduction",139,2.044969016
2023,"March","A Crimes against the person","A40 Abduction and related offences","A42 False imprisonment",274,4.031090002
2023,"March","A Crimes against the person","A40 Abduction and related offences","A43 Slavery and sexual servitude offences",1,0.014712007
2023,"March","A Crimes against the person","A50 Robbery","A51 Aggravated robbery",1779,26.172661
2023,"March","A Crimes against the person","A50 Robbery","A52 Non-aggravated robbery",230,3.383761681
2023,"March","A Crimes against the person","A60 Blackmail and extortion","A61 Blackmail",475,6.988203471
2023,"March","A Crimes against the person","A60 Blackmail and extortion","A62 Extortion",63,0.92685646
2023,"March","A Crimes against the person","A70 Stalking, harassment and threatening behaviour","A711 FV Stalking",1254,18.448857164
2023,"March","A Crimes against the person","A70 Stalking, harassment and threatening behaviour","A712 Non-FV Stalking",835,12.284526102
2023,"March","A Crimes against the person","A70 Stalking, harassment and threatening behaviour","A721 FV Harassment and private nuisance",684,10.063012998
2023,"March","A Crimes against the person","A70 Stalking, harassment and threatening behaviour","A722 Non-FV Harassment and private nuisance",585,8.606524275
2023,"March","A Crimes against the person","A70 Stalking, harassment and threatening behaviour","A731 FV Threatening behaviour",2226,32.748928267
2023,"March","A Crimes against the person","A70 Stalking, harassment and threatening behaviour","A732 Non-FV Threatening behaviour",2030,29.865374835
2023,"March","A Crimes against the person","A80 Dangerous and negligent acts endangering people","A81 Dangerous driving",1326,19.50812169
2023,"March","A Crimes against the person","A80 Dangerous and negligent acts endangering people","A82 Neglect or ill treatment of people",25,0.367800183
2023,"March","A Crimes against the person","A80 Dangerous and negligent acts endangering people","A83 Throw or discharge object endangering people",905,13.314366614
2023,"March","A Crimes against the person","A80 Dangerous and negligent acts endangering people","A89 Other dangerous or negligent acts endangering people",1994,29.335742572
2023,"March","B Property and deception offences","B10 Arson","B11 Cause damage by fire",1668,24.539628189
2023,"March","B Property and deception offences","B10 Arson","B12 Cause a bushfire",25,0.367800183
2023,"March","B Property and deception offences","B10 Arson","B19 Other fire related offences",258,3.795697885
2023,"March","B Property and deception offences","B20 Property damage","B21 Criminal damage",29314,431.267782219
2023,"March","B Property and deception offences","B20 Property damage","B22 Graffiti",3143,46.239838968
2023,"March","B Property and deception offences","B20 Property damage","B29 Other property damage offences",290,4.266482119
2023,"March","B Property and deception offences","B30 Burglary/Break and enter","B311 Residential aggravated burglary",4345,63.923671752
2023,"March","B Property and deception offences","B30 Burglary/Break and enter","B312 Non-residential aggravated burglary",118,1.736016862
2023,"March","B Property and deception offences","B30 Burglary/Break and enter","B319 Unknown aggravated burglary",12,0.176544088
2023,"March","B Property and deception offences","B30 Burglary/Break and enter","B321 Residential non-aggravated burglary",17041,250.707316531
2023,"March","B Property and deception offences","B30 Burglary/Break and enter","B322 Non-residential non-aggravated burglary",10553,155.255813119
2023,"March","B Property and deception offences","B30 Burglary/Break and enter","B329 Unknown non-aggravated burglary",65,0.956280475
2023,"March","B Property and deception offences","B40 Theft","B41 Motor vehicle theft",11561,170.085516485
2023,"March","B Property and deception offences","B40 Theft","B42 Steal from a motor vehicle",43649,642.164406976
2023,"March","B Property and deception offences","B40 Theft","B43 Steal from a retail store",16154,237.657766049
2023,"March","B Property and deception offences","B40 Theft","B44 Theft of a bicycle",6466,95.127839252
2023,"March","B Property and deception offences","B40 Theft","B45 Receiving or handling stolen goods",5477,80.577664025
2023,"March","B Property and deception offences","B40 Theft","B46 Fare evasion",15,0.22068011
2023,"March","B Property and deception offences","B40 Theft","B49 Other theft",34303,504.665986678
2023,"March","B Property and deception offences","B50 Deception","B51 Forgery and counterfeiting",1734,25.510620672
2023,"March","B Property and deception offences","B50 Deception","B52 Possess equipment to make false instrument",2,0.029424015
2023,"March","B Property and deception offences","B50 Deception","B53 Obtain benefit by deception",16338,240.364775394
2023,"March","B Property and deception offences","B50 Deception","B54 State false information",557,8.19458807
2023,"March","B Property and deception offences","B50 Deception","B55 Deceptive business practices",4,0.058848029
2023,"March","B Property and deception offences","B50 Deception","B56 Professional malpractice and misrepresentation",63,0.92685646
2023,"March","B Property and deception offences","B50 Deception","B59 Other deception offences",148,2.177377082
2023,"March","B Property and deception offences","B60 Bribery","B61 Bribery of officials",2,0.029424015
2023,"March","C Drug offences","C10 Drug dealing and trafficking","C11 Drug dealing",24,0.353088175
2023,"March","C Drug offences","C10 Drug dealing and trafficking","C12 Drug trafficking",2339,34.411385093
2023,"March","C Drug offences","C20 Cultivate or manufacture drugs","C21 Cultivate drugs",747,10.989869459
2023,"March","C Drug offences","C20 Cultivate or manufacture drugs","C22 Manufacture drugs",1,0.014712007
2023,"March","C Drug offences","C20 Cultivate or manufacture drugs","C23 Possess drug manufacturing equipment or precursor",814,11.975573949
2023,"March","C Drug offences","C30 Drug use and possession","C31 Drug use",88,1.294656643
2023,"March","C Drug offences","C30 Drug use and possession","C32 Drug possession",10005,147.193633114
2023,"March","C Drug offences","C90 Other drug offences","C99 Other drug offences",10,0.147120073
2023,"March","D Public order and security offences","D10 Weapons and explosives offences","D11 Firearms offences",2440,35.897297831
2023,"March","D Public order and security offences","D10 Weapons and explosives offences","D12 Prohibited and controlled weapons offences",6461,95.054279215
2023,"March","D Public order and security offences","D10 Weapons and explosives offences","D13 Explosives offences",184,2.707009345
2023,"March","D Public order and security offences","D20 Disorderly and offensive conduct","D21 Riot and affray",676,9.94531694
2023,"March","D Public order and security offences","D20 Disorderly and offensive conduct","D22 Drunk and disorderly in public",3120,45.9014628
2023,"March","D Public order and security offences","D20 Disorderly and offensive conduct","D23 Offensive conduct",1514,22.273979064
2023,"March","D Public order and security offences","D20 Disorderly and offensive conduct","D24 Offensive language",274,4.031090002
2023,"March","D Public order and security offences","D20 Disorderly and offensive conduct","D25 Criminal intent",337,4.957946463
2023,"March","D Public order and security offences","D20 Disorderly and offensive conduct","D26 Disorderly conduct",231,3.398473688
2023,"March","D Public order and security offences","D30 Public nuisance offences","D31 Privacy offences",67,0.98570449
2023,"March","D Public order and security offences","D30 Public nuisance offences","D32 Hoaxes",103,1.515336753
2023,"March","D Public order and security offences","D30 Public nuisance offences","D33 Begging",17,0.250104124
2023,"March","D Public order and security offences","D30 Public nuisance offences","D34 Defamation and libel",40,0.588480292
2023,"March","D Public order and security offences","D30 Public nuisance offences","D35 Improper movement on public or private space",1933,28.438310126
2023,"March","D Public order and security offences","D30 Public nuisance offences","D36 Other public nuisance offences",13,0.191256095
2023,"March","D Public order and security offences","D40 Public security offences","D41 Immigration offences",2,0.029424015
2023,"March","D Public order and security offences","D40 Public security offences","D43 Hacking",30,0.441360219
2023,"March","D Public order and security offences","D40 Public security offences","D44 Terrorism offences",1,0.014712007
2023,"March","E Justice procedures offences","E10 Justice procedures","E11 Escape custody",58,0.853296424
2023,"March","E Justice procedures offences","E10 Justice procedures","E13 Resist or hinder officer",6059,89.140052278
2023,"March","E Justice procedures offences","E10 Justice procedures","E14 Pervert the course of justice or commit perjury",437,6.429147193
2023,"March","E Justice procedures offences","E10 Justice procedures","E15 Prison regulation offences",346,5.090354528
2023,"March","E Justice procedures offences","E10 Justice procedures","E19 Other justice procedures offences",943,13.873422891
2023,"March","E Justice procedures offences","E20 Breaches of orders","E21 Breach family violence order",24727,363.783804699
2023,"March","E Justice procedures offences","E20 Breaches of orders","E22 Breach intervention order",2704,39.78126776
2023,"March","E Justice procedures offences","E20 Breaches of orders","E23 Breach bail conditions",20619,303.346878678
2023,"March","E Justice procedures offences","E20 Breaches of orders","E29 Breach of other orders",1184,17.419016652
2023,"March","F Other offences","F10 Regulatory driving offences","F11 Drink driving",1,0.014712007
2023,"March","F Other offences","F10 Regulatory driving offences","F12 Drug driving",1,0.014712007
2023,"March","F Other offences","F10 Regulatory driving offences","F19 Other regulatory driving offences",8,0.117696058
2023,"March","F Other offences","F20 Transport regulation offences","F21 Public transport",78,1.14753657
2023,"March","F Other offences","F20 Transport regulation offences","F22 Aviation regulations offences",9,0.132408066
2023,"March","F Other offences","F20 Transport regulation offences","F23 Maritime regulations offences",76,1.118112555
2023,"March","F Other offences","F20 Transport regulation offences","F24 Pedestrian offences",1,0.014712007
2023,"March","F Other offences","F20 Transport regulation offences","F29 Other transport regulation offences",74,1.088688541
2023,"March","F Other offences","F30 Other government regulatory offences","F31 Betting and gaming offences",17,0.250104124
2023,"March","F Other offences","F30 Other government regulatory offences","F32 Commercial regulation offences",8,0.117696058
2023,"March","F Other offences","F30 Other government regulatory offences","F33 Liquor and tobacco licensing offences",58,0.853296424
2023,"March","F Other offences","F30 Other government regulatory offences","F34 Pornography and censorship offences",3,0.044136022
2023,"March","F Other offences","F30 Other government regulatory offences","F36 Prostitution offences",9,0.132408066
2023,"March","F Other offences","F30 Other government regulatory offences","F39 Other government regulatory offences",27,0.397224197
2023,"March","F Other offences","F90 Miscellaneous offences","F91 Environmental offences",59,0.868008431
2023,"March","F Other offences","F90 Miscellaneous offences","F92 Public health and safety offences",205,3.015961498
2023,"March","F Other offences","F90 Miscellaneous offences","F93 Cruelty to animals",103,1.515336753
2023,"March","F Other offences","F90 Miscellaneous offences","F94 Dangerous substance offences",3,0.044136022
2023,"March","F Other offences","F90 Miscellaneous offences","F99 Other miscellaneous offences",32,0.470784234
2022,"March","A Crimes against the person","A10 Homicide and related offences","A11 Murder",46,0.695364879
2022,"March","A Crimes against the person","A10 Homicide and related offences","A12 Attempted murder",17,0.256982673
2022,"March","A Crimes against the person","A10 Homicide and related offences","A14 Manslaughter & A13  Accessory/ conspiracy to murder",22,0.332565812
2022,"March","A Crimes against the person","A10 Homicide and related offences","A15 Driving causing death",76,1.148863713
2022,"March","A Crimes against the person","A20 Assault and related offences","A211 FV Serious assault",7262,109.776951133
2022,"March","A Crimes against the person","A20 Assault and related offences","A212 Non-FV Serious assault",8113,122.641201397
2022,"March","A Crimes against the person","A20 Assault and related offences","A22 Assault police, emergency services or other authorised officer",2028,30.656521192
2022,"March","A Crimes against the person","A20 Assault and related offences","A231 FV Common assault",13855,209.440878264
2022,"March","A Crimes against the person","A20 Assault and related offences","A232 Non-FV Common assault",9870,149.201116454
2022,"March","A Crimes against the person","A30 Sexual offences","A31 Rape",3379,51.079085359
2022,"March","A Crimes against the person","A30 Sexual offences","A32 Indecent assault",3788,57.261786132
2022,"March","A Crimes against the person","A30 Sexual offences","A33 Incest",211,3.189608467
2022,"March","A Crimes against the person","A30 Sexual offences","A34 Sexual offences against children",909,13.741014676
2022,"March","A Crimes against the person","A30 Sexual offences","A39 Other sexual offences",614,9.281609473
2022,"March","A Crimes against the person","A40 Abduction and related offences","A41 Abduction",131,1.980278243
2022,"March","A Crimes against the person","A40 Abduction and related offences","A42 False imprisonment",277,4.187305902
2022,"March","A Crimes against the person","A40 Abduction and related offences","A43 Slavery and sexual servitude offences",2,0.030233256
2022,"March","A Crimes against the person","A50 Robbery","A51 Aggravated robbery",1564,23.64240589
2022,"March","A Crimes against the person","A50 Robbery","A52 Non-aggravated robbery",203,3.068675445
2022,"March","A Crimes against the person","A60 Blackmail and extortion","A61 Blackmail",150,2.267494171
2022,"March","A Crimes against the person","A60 Blackmail and extortion","A62 Extortion",56,0.846531157
2022,"March","A Crimes against the person","A70 Stalking, harassment and threatening behaviour","A711 FV Stalking",1251,18.910901386
2022,"March","A Crimes against the person","A70 Stalking, harassment and threatening behaviour","A712 Non-FV Stalking",863,13.045649797
2022,"March","A Crimes against the person","A70 Stalking, harassment and threatening behaviour","A721 FV Harassment and private nuisance",691,10.445589815
2022,"March","A Crimes against the person","A70 Stalking, harassment and threatening behaviour","A722 Non-FV Harassment and private nuisance",670,10.128140631
2022,"March","A Crimes against the person","A70 Stalking, harassment and threatening behaviour","A731 FV Threatening behaviour",2346,35.463608835
2022,"March","A Crimes against the person","A70 Stalking, harassment and threatening behaviour","A732 Non-FV Threatening behaviour",1953,29.522774107
2022,"March","A Crimes against the person","A80 Dangerous and negligent acts endangering people","A81 Dangerous driving",1100,16.628290588
2022,"March","A Crimes against the person","A80 Dangerous and negligent acts endangering people","A82 Neglect or ill treatment of people",34,0.513965345
2022,"March","A Crimes against the person","A80 Dangerous and negligent acts endangering people","A83 Throw or discharge object endangering people",843,12.743317241
2022,"March","A Crimes against the person","A80 Dangerous and negligent acts endangering people","A89 Other dangerous or negligent acts endangering people",2028,30.656521192
2022,"March","B Property and deception offences","B10 Arson","B11 Cause damage by fire",1634,24.700569836
2022,"March","B Property and deception offences","B10 Arson","B12 Cause a bushfire",60,0.906997668
2022,"March","B Property and deception offences","B10 Arson","B19 Other fire related offences",267,4.036139624
2022,"March","B Property and deception offences","B20 Property damage","B21 Criminal damage",28387,429.115713553
2022,"March","B Property and deception offences","B20 Property damage","B22 Graffiti",2927,44.246369591
2022,"March","B Property and deception offences","B20 Property damage","B29 Other property damage offences",251,3.79427358
2022,"March","B Property and deception offences","B30 Burglary/Break and enter","B311 Residential aggravated burglary",3289,49.718588857
2022,"March","B Property and deception offences","B30 Burglary/Break and enter","B312 Non-residential aggravated burglary",96,1.451196269
2022,"March","B Property and deception offences","B30 Burglary/Break and enter","B319 Unknown aggravated burglary",5,0.075583139
2022,"March","B Property and deception offences","B30 Burglary/Break and enter","B321 Residential non-aggravated burglary",15444,233.461199849
2022,"March","B Property and deception offences","B30 Burglary/Break and enter","B322 Non-residential non-aggravated burglary",8716,131.756527965
2022,"March","B Property and deception offences","B30 Burglary/Break and enter","B329 Unknown non-aggravated burglary",63,0.952347552
2022,"March","B Property and deception offences","B40 Theft","B41 Motor vehicle theft",10241,154.80938537
2022,"March","B Property and deception offences","B40 Theft","B42 Steal from a motor vehicle",41871,632.948322901
2022,"March","B Property and deception offences","B40 Theft","B43 Steal from a retail store",13778,208.276897923
2022,"March","B Property and deception offences","B40 Theft","B44 Theft of a bicycle",6585,99.542994108
2022,"March","B Property and deception offences","B40 Theft","B45 Receiving or handling stolen goods",5026,75.976171357
2022,"March","B Property and deception offences","B40 Theft","B46 Fare evasion",10,0.151166278
2022,"March","B Property and deception offences","B40 Theft","B49 Other theft",30017,453.755816878
2022,"March","B Property and deception offences","B50 Deception","B51 Forgery and counterfeiting",1775,26.832014357
2022,"March","B Property and deception offences","B50 Deception","B52 Possess equipment to make false instrument",7,0.105816395
2022,"March","B Property and deception offences","B50 Deception","B53 Obtain benefit by deception",14740,222.819093873
2022,"March","B Property and deception offences","B50 Deception","B54 State false information",529,7.99669611
2022,"March","B Property and deception offences","B50 Deception","B55 Deceptive business practices",6,0.090699767
2022,"March","B Property and deception offences","B50 Deception","B56 Professional malpractice and misrepresentation",83,1.254680108
2022,"March","B Property and deception offences","B50 Deception","B59 Other deception offences",176,2.660526494
2022,"March","B Property and deception offences","B60 Bribery","B61 Bribery of officials",3,0.045349883
2022,"March","C Drug offences","C10 Drug dealing and trafficking","C11 Drug dealing",29,0.438382206
2022,"March","C Drug offences","C10 Drug dealing and trafficking","C12 Drug trafficking",2456,37.126437894
2022,"March","C Drug offences","C20 Cultivate or manufacture drugs","C21 Cultivate drugs",862,13.03053317
2022,"March","C Drug offences","C20 Cultivate or manufacture drugs","C23 Possess drug manufacturing equipment or precursor",541,8.178095644
2022,"March","C Drug offences","C30 Drug use and possession","C31 Drug use",123,1.85934522
2022,"March","C Drug offences","C30 Drug use and possession","C32 Drug possession",9479,143.290514981
2022,"March","C Drug offences","C90 Other drug offences","C99 Other drug offences",15,0.226749417
2022,"March","D Public order and security offences","D10 Weapons and explosives offences","D11 Firearms offences",2488,37.610169983
2022,"March","D Public order and security offences","D10 Weapons and explosives offences","D12 Prohibited and controlled weapons offences",5837,88.235756509
2022,"March","D Public order and security offences","D10 Weapons and explosives offences","D13 Explosives offences",196,2.96285905
2022,"March","D Public order and security offences","D20 Disorderly and offensive conduct","D21 Riot and affray",534,8.072279249
2022,"March","D Public order and security offences","D20 Disorderly and offensive conduct","D22 Drunk and disorderly in public",3209,48.509258632
2022,"March","D Public order and security offences","D20 Disorderly and offensive conduct","D23 Offensive conduct",1511,22.841224616
2022,"March","D Public order and security offences","D20 Disorderly and offensive conduct","D24 Offensive language",324,4.897787409
2022,"March","D Public order and security offences","D20 Disorderly and offensive conduct","D25 Criminal intent",271,4.096606136
2022,"March","D Public order and security offences","D20 Disorderly and offensive conduct","D26 Disorderly conduct",170,2.569826727
2022,"March","D Public order and security offences","D30 Public nuisance offences","D31 Privacy offences",77,1.163980341
2022,"March","D Public order and security offences","D30 Public nuisance offences","D32 Hoaxes",99,1.496546153
2022,"March","D Public order and security offences","D30 Public nuisance offences","D33 Begging",12,0.181399534
2022,"March","D Public order and security offences","D30 Public nuisance offences","D34 Defamation and libel",1,0.015116628
2022,"March","D Public order and security offences","D30 Public nuisance offences","D35 Improper movement on public or private space",1692,25.577334249
2022,"March","D Public order and security offences","D30 Public nuisance offences","D36 Other public nuisance offences",31,0.468615462
2022,"March","D Public order and security offences","D40 Public security offences","D41 Immigration offences",1,0.015116628
2022,"March","D Public order and security offences","D40 Public security offences","D43 Hacking",18,0.272099301
2022,"March","D Public order and security offences","D40 Public security offences","D44 Terrorism offences",6,0.090699767
2022,"March","E Justice procedures offences","E10 Justice procedures","E11 Escape custody",57,0.861647785
2022,"March","E Justice procedures offences","E10 Justice procedures","E13 Resist or hinder officer",6009,90.835816491
2022,"March","E Justice procedures offences","E10 Justice procedures","E14 Pervert the course of justice or commit perjury",448,6.772249257
2022,"March","E Justice procedures offences","E10 Justice procedures","E15 Prison regulation offences",359,5.426869383
2022,"March","E Justice procedures offences","E10 Justice procedures","E19 Other justice procedures offences",891,13.468915376
2022,"March","E Justice procedures offences","E20 Breaches of orders","E21 Breach family violence order",23698,358.233845767
2022,"March","E Justice procedures offences","E20 Breaches of orders","E22 Breach intervention order",2519,38.078785445
2022,"March","E Justice procedures offences","E20 Breaches of orders","E23 Breach bail conditions",16216,245.131236516
2022,"March","E Justice procedures offences","E20 Breaches of orders","E29 Breach of other orders",983,14.859645134
2022,"March","F Other offences","F10 Regulatory driving offences","F11 Drink driving",1,0.015116628
2022,"March","F Other offences","F10 Regulatory driving offences","F19 Other regulatory driving offences",15,0.226749417
2022,"March","F Other offences","F20 Transport regulation offences","F21 Public transport",45,0.680248251
2022,"March","F Other offences","F20 Transport regulation offences","F22 Aviation regulations offences",7,0.105816395
2022,"March","F Other offences","F20 Transport regulation offences","F23 Maritime regulations offences",77,1.163980341
2022,"March","F Other offences","F20 Transport regulation offences","F24 Pedestrian offences",2,0.030233256
2022,"March","F Other offences","F20 Transport regulation offences","F29 Other transport regulation offences",28,0.423265579
2022,"March","F Other offences","F30 Other government regulatory offences","F31 Betting and gaming offences",15,0.226749417
2022,"March","F Other offences","F30 Other government regulatory offences","F32 Commercial regulation offences",20,0.302332556
2022,"March","F Other offences","F30 Other government regulatory offences","F33 Liquor and tobacco licensing offences",44,0.665131624
2022,"March","F Other offences","F30 Other government regulatory offences","F34 Pornography and censorship offences",1,0.015116628
2022,"March","F Other offences","F30 Other government regulatory offences","F36 Prostitution offences",11,0.166282906
2022,"March","F Other offences","F30 Other government regulatory offences","F39 Other government regulatory offences",38,0.574431857
2022,"March","F Other offences","F90 Miscellaneous offences","F91 Environmental offences",31,0.468615462
2022,"March","F Other offences","F90 Miscellaneous offences","F92 Public health and safety offences",9962,150.591846212
2022,"March","F Other offences","F90 Miscellaneous offences","F93 Cruelty to animals",123,1.85934522
2022,"March","F Other offences","F90 Miscellaneous offences","F94 Dangerous substance offences",7,0.105816395
2022,"March","F Other offences","F90 Miscellaneous offences","F99 Other miscellaneous offences",31,0.468615462
2021,"March","A Crimes against the person","A10 Homicide and related offences","A11 Murder",55,0.839973964
2021,"March","A Crimes against the person","A10 Homicide and related offences","A12 Attempted murder",17,0.259628316
2021,"March","A Crimes against the person","A10 Homicide and related offences","A14 Manslaughter & A13  Accessory/ conspiracy to murder",25,0.381806347
2021,"March","A Crimes against the person","A10 Homicide and related offences","A15 Driving causing death",77,1.175963549
2021,"March","A Crimes against the person","A20 Assault and related offences","A211 FV Serious assault",7767,118.619595951
2021,"March","A Crimes against the person","A20 Assault and related offences","A212 Non-FV Serious assault",7941,121.276968128
2021,"March","A Crimes against the person","A20 Assault and related offences","A22 Assault police, emergency services or other authorised officer",2237,34.164031948
2021,"March","A Crimes against the person","A20 Assault and related offences","A231 FV Common assault",14038,214.391900085
2021,"March","A Crimes against the person","A20 Assault and related offences","A232 Non-FV Common assault",9446,144.26171023
2021,"March","A Crimes against the person","A30 Sexual offences","A31 Rape",3199,48.855940189
2021,"March","A Crimes against the person","A30 Sexual offences","A32 Indecent assault",3476,53.086354516
2021,"March","A Crimes against the person","A30 Sexual offences","A33 Incest",254,3.879152488
2021,"March","A Crimes against the person","A30 Sexual offences","A34 Sexual offences against children",894,13.653394976
2021,"March","A Crimes against the person","A30 Sexual offences","A39 Other sexual offences",561,8.567734431
2021,"March","A Crimes against the person","A40 Abduction and related offences","A41 Abduction",116,1.771581451
2021,"March","A Crimes against the person","A40 Abduction and related offences","A42 False imprisonment",309,4.719126452
2021,"March","A Crimes against the person","A50 Robbery","A51 Aggravated robbery",1698,25.932287102
2021,"March","A Crimes against the person","A50 Robbery","A52 Non-aggravated robbery",221,3.375168109
2021,"March","A Crimes against the person","A60 Blackmail and extortion","A61 Blackmail",104,1.588314404
2021,"March","A Crimes against the person","A60 Blackmail and extortion","A62 Extortion",61,0.931607487
2021,"March","A Crimes against the person","A70 Stalking, harassment and threatening behaviour","A711 FV Stalking",1198,18.296160158
2021,"March","A Crimes against the person","A70 Stalking, harassment and threatening behaviour","A712 Non-FV Stalking",880,13.439583422
2021,"March","A Crimes against the person","A70 Stalking, harassment and threatening behaviour","A721 FV Harassment and private nuisance",662,10.110232074
2021,"March","A Crimes against the person","A70 Stalking, harassment and threatening behaviour","A722 Non-FV Harassment and private nuisance",654,9.988054043
2021,"March","A Crimes against the person","A70 Stalking, harassment and threatening behaviour","A731 FV Threatening behaviour",2477,37.829372882
2021,"March","A Crimes against the person","A70 Stalking, harassment and threatening behaviour","A732 Non-FV Threatening behaviour",2061,31.476115264
2021,"March","A Crimes against the person","A80 Dangerous and negligent acts endangering people","A81 Dangerous driving",1035,15.806782774
2021,"March","A Crimes against the person","A80 Dangerous and negligent acts endangering people","A82 Neglect or ill treatment of people",18,0.27490057
2021,"March","A Crimes against the person","A80 Dangerous and negligent acts endangering people","A83 Throw or discharge object endangering people",871,13.302133137
2021,"March","A Crimes against the person","A80 Dangerous and negligent acts endangering people","A89 Other dangerous or negligent acts endangering people",2231,34.072398425
2021,"March","B Property and deception offences","B10 Arson","B11 Cause damage by fire",1613,24.634145522
2021,"March","B Property and deception offences","B10 Arson","B12 Cause a bushfire",44,0.671979171
2021,"March","B Property and deception offences","B10 Arson","B19 Other fire related offences",270,4.12350855
2021,"March","B Property and deception offences","B20 Property damage","B21 Criminal damage",28534,435.778492451
2021,"March","B Property and deception offences","B20 Property damage","B22 Graffiti",2837,43.327384281
2021,"March","B Property and deception offences","B20 Property damage","B29 Other property damage offences",290,4.428953628
2021,"March","B Property and deception offences","B30 Burglary/Break and enter","B311 Residential aggravated burglary",3035,46.351290551
2021,"March","B Property and deception offences","B30 Burglary/Break and enter","B312 Non-residential aggravated burglary",70,1.069057772
2021,"March","B Property and deception offences","B30 Burglary/Break and enter","B319 Unknown aggravated burglary",7,0.106905777
2021,"March","B Property and deception offences","B30 Burglary/Break and enter","B321 Residential non-aggravated burglary",16191,247.273062707
2021,"March","B Property and deception offences","B30 Burglary/Break and enter","B322 Non-residential non-aggravated burglary",8889,135.755064814
2021,"March","B Property and deception offences","B30 Burglary/Break and enter","B329 Unknown non-aggravated burglary",62,0.946879741
2021,"March","B Property and deception offences","B40 Theft","B41 Motor vehicle theft",10801,164.955614249
2021,"March","B Property and deception offences","B40 Theft","B42 Steal from a motor vehicle",42718,652.400141604
2021,"March","B Property and deception offences","B40 Theft","B43 Steal from a retail store",13250,202.357364021
2021,"March","B Property and deception offences","B40 Theft","B44 Theft of a bicycle",6701,102.339373306
2021,"March","B Property and deception offences","B40 Theft","B45 Receiving or handling stolen goods",6448,98.475493072
2021,"March","B Property and deception offences","B40 Theft","B46 Fare evasion",8,0.122178031
2021,"March","B Property and deception offences","B40 Theft","B49 Other theft",29834,455.632422506
2021,"March","B Property and deception offences","B50 Deception","B51 Forgery and counterfeiting",2185,33.369874746
2021,"March","B Property and deception offences","B50 Deception","B52 Possess equipment to make false instrument",3,0.045816762
2021,"March","B Property and deception offences","B50 Deception","B53 Obtain benefit by deception",17888,273.190077556
2021,"March","B Property and deception offences","B50 Deception","B54 State false information",802,12.248347618
2021,"March","B Property and deception offences","B50 Deception","B55 Deceptive business practices",9,0.137450285
2021,"March","B Property and deception offences","B50 Deception","B56 Professional malpractice and misrepresentation",50,0.763612694
2021,"March","B Property and deception offences","B50 Deception","B59 Other deception offences",158,2.413016114
2021,"March","B Property and deception offences","B60 Bribery","B61 Bribery of officials",3,0.045816762
2021,"March","C Drug offences","C10 Drug dealing and trafficking","C11 Drug dealing",45,0.687251425
2021,"March","C Drug offences","C10 Drug dealing and trafficking","C12 Drug trafficking",3460,52.841998454
2021,"March","C Drug offences","C20 Cultivate or manufacture drugs","C21 Cultivate drugs",995,15.195892619
2021,"March","C Drug offences","C20 Cultivate or manufacture drugs","C22 Manufacture drugs",2,0.030544508
2021,"March","C Drug offences","C20 Cultivate or manufacture drugs","C23 Possess drug manufacturing equipment or precursor",647,9.881148266
2021,"March","C Drug offences","C30 Drug use and possession","C31 Drug use",247,3.77224671
2021,"March","C Drug offences","C30 Drug use and possession","C32 Drug possession",12886,196.798263606
2021,"March","C Drug offences","C90 Other drug offences","C99 Other drug offences",3,0.045816762
2021,"March","D Public order and security offences","D10 Weapons and explosives offences","D11 Firearms offences",2372,36.225786223
2021,"March","D Public order and security offences","D10 Weapons and explosives offences","D12 Prohibited and controlled weapons offences",6975,106.523970872
2021,"March","D Public order and security offences","D10 Weapons and explosives offences","D13 Explosives offences",201,3.069723032
2021,"March","D Public order and security offences","D20 Disorderly and offensive conduct","D21 Riot and affray",460,7.025236789
2021,"March","D Public order and security offences","D20 Disorderly and offensive conduct","D22 Drunk and disorderly in public",3895,59.485428895
2021,"March","D Public order and security offences","D20 Disorderly and offensive conduct","D23 Offensive conduct",1657,25.306124693
2021,"March","D Public order and security offences","D20 Disorderly and offensive conduct","D24 Offensive language",472,7.208503835
2021,"March","D Public order and security offences","D20 Disorderly and offensive conduct","D25 Criminal intent",418,6.383802125
2021,"March","D Public order and security offences","D20 Disorderly and offensive conduct","D26 Disorderly conduct",175,2.67264443
2021,"March","D Public order and security offences","D30 Public nuisance offences","D31 Privacy offences",61,0.931607487
2021,"March","D Public order and security offences","D30 Public nuisance offences","D32 Hoaxes",85,1.298141581
2021,"March","D Public order and security offences","D30 Public nuisance offences","D33 Begging",50,0.763612694
2021,"March","D Public order and security offences","D30 Public nuisance offences","D34 Defamation and libel",1,0.015272254
2021,"March","D Public order and security offences","D30 Public nuisance offences","D35 Improper movement on public or private space",1776,27.123522906
2021,"March","D Public order and security offences","D30 Public nuisance offences","D36 Other public nuisance offences",75,1.145419042
2021,"March","D Public order and security offences","D40 Public security offences","D43 Hacking",24,0.366534093
2021,"March","D Public order and security offences","D40 Public security offences","D44 Terrorism offences",5,0.076361269
2021,"March","D Public order and security offences","D40 Public security offences","D49 Other public security offences",3,0.045816762
2021,"March","E Justice procedures offences","E10 Justice procedures","E11 Escape custody",85,1.298141581
2021,"March","E Justice procedures offences","E10 Justice procedures","E12 Fail to appear",2,0.030544508
2021,"March","E Justice procedures offences","E10 Justice procedures","E13 Resist or hinder officer",6651,101.575760612
2021,"March","E Justice procedures offences","E10 Justice procedures","E14 Pervert the course of justice or commit perjury",503,7.681943706
2021,"March","E Justice procedures offences","E10 Justice procedures","E15 Prison regulation offences",491,7.498676659
2021,"March","E Justice procedures offences","E10 Justice procedures","E19 Other justice procedures offences",1042,15.913688552
2021,"March","E Justice procedures offences","E20 Breaches of orders","E21 Breach family violence order",24662,376.644325396
2021,"March","E Justice procedures offences","E20 Breaches of orders","E22 Breach intervention order",2665,40.700556613
2021,"March","E Justice procedures offences","E20 Breaches of orders","E23 Breach bail conditions",16984,259.38396004
2021,"March","E Justice procedures offences","E20 Breaches of orders","E29 Breach of other orders",1256,19.181950884
2021,"March","F Other offences","F10 Regulatory driving offences","F12 Drug driving",2,0.030544508
2021,"March","F Other offences","F10 Regulatory driving offences","F19 Other regulatory driving offences",7,0.106905777
2021,"March","F Other offences","F20 Transport regulation offences","F21 Public transport",39,0.595617902
2021,"March","F Other offences","F20 Transport regulation offences","F22 Aviation regulations offences",4,0.061089016
2021,"March","F Other offences","F20 Transport regulation offences","F23 Maritime regulations offences",80,1.221780311
2021,"March","F Other offences","F20 Transport regulation offences","F24 Pedestrian offences",2,0.030544508
2021,"March","F Other offences","F20 Transport regulation offences","F29 Other transport regulation offences",29,0.442895363
2021,"March","F Other offences","F30 Other government regulatory offences","F31 Betting and gaming offences",12,0.183267047
2021,"March","F Other offences","F30 Other government regulatory offences","F32 Commercial regulation offences",21,0.320717332
2021,"March","F Other offences","F30 Other government regulatory offences","F33 Liquor and tobacco licensing offences",66,1.007968757
2021,"March","F Other offences","F30 Other government regulatory offences","F34 Pornography and censorship offences",6,0.091633523
2021,"March","F Other offences","F30 Other government regulatory offences","F36 Prostitution offences",15,0.229083808
2021,"March","F Other offences","F30 Other government regulatory offences","F39 Other government regulatory offences",53,0.809429456
2021,"March","F Other offences","F90 Miscellaneous offences","F91 Environmental offences",20,0.305445078
2021,"March","F Other offences","F90 Miscellaneous offences","F92 Public health and safety offences",37098,566.570074752
2021,"March","F Other offences","F90 Miscellaneous offences","F93 Cruelty to animals",124,1.893759482
2021,"March","F Other offences","F90 Miscellaneous offences","F94 Dangerous substance offences",10,0.152722539
2021,"March","F Other offences","F90 Miscellaneous offences","F99 Other miscellaneous offences",27,0.412350855
2020,"March","A Crimes against the person","A10 Homicide and related offences","A11 Murder",55,0.831437907
2020,"March","A Crimes against the person","A10 Homicide and related offences","A12 Attempted murder",29,0.438394533
2020,"March","A Crimes against the person","A10 Homicide and related offences","A14 Manslaughter & A13  Accessory/ conspiracy to murder",19,0.287224004
2020,"March","A Crimes against the person","A10 Homicide and related offences","A15 Driving causing death",89,1.345417704
2020,"March","A Crimes against the person","A20 Assault and related offences","A211 FV Serious assault",8009,121.072476291
2020,"March","A Crimes against the person","A20 Assault and related offences","A212 Non-FV Serious assault",8625,130.384580848
2020,"March","A Crimes against the person","A20 Assault and related offences","A22 Assault police, emergency services or other authorised officer",1882,28.450293467
2020,"March","A Crimes against the person","A20 Assault and related offences","A231 FV Common assault",13607,205.697738156
2020,"March","A Crimes against the person","A20 Assault and related offences","A232 Non-FV Common assault",9925,150.036749555
2020,"March","A Crimes against the person","A30 Sexual offences","A31 Rape",3168,47.890823435
2020,"March","A Crimes against the person","A30 Sexual offences","A32 Indecent assault",3625,54.799316588
2020,"March","A Crimes against the person","A30 Sexual offences","A33 Incest",224,3.386219839
2020,"March","A Crimes against the person","A30 Sexual offences","A34 Sexual offences against children",739,11.171502058
2020,"March","A Crimes against the person","A30 Sexual offences","A39 Other sexual offences",467,7.059663682
2020,"March","A Crimes against the person","A40 Abduction and related offences","A41 Abduction",120,1.814046342
2020,"March","A Crimes against the person","A40 Abduction and related offences","A42 False imprisonment",322,4.867691018
2020,"March","A Crimes against the person","A40 Abduction and related offences","A43 Slavery and sexual servitude offences",1,0.015117053
2020,"March","A Crimes against the person","A50 Robbery","A51 Aggravated robbery",2797,42.282396827
2020,"March","A Crimes against the person","A50 Robbery","A52 Non-aggravated robbery",389,5.880533559
2020,"March","A Crimes against the person","A60 Blackmail and extortion","A61 Blackmail",100,1.511705285
2020,"March","A Crimes against the person","A60 Blackmail and extortion","A62 Extortion",59,0.891906118
2020,"March","A Crimes against the person","A70 Stalking, harassment and threatening behaviour","A711 FV Stalking",1067,16.129895393
2020,"March","A Crimes against the person","A70 Stalking, harassment and threatening behaviour","A712 Non-FV Stalking",771,11.655247749
2020,"March","A Crimes against the person","A70 Stalking, harassment and threatening behaviour","A721 FV Harassment and private nuisance",676,10.219127728
2020,"March","A Crimes against the person","A70 Stalking, harassment and threatening behaviour","A722 Non-FV Harassment and private nuisance",542,8.193442646
2020,"March","A Crimes against the person","A70 Stalking, harassment and threatening behaviour","A731 FV Threatening behaviour",2317,35.026211458
2020,"March","A Crimes against the person","A70 Stalking, harassment and threatening behaviour","A732 Non-FV Threatening behaviour",1938,29.296848427
2020,"March","A Crimes against the person","A80 Dangerous and negligent acts endangering people","A81 Dangerous driving",858,12.970431347
2020,"March","A Crimes against the person","A80 Dangerous and negligent acts endangering people","A82 Neglect or ill treatment of people",36,0.544213903
2020,"March","A Crimes against the person","A80 Dangerous and negligent acts endangering people","A83 Throw or discharge object endangering people",785,11.866886489
2020,"March","A Crimes against the person","A80 Dangerous and negligent acts endangering people","A89 Other dangerous or negligent acts endangering people",2100,31.745810989
2020,"March","B Property and deception offences","B10 Arson","B11 Cause damage by fire",2022,30.566680867
2020,"March","B Property and deception offences","B10 Arson","B12 Cause a bushfire",81,1.224481281
2020,"March","B Property and deception offences","B10 Arson","B19 Other fire related offences",451,6.817790836
2020,"March","B Property and deception offences","B20 Property damage","B21 Criminal damage",32196,486.708633621
2020,"March","B Property and deception offences","B20 Property damage","B22 Graffiti",2817,42.584737884
2020,"March","B Property and deception offences","B20 Property damage","B29 Other property damage offences",301,4.550232908
2020,"March","B Property and deception offences","B30 Burglary/Break and enter","B311 Residential aggravated burglary",3614,54.633029007
2020,"March","B Property and deception offences","B30 Burglary/Break and enter","B312 Non-residential aggravated burglary",118,1.783812237
2020,"March","B Property and deception offences","B30 Burglary/Break and enter","B319 Unknown aggravated burglary",1,0.015117053
2020,"March","B Property and deception offences","B30 Burglary/Break and enter","B321 Residential non-aggravated burglary",23698,358.243918485
2020,"March","B Property and deception offences","B30 Burglary/Break and enter","B322 Non-residential non-aggravated burglary",12978,196.189111912
2020,"March","B Property and deception offences","B30 Burglary/Break and enter","B329 Unknown non-aggravated burglary",72,1.088427805
2020,"March","B Property and deception offences","B40 Theft","B41 Motor vehicle theft",15501,234.329436258
2020,"March","B Property and deception offences","B40 Theft","B42 Steal from a motor vehicle",58125,878.678697019
2020,"March","B Property and deception offences","B40 Theft","B43 Steal from a retail store",20630,311.864800335
2020,"March","B Property and deception offences","B40 Theft","B44 Theft of a bicycle",7883,119.167727632
2020,"March","B Property and deception offences","B40 Theft","B45 Receiving or handling stolen goods",7464,112.833682487
2020,"March","B Property and deception offences","B40 Theft","B46 Fare evasion",21,0.31745811
2020,"March","B Property and deception offences","B40 Theft","B49 Other theft",42945,649.201834726
2020,"March","B Property and deception offences","B50 Deception","B51 Forgery and counterfeiting",2460,37.187950016
2020,"March","B Property and deception offences","B50 Deception","B52 Possess equipment to make false instrument",4,0.060468211
2020,"March","B Property and deception offences","B50 Deception","B53 Obtain benefit by deception",18995,287.148418923
2020,"March","B Property and deception offences","B50 Deception","B54 State false information",793,11.987822912
2020,"March","B Property and deception offences","B50 Deception","B55 Deceptive business practices",5,0.075585264
2020,"March","B Property and deception offences","B50 Deception","B56 Professional malpractice and misrepresentation",66,0.997725488
2020,"March","B Property and deception offences","B50 Deception","B59 Other deception offences",129,1.950099818
2020,"March","B Property and deception offences","B60 Bribery","B61 Bribery of officials",2,0.030234106
2020,"March","C Drug offences","C10 Drug dealing and trafficking","C11 Drug dealing",45,0.680267378
2020,"March","C Drug offences","C10 Drug dealing and trafficking","C12 Drug trafficking",3090,46.711693312
2020,"March","C Drug offences","C20 Cultivate or manufacture drugs","C21 Cultivate drugs",802,12.123876387
2020,"March","C Drug offences","C20 Cultivate or manufacture drugs","C22 Manufacture drugs",1,0.015117053
2020,"March","C Drug offences","C20 Cultivate or manufacture drugs","C23 Possess drug manufacturing equipment or precursor",316,4.776988701
2020,"March","C Drug offences","C30 Drug use and possession","C31 Drug use",286,4.323477116
2020,"March","C Drug offences","C30 Drug use and possession","C32 Drug possession",12016,181.646507069
2020,"March","C Drug offences","C90 Other drug offences","C99 Other drug offences",3,0.045351159
2020,"March","D Public order and security offences","D10 Weapons and explosives offences","D11 Firearms offences",2118,32.01791794
2020,"March","D Public order and security offences","D10 Weapons and explosives offences","D12 Prohibited and controlled weapons offences",7063,106.771744293
2020,"March","D Public order and security offences","D10 Weapons and explosives offences","D13 Explosives offences",178,2.690835408
2020,"March","D Public order and security offences","D20 Disorderly and offensive conduct","D21 Riot and affray",492,7.437590003
2020,"March","D Public order and security offences","D20 Disorderly and offensive conduct","D22 Drunk and disorderly in public",5369,81.163456762
2020,"March","D Public order and security offences","D20 Disorderly and offensive conduct","D23 Offensive conduct",2007,30.339925074
2020,"March","D Public order and security offences","D20 Disorderly and offensive conduct","D24 Offensive language",437,6.606152096
2020,"March","D Public order and security offences","D20 Disorderly and offensive conduct","D25 Criminal intent",413,6.243342828
2020,"March","D Public order and security offences","D20 Disorderly and offensive conduct","D26 Disorderly conduct",216,3.265283416
2020,"March","D Public order and security offences","D30 Public nuisance offences","D31 Privacy offences",51,0.770969695
2020,"March","D Public order and security offences","D30 Public nuisance offences","D32 Hoaxes",116,1.753578131
2020,"March","D Public order and security offences","D30 Public nuisance offences","D33 Begging",136,2.055919188
2020,"March","D Public order and security offences","D30 Public nuisance offences","D34 Defamation and libel",2,0.030234106
2020,"March","D Public order and security offences","D30 Public nuisance offences","D35 Improper movement on public or private space",1630,24.640796149
2020,"March","D Public order and security offences","D30 Public nuisance offences","D36 Other public nuisance offences",80,1.209364228
2020,"March","D Public order and security offences","D40 Public security offences","D42 Sabotage",1,0.015117053
2020,"March","D Public order and security offences","D40 Public security offences","D43 Hacking",33,0.498862744
2020,"March","D Public order and security offences","D40 Public security offences","D49 Other public security offences",1,0.015117053
2020,"March","E Justice procedures offences","E10 Justice procedures","E11 Escape custody",75,1.133778964
2020,"March","E Justice procedures offences","E10 Justice procedures","E12 Fail to appear",2,0.030234106
2020,"March","E Justice procedures offences","E10 Justice procedures","E13 Resist or hinder officer",5721,86.484659366
2020,"March","E Justice procedures offences","E10 Justice procedures","E14 Pervert the course of justice or commit perjury",520,7.860867483
2020,"March","E Justice procedures offences","E10 Justice procedures","E15 Prison regulation offences",491,7.42247295
2020,"March","E Justice procedures offences","E10 Justice procedures","E19 Other justice procedures offences",1065,16.099661287
2020,"March","E Justice procedures offences","E20 Breaches of orders","E21 Breach family violence order",21949,331.804193047
2020,"March","E Justice procedures offences","E20 Breaches of orders","E22 Breach intervention order",2436,36.825140747
2020,"March","E Justice procedures offences","E20 Breaches of orders","E23 Breach bail conditions",18026,272.499994709
2020,"March","E Justice procedures offences","E20 Breaches of orders","E29 Breach of other orders",1658,25.064073629
2020,"March","F Other offences","F10 Regulatory driving offences","F11 Drink driving",4,0.060468211
2020,"March","F Other offences","F10 Regulatory driving offences","F19 Other regulatory driving offences",9,0.136053476
2020,"March","F Other offences","F20 Transport regulation offences","F21 Public transport",93,1.405885915
2020,"March","F Other offences","F20 Transport regulation offences","F22 Aviation regulations offences",2,0.030234106
2020,"March","F Other offences","F20 Transport regulation offences","F23 Maritime regulations offences",67,1.012842541
2020,"March","F Other offences","F20 Transport regulation offences","F24 Pedestrian offences",9,0.136053476
2020,"March","F Other offences","F20 Transport regulation offences","F29 Other transport regulation offences",45,0.680267378
2020,"March","F Other offences","F30 Other government regulatory offences","F31 Betting and gaming offences",34,0.513979797
2020,"March","F Other offences","F30 Other government regulatory offences","F32 Commercial regulation offences",33,0.498862744
2020,"March","F Other offences","F30 Other government regulatory offences","F33 Liquor and tobacco licensing offences",61,0.922140224
2020,"March","F Other offences","F30 Other government regulatory offences","F34 Pornography and censorship offences",7,0.10581937
2020,"March","F Other offences","F30 Other government regulatory offences","F36 Prostitution offences",15,0.226755793
2020,"March","F Other offences","F30 Other government regulatory offences","F39 Other government regulatory offences",40,0.604682114
2020,"March","F Other offences","F90 Miscellaneous offences","F91 Environmental offences",27,0.408160427
2020,"March","F Other offences","F90 Miscellaneous offences","F92 Public health and safety offences",55,0.831437907
2020,"March","F Other offences","F90 Miscellaneous offences","F93 Cruelty to animals",160,2.418728456
2020,"March","F Other offences","F90 Miscellaneous offences","F94 Dangerous substance offences",3,0.045351159
2020,"March","F Other offences","F90 Miscellaneous offences","F99 Other miscellaneous offences",28,0.42327748
2019,"March","A Crimes against the person","A10 Homicide and related offences","A11 Murder",48,0.734247522
2019,"March","A Crimes against the person","A10 Homicide and related offences","A12 Attempted murder",23,0.351826938
2019,"March","A Crimes against the person","A10 Homicide and related offences","A14 Manslaughter & A13  Accessory/ conspiracy to murder",14,0.214155527
2019,"March","A Crimes against the person","A10 Homicide and related offences","A15 Driving causing death",80,1.223745871
2019,"March","A Crimes against the person","A20 Assault and related offences","A211 FV Serious assault",7783,119.055176407
2019,"March","A Crimes against the person","A20 Assault and related offences","A212 Non-FV Serious assault",8718,133.357706272
2019,"March","A Crimes against the person","A20 Assault and related offences","A22 Assault police, emergency services or other authorised officer",1971,30.150038892
2019,"March","A Crimes against the person","A20 Assault and related offences","A231 FV Common assault",12306,188.242708578
2019,"March","A Crimes against the person","A20 Assault and related offences","A232 Non-FV Common assault",9779,149.587635884
2019,"March","A Crimes against the person","A30 Sexual offences","A31 Rape",3149,48.16969684
2019,"March","A Crimes against the person","A30 Sexual offences","A32 Indecent assault",3766,57.607836869
2019,"March","A Crimes against the person","A30 Sexual offences","A33 Incest",247,3.778315376
2019,"March","A Crimes against the person","A30 Sexual offences","A34 Sexual offences against children",829,12.681066586
2019,"March","A Crimes against the person","A30 Sexual offences","A39 Other sexual offences",424,6.485853115
2019,"March","A Crimes against the person","A40 Abduction and related offences","A41 Abduction",109,1.667353749
2019,"March","A Crimes against the person","A40 Abduction and related offences","A42 False imprisonment",329,5.032654894
2019,"March","A Crimes against the person","A40 Abduction and related offences","A43 Slavery and sexual servitude offences",1,0.015296823
2019,"March","A Crimes against the person","A50 Robbery","A51 Aggravated robbery",2292,35.060319199
2019,"March","A Crimes against the person","A50 Robbery","A52 Non-aggravated robbery",326,4.986764424
2019,"March","A Crimes against the person","A60 Blackmail and extortion","A61 Blackmail",129,1.973290217
2019,"March","A Crimes against the person","A60 Blackmail and extortion","A62 Extortion",50,0.764841169
2019,"March","A Crimes against the person","A70 Stalking, harassment and threatening behaviour","A711 FV Stalking",1095,16.750021607
2019,"March","A Crimes against the person","A70 Stalking, harassment and threatening behaviour","A712 Non-FV Stalking",834,12.757550703
2019,"March","A Crimes against the person","A70 Stalking, harassment and threatening behaviour","A721 FV Harassment and private nuisance",537,8.214394158
2019,"March","A Crimes against the person","A70 Stalking, harassment and threatening behaviour","A722 Non-FV Harassment and private nuisance",544,8.321471922
2019,"March","A Crimes against the person","A70 Stalking, harassment and threatening behaviour","A731 FV Threatening behaviour",2217,33.913057445
2019,"March","A Crimes against the person","A70 Stalking, harassment and threatening behaviour","A732 Non-FV Threatening behaviour",1955,29.905289718
2019,"March","A Crimes against the person","A80 Dangerous and negligent acts endangering people","A81 Dangerous driving",993,15.189745621
2019,"March","A Crimes against the person","A80 Dangerous and negligent acts endangering people","A82 Neglect or ill treatment of people",51,0.780137993
2019,"March","A Crimes against the person","A80 Dangerous and negligent acts endangering people","A83 Throw or discharge object endangering people",849,12.987003054
2019,"March","A Crimes against the person","A80 Dangerous and negligent acts endangering people","A89 Other dangerous or negligent acts endangering people",2205,33.729495564
2019,"March","B Property and deception offences","B10 Arson","B11 Cause damage by fire",2291,35.045022375
2019,"March","B Property and deception offences","B10 Arson","B12 Cause a bushfire",45,0.688357052
2019,"March","B Property and deception offences","B10 Arson","B19 Other fire related offences",660,10.095903434
2019,"March","B Property and deception offences","B20 Property damage","B21 Criminal damage",30995,474.125040823
2019,"March","B Property and deception offences","B20 Property damage","B22 Graffiti",2412,36.895938005
2019,"March","B Property and deception offences","B20 Property damage","B29 Other property damage offences",319,4.87968666
2019,"March","B Property and deception offences","B30 Burglary/Break and enter","B311 Residential aggravated burglary",2986,45.676314628
2019,"March","B Property and deception offences","B30 Burglary/Break and enter","B312 Non-residential aggravated burglary",96,1.468495045
2019,"March","B Property and deception offences","B30 Burglary/Break and enter","B321 Residential non-aggravated burglary",22054,337.356142937
2019,"March","B Property and deception offences","B30 Burglary/Break and enter","B322 Non-residential non-aggravated burglary",11454,175.209815054
2019,"March","B Property and deception offences","B30 Burglary/Break and enter","B329 Unknown non-aggravated burglary",84,1.284933164
2019,"March","B Property and deception offences","B40 Theft","B41 Motor vehicle theft",13897,212.579954584
2019,"March","B Property and deception offences","B40 Theft","B42 Steal from a motor vehicle",49951,764.091624913
2019,"March","B Property and deception offences","B40 Theft","B43 Steal from a retail store",19280,294.922754866
2019,"March","B Property and deception offences","B40 Theft","B44 Theft of a bicycle",6293,96.262909563
2019,"March","B Property and deception offences","B40 Theft","B45 Receiving or handling stolen goods",7322,112.003340826
2019,"March","B Property and deception offences","B40 Theft","B46 Fare evasion",81,1.239042694
2019,"March","B Property and deception offences","B40 Theft","B49 Other theft",38669,591.512863481
2019,"March","B Property and deception offences","B50 Deception","B51 Forgery and counterfeiting",2176,33.285887686
2019,"March","B Property and deception offences","B50 Deception","B52 Possess equipment to make false instrument",7,0.107077764
2019,"March","B Property and deception offences","B50 Deception","B53 Obtain benefit by deception",19425,297.140794257
2019,"March","B Property and deception offences","B50 Deception","B54 State false information",776,11.870334947
2019,"March","B Property and deception offences","B50 Deception","B55 Deceptive business practices",8,0.122374587
2019,"March","B Property and deception offences","B50 Deception","B56 Professional malpractice and misrepresentation",58,0.887215756
2019,"March","B Property and deception offences","B50 Deception","B59 Other deception offences",95,1.453198222
2019,"March","B Property and deception offences","B60 Bribery","B61 Bribery of officials",4,0.061187294
2019,"March","C Drug offences","C10 Drug dealing and trafficking","C11 Drug dealing",58,0.887215756
2019,"March","C Drug offences","C10 Drug dealing and trafficking","C12 Drug trafficking",2980,45.584533688
2019,"March","C Drug offences","C20 Cultivate or manufacture drugs","C21 Cultivate drugs",929,14.210748925
2019,"March","C Drug offences","C20 Cultivate or manufacture drugs","C22 Manufacture drugs",1,0.015296823
2019,"March","C Drug offences","C20 Cultivate or manufacture drugs","C23 Possess drug manufacturing equipment or precursor",186,2.84520915
2019,"March","C Drug offences","C30 Drug use and possession","C31 Drug use",449,6.8682737
2019,"March","C Drug offences","C30 Drug use and possession","C32 Drug possession",11556,176.770091039
2019,"March","C Drug offences","C90 Other drug offences","C99 Other drug offences",6,0.09178094
2019,"March","D Public order and security offences","D10 Weapons and explosives offences","D11 Firearms offences",2225,34.035432032
2019,"March","D Public order and security offences","D10 Weapons and explosives offences","D12 Prohibited and controlled weapons offences",7250,110.901969542
2019,"March","D Public order and security offences","D10 Weapons and explosives offences","D13 Explosives offences",151,2.309820331
2019,"March","D Public order and security offences","D20 Disorderly and offensive conduct","D21 Riot and affray",435,6.654118173
2019,"March","D Public order and security offences","D20 Disorderly and offensive conduct","D22 Drunk and disorderly in public",7741,118.412709825
2019,"March","D Public order and security offences","D20 Disorderly and offensive conduct","D23 Offensive conduct",2624,40.138864563
2019,"March","D Public order and security offences","D20 Disorderly and offensive conduct","D24 Offensive language",692,10.585401783
2019,"March","D Public order and security offences","D20 Disorderly and offensive conduct","D25 Criminal intent",507,7.755489456
2019,"March","D Public order and security offences","D20 Disorderly and offensive conduct","D26 Disorderly conduct",242,3.701831259
2019,"March","D Public order and security offences","D30 Public nuisance offences","D31 Privacy offences",38,0.581279289
2019,"March","D Public order and security offences","D30 Public nuisance offences","D32 Hoaxes",147,2.248633038
2019,"March","D Public order and security offences","D30 Public nuisance offences","D33 Begging",205,3.135848794
2019,"March","D Public order and security offences","D30 Public nuisance offences","D35 Improper movement on public or private space",1718,26.279942576
2019,"March","D Public order and security offences","D30 Public nuisance offences","D36 Other public nuisance offences",82,1.254339518
2019,"March","D Public order and security offences","D40 Public security offences","D43 Hacking",24,0.367123761
2019,"March","D Public order and security offences","D40 Public security offences","D44 Terrorism offences",2,0.030593647
2019,"March","E Justice procedures offences","E10 Justice procedures","E11 Escape custody",93,1.422604575
2019,"March","E Justice procedures offences","E10 Justice procedures","E13 Resist or hinder officer",5319,81.363803586
2019,"March","E Justice procedures offences","E10 Justice procedures","E14 Pervert the course of justice or commit perjury",538,8.229690981
2019,"March","E Justice procedures offences","E10 Justice procedures","E15 Prison regulation offences",663,10.141793904
2019,"March","E Justice procedures offences","E10 Justice procedures","E19 Other justice procedures offences",1104,16.887693017
2019,"March","E Justice procedures offences","E20 Breaches of orders","E21 Breach family violence order",20403,312.101087528
2019,"March","E Justice procedures offences","E20 Breaches of orders","E22 Breach intervention order",2318,35.458036607
2019,"March","E Justice procedures offences","E20 Breaches of orders","E23 Breach bail conditions",17801,272.298753079
2019,"March","E Justice procedures offences","E20 Breaches of orders","E29 Breach of other orders",1245,19.044545115
2019,"March","F Other offences","F10 Regulatory driving offences","F11 Drink driving",2,0.030593647
2019,"March","F Other offences","F10 Regulatory driving offences","F14 Parking offences",1,0.015296823
2019,"March","F Other offences","F10 Regulatory driving offences","F19 Other regulatory driving offences",5,0.076484117
2019,"March","F Other offences","F20 Transport regulation offences","F21 Public transport",123,1.881509276
2019,"March","F Other offences","F20 Transport regulation offences","F22 Aviation regulations offences",4,0.061187294
2019,"March","F Other offences","F20 Transport regulation offences","F23 Maritime regulations offences",81,1.239042694
2019,"March","F Other offences","F20 Transport regulation offences","F24 Pedestrian offences",10,0.152968234
2019,"March","F Other offences","F20 Transport regulation offences","F29 Other transport regulation offences",42,0.642466582
2019,"March","F Other offences","F30 Other government regulatory offences","F31 Betting and gaming offences",27,0.413014231
2019,"March","F Other offences","F30 Other government regulatory offences","F32 Commercial regulation offences",27,0.413014231
2019,"March","F Other offences","F30 Other government regulatory offences","F33 Liquor and tobacco licensing offences",75,1.147261754
2019,"March","F Other offences","F30 Other government regulatory offences","F34 Pornography and censorship offences",7,0.107077764
2019,"March","F Other offences","F30 Other government regulatory offences","F35 Intellectual property",1,0.015296823
2019,"March","F Other offences","F30 Other government regulatory offences","F36 Prostitution offences",20,0.305936468
2019,"March","F Other offences","F30 Other government regulatory offences","F39 Other government regulatory offences",34,0.520091995
2019,"March","F Other offences","F90 Miscellaneous offences","F91 Environmental offences",30,0.458904702
2019,"March","F Other offences","F90 Miscellaneous offences","F92 Public health and safety offences",114,1.743837866
2019,"March","F Other offences","F90 Miscellaneous offences","F93 Cruelty to animals",117,1.789728336
2019,"March","F Other offences","F90 Miscellaneous offences","F94 Dangerous substance offences",20,0.305936468
2019,"March","F Other offences","F90 Miscellaneous offences","F99 Other miscellaneous offences",35,0.535388818
2018,"March","A Crimes against the person","A10 Homicide and related offences","A11 Murder",63,0.980844267
2018,"March","A Crimes against the person","A10 Homicide and related offences","A12 Attempted murder",32,0.498206612
2018,"March","A Crimes against the person","A10 Homicide and related offences","A14 Manslaughter & A13  Accessory/ conspiracy to murder",16,0.249103306
2018,"March","A Crimes against the person","A10 Homicide and related offences","A15 Driving causing death",75,1.167671747
2018,"March","A Crimes against the person","A20 Assault and related offences","A211 FV Serious assault",7728,120.316896771
2018,"March","A Crimes against the person","A20 Assault and related offences","A212 Non-FV Serious assault",8803,137.053525139
2018,"March","A Crimes against the person","A20 Assault and related offences","A22 Assault police, emergency services or other authorised officer",1940,30.203775846
2018,"March","A Crimes against the person","A20 Assault and related offences","A231 FV Common assault",11741,182.795119693
2018,"March","A Crimes against the person","A20 Assault and related offences","A232 Non-FV Common assault",8800,137.006818269
2018,"March","A Crimes against the person","A30 Sexual offences","A31 Rape",3133,48.777541095
2018,"March","A Crimes against the person","A30 Sexual offences","A32 Indecent assault",3876,60.345275865
2018,"March","A Crimes against the person","A30 Sexual offences","A33 Incest",233,3.627566893
2018,"March","A Crimes against the person","A30 Sexual offences","A34 Sexual offences against children",753,11.723424336
2018,"March","A Crimes against the person","A30 Sexual offences","A39 Other sexual offences",357,5.558117514
2018,"March","A Crimes against the person","A40 Abduction and related offences","A41 Abduction",89,1.385637139
2018,"March","A Crimes against the person","A40 Abduction and related offences","A42 False imprisonment",311,4.841945509
2018,"March","A Crimes against the person","A40 Abduction and related offences","A43 Slavery and sexual servitude offences",1,0.015568957
2018,"March","A Crimes against the person","A50 Robbery","A51 Aggravated robbery",2232,34.749911179
2018,"March","A Crimes against the person","A50 Robbery","A52 Non-aggravated robbery",271,4.219187244
2018,"March","A Crimes against the person","A60 Blackmail and extortion","A61 Blackmail",77,1.19880966
2018,"March","A Crimes against the person","A60 Blackmail and extortion","A62 Extortion",42,0.653896178
2018,"March","A Crimes against the person","A70 Stalking, harassment and threatening behaviour","A711 FV Stalking",1027,15.98931845
2018,"March","A Crimes against the person","A70 Stalking, harassment and threatening behaviour","A712 Non-FV Stalking",843,13.124630432
2018,"March","A Crimes against the person","A70 Stalking, harassment and threatening behaviour","A721 FV Harassment and private nuisance",502,7.815616224
2018,"March","A Crimes against the person","A70 Stalking, harassment and threatening behaviour","A722 Non-FV Harassment and private nuisance",545,8.485081359
2018,"March","A Crimes against the person","A70 Stalking, harassment and threatening behaviour","A731 FV Threatening behaviour",2050,31.916361074
2018,"March","A Crimes against the person","A70 Stalking, harassment and threatening behaviour","A732 Non-FV Threatening behaviour",1786,27.806156526
2018,"March","A Crimes against the person","A80 Dangerous and negligent acts endangering people","A81 Dangerous driving",925,14.401284875
2018,"March","A Crimes against the person","A80 Dangerous and negligent acts endangering people","A82 Neglect or ill treatment of people",42,0.653896178
2018,"March","A Crimes against the person","A80 Dangerous and negligent acts endangering people","A83 Throw or discharge object endangering people",833,12.968940866
2018,"March","A Crimes against the person","A80 Dangerous and negligent acts endangering people","A89 Other dangerous or negligent acts endangering people",2457,38.252926419
2018,"March","B Property and deception offences","B10 Arson","B11 Cause damage by fire",2450,38.143943723
2018,"March","B Property and deception offences","B10 Arson","B12 Cause a bushfire",51,0.794016788
2018,"March","B Property and deception offences","B10 Arson","B19 Other fire related offences",526,8.189271183
2018,"March","B Property and deception offences","B20 Property damage","B21 Criminal damage",32825,511.051001099
2018,"March","B Property and deception offences","B20 Property damage","B22 Graffiti",2813,43.795474976
2018,"March","B Property and deception offences","B20 Property damage","B29 Other property damage offences",303,4.717393856
2018,"March","B Property and deception offences","B30 Burglary/Break and enter","B311 Residential aggravated burglary",2996,46.644594038
2018,"March","B Property and deception offences","B30 Burglary/Break and enter","B312 Non-residential aggravated burglary",123,1.914981664
2018,"March","B Property and deception offences","B30 Burglary/Break and enter","B319 Unknown aggravated burglary",4,0.062275826
2018,"March","B Property and deception offences","B30 Burglary/Break and enter","B321 Residential non-aggravated burglary",26309,409.603679754
2018,"March","B Property and deception offences","B30 Burglary/Break and enter","B322 Non-residential non-aggravated burglary",13209,205.650348013
2018,"March","B Property and deception offences","B30 Burglary/Break and enter","B329 Unknown non-aggravated burglary",80,1.24551653
2018,"March","B Property and deception offences","B40 Theft","B41 Motor vehicle theft",13656,212.609671623
2018,"March","B Property and deception offences","B40 Theft","B42 Steal from a motor vehicle",50095,779.926881952
2018,"March","B Property and deception offences","B40 Theft","B43 Steal from a retail store",17871,278.232823782
2018,"March","B Property and deception offences","B40 Theft","B44 Theft of a bicycle",5986,93.195774336
2018,"March","B Property and deception offences","B40 Theft","B45 Receiving or handling stolen goods",7134,111.068936538
2018,"March","B Property and deception offences","B40 Theft","B46 Fare evasion",56,0.871861571
2018,"March","B Property and deception offences","B40 Theft","B49 Other theft",35622,554.59737277
2018,"March","B Property and deception offences","B50 Deception","B51 Forgery and counterfeiting",2110,32.850498471
2018,"March","B Property and deception offences","B50 Deception","B53 Obtain benefit by deception",17139,266.836347535
2018,"March","B Property and deception offences","B50 Deception","B54 State false information",772,12.019234512
2018,"March","B Property and deception offences","B50 Deception","B55 Deceptive business practices",7,0.108982696
2018,"March","B Property and deception offences","B50 Deception","B56 Professional malpractice and misrepresentation",64,0.996413224
2018,"March","B Property and deception offences","B50 Deception","B59 Other deception offences",89,1.385637139
2018,"March","B Property and deception offences","B60 Bribery","B61 Bribery of officials",5,0.077844783
2018,"March","C Drug offences","C10 Drug dealing and trafficking","C11 Drug dealing",24,0.373654959
2018,"March","C Drug offences","C10 Drug dealing and trafficking","C12 Drug trafficking",2721,42.363130967
2018,"March","C Drug offences","C20 Cultivate or manufacture drugs","C21 Cultivate drugs",756,11.770131206
2018,"March","C Drug offences","C20 Cultivate or manufacture drugs","C23 Possess drug manufacturing equipment or precursor",237,3.689842719
2018,"March","C Drug offences","C30 Drug use and possession","C31 Drug use",502,7.815616224
2018,"March","C Drug offences","C30 Drug use and possession","C32 Drug possession",10352,161.169838945
2018,"March","C Drug offences","C90 Other drug offences","C99 Other drug offences",11,0.171258523
2018,"March","D Public order and security offences","D10 Weapons and explosives offences","D11 Firearms offences",1952,30.390603325
2018,"March","D Public order and security offences","D10 Weapons and explosives offences","D12 Prohibited and controlled weapons offences",6668,103.813802752
2018,"March","D Public order and security offences","D10 Weapons and explosives offences","D13 Explosives offences",182,2.833550105
2018,"March","D Public order and security offences","D20 Disorderly and offensive conduct","D21 Riot and affray",404,6.289858475
2018,"March","D Public order and security offences","D20 Disorderly and offensive conduct","D22 Drunk and disorderly in public",8197,127.618737426
2018,"March","D Public order and security offences","D20 Disorderly and offensive conduct","D23 Offensive conduct",2952,45.959559947
2018,"March","D Public order and security offences","D20 Disorderly and offensive conduct","D24 Offensive language",750,11.676717466
2018,"March","D Public order and security offences","D20 Disorderly and offensive conduct","D25 Criminal intent",501,7.800047267
2018,"March","D Public order and security offences","D20 Disorderly and offensive conduct","D26 Disorderly conduct",206,3.207205064
2018,"March","D Public order and security offences","D30 Public nuisance offences","D31 Privacy offences",38,0.591620352
2018,"March","D Public order and security offences","D30 Public nuisance offences","D32 Hoaxes",184,2.864688018
2018,"March","D Public order and security offences","D30 Public nuisance offences","D33 Begging",179,2.786843235
2018,"March","D Public order and security offences","D30 Public nuisance offences","D35 Improper movement on public or private space",1446,22.512711275
2018,"March","D Public order and security offences","D30 Public nuisance offences","D36 Other public nuisance offences",109,1.697016272
2018,"March","D Public order and security offences","D40 Public security offences","D41 Immigration offences",1,0.015568957
2018,"March","D Public order and security offences","D40 Public security offences","D43 Hacking",27,0.420361829
2018,"March","D Public order and security offences","D40 Public security offences","D44 Terrorism offences",21,0.326948089
2018,"March","D Public order and security offences","D40 Public security offences","D49 Other public security offences",5,0.077844783
2018,"March","E Justice procedures offences","E10 Justice procedures","E11 Escape custody",69,1.074258007
2018,"March","E Justice procedures offences","E10 Justice procedures","E13 Resist or hinder officer",5148,80.148988687
2018,"March","E Justice procedures offences","E10 Justice procedures","E14 Pervert the course of justice or commit perjury",526,8.189271183
2018,"March","E Justice procedures offences","E10 Justice procedures","E15 Prison regulation offences",612,9.528201452
2018,"March","E Justice procedures offences","E10 Justice procedures","E19 Other justice procedures offences",1004,15.631232448
2018,"March","E Justice procedures offences","E20 Breaches of orders","E21 Breach family violence order",18695,291.061644038
2018,"March","E Justice procedures offences","E20 Breaches of orders","E22 Breach intervention order",2052,31.947498987
2018,"March","E Justice procedures offences","E20 Breaches of orders","E23 Breach bail conditions",16495,256.809939471
2018,"March","E Justice procedures offences","E20 Breaches of orders","E29 Breach of other orders",965,15.02404314
2018,"March","F Other offences","F10 Regulatory driving offences","F11 Drink driving",1,0.015568957
2018,"March","F Other offences","F10 Regulatory driving offences","F15 Licensing offences",1,0.015568957
2018,"March","F Other offences","F10 Regulatory driving offences","F19 Other regulatory driving offences",3,0.04670687
2018,"March","F Other offences","F20 Transport regulation offences","F21 Public transport",122,1.899412708
2018,"March","F Other offences","F20 Transport regulation offences","F22 Aviation regulations offences",5,0.077844783
2018,"March","F Other offences","F20 Transport regulation offences","F23 Maritime regulations offences",49,0.762878874
2018,"March","F Other offences","F20 Transport regulation offences","F24 Pedestrian offences",11,0.171258523
2018,"March","F Other offences","F20 Transport regulation offences","F29 Other transport regulation offences",63,0.980844267
2018,"March","F Other offences","F30 Other government regulatory offences","F31 Betting and gaming offences",21,0.326948089
2018,"March","F Other offences","F30 Other government regulatory offences","F32 Commercial regulation offences",36,0.560482438
2018,"March","F Other offences","F30 Other government regulatory offences","F33 Liquor and tobacco licensing offences",70,1.089826964
2018,"March","F Other offences","F30 Other government regulatory offences","F34 Pornography and censorship offences",15,0.233534349
2018,"March","F Other offences","F30 Other government regulatory offences","F36 Prostitution offences",35,0.544913482
2018,"March","F Other offences","F30 Other government regulatory offences","F39 Other government regulatory offences",22,0.342517046
2018,"March","F Other offences","F90 Miscellaneous offences","F91 Environmental offences",33,0.513775569
2018,"March","F Other offences","F90 Miscellaneous offences","F92 Public health and safety offences",22,0.342517046
2018,"March","F Other offences","F90 Miscellaneous offences","F93 Cruelty to animals",137,2.132947057
2018,"March","F Other offences","F90 Miscellaneous offences","F94 Dangerous substance offences",14,0.217965393
2018,"March","F Other offences","F90 Miscellaneous offences","F99 Other miscellaneous offences",24,0.373654959
2017,"March","A Crimes against the person","A10 Homicide and related offences","A11 Murder",62,0.983719755
2017,"March","A Crimes against the person","A10 Homicide and related offences","A12 Attempted murder",42,0.666390802
2017,"March","A Crimes against the person","A10 Homicide and related offences","A14 Manslaughter & A13  Accessory/ conspiracy to murder",8,0.126931581
2017,"March","A Crimes against the person","A10 Homicide and related offences","A15 Driving causing death",68,1.078918441
2017,"March","A Crimes against the person","A20 Assault and related offences","A211 FV Serious assault",8435,133.833486074
2017,"March","A Crimes against the person","A20 Assault and related offences","A212 Non-FV Serious assault",9004,142.861494797
2017,"March","A Crimes against the person","A20 Assault and related offences","A22 Assault police, emergency services or other authorised officer",2035,32.288221003
2017,"March","A Crimes against the person","A20 Assault and related offences","A231 FV Common assault",11698,185.605704813
2017,"March","A Crimes against the person","A20 Assault and related offences","A232 Non-FV Common assault",8025,127.328242531
2017,"March","A Crimes against the person","A30 Sexual offences","A31 Rape",2905,46.092030474
2017,"March","A Crimes against the person","A30 Sexual offences","A32 Indecent assault",3515,55.770563551
2017,"March","A Crimes against the person","A30 Sexual offences","A33 Incest",226,3.585817173
2017,"March","A Crimes against the person","A30 Sexual offences","A34 Sexual offences against children",575,9.123207409
2017,"March","A Crimes against the person","A30 Sexual offences","A39 Other sexual offences",260,4.125276394
2017,"March","A Crimes against the person","A40 Abduction and related offences","A41 Abduction",132,2.094371092
2017,"March","A Crimes against the person","A40 Abduction and related offences","A42 False imprisonment",336,5.331126416
2017,"March","A Crimes against the person","A40 Abduction and related offences","A43 Slavery and sexual servitude offences",1,0.015866448
2017,"March","A Crimes against the person","A50 Robbery","A51 Aggravated robbery",2259,35.842305281
2017,"March","A Crimes against the person","A50 Robbery","A52 Non-aggravated robbery",269,4.268074423
2017,"March","A Crimes against the person","A60 Blackmail and extortion","A61 Blackmail",109,1.729442796
2017,"March","A Crimes against the person","A60 Blackmail and extortion","A62 Extortion",32,0.507726325
2017,"March","A Crimes against the person","A70 Stalking, harassment and threatening behaviour","A711 FV Stalking",1147,18.198815474
2017,"March","A Crimes against the person","A70 Stalking, harassment and threatening behaviour","A712 Non-FV Stalking",817,12.962887744
2017,"March","A Crimes against the person","A70 Stalking, harassment and threatening behaviour","A721 FV Harassment and private nuisance",486,7.711093566
2017,"March","A Crimes against the person","A70 Stalking, harassment and threatening behaviour","A722 Non-FV Harassment and private nuisance",444,7.044702764
2017,"March","A Crimes against the person","A70 Stalking, harassment and threatening behaviour","A731 FV Threatening behaviour",2196,34.842719078
2017,"March","A Crimes against the person","A70 Stalking, harassment and threatening behaviour","A732 Non-FV Threatening behaviour",1803,28.607205144
2017,"March","A Crimes against the person","A80 Dangerous and negligent acts endangering people","A81 Dangerous driving",872,13.835542366
2017,"March","A Crimes against the person","A80 Dangerous and negligent acts endangering people","A82 Neglect or ill treatment of people",47,0.74572304
2017,"March","A Crimes against the person","A80 Dangerous and negligent acts endangering people","A83 Throw or discharge object endangering people",875,13.883141709
2017,"March","A Crimes against the person","A80 Dangerous and negligent acts endangering people","A89 Other dangerous or negligent acts endangering people",2653,42.093685662
2017,"March","B Property and deception offences","B10 Arson","B11 Cause damage by fire",2866,45.473239015
2017,"March","B Property and deception offences","B10 Arson","B12 Cause a bushfire",50,0.793322383
2017,"March","B Property and deception offences","B10 Arson","B19 Other fire related offences",405,6.425911305
2017,"March","B Property and deception offences","B20 Property damage","B21 Criminal damage",34304,544.282620782
2017,"March","B Property and deception offences","B20 Property damage","B22 Graffiti",2873,45.584304148
2017,"March","B Property and deception offences","B20 Property damage","B29 Other property damage offences",309,4.902732329
2017,"March","B Property and deception offences","B30 Burglary/Break and enter","B311 Residential aggravated burglary",3484,55.278703673
2017,"March","B Property and deception offences","B30 Burglary/Break and enter","B312 Non-residential aggravated burglary",143,2.268902016
2017,"March","B Property and deception offences","B30 Burglary/Break and enter","B319 Unknown aggravated burglary",5,0.079332238
2017,"March","B Property and deception offences","B30 Burglary/Break and enter","B321 Residential non-aggravated burglary",30957,491.177620439
2017,"March","B Property and deception offences","B30 Burglary/Break and enter","B322 Non-residential non-aggravated burglary",15953,253.117439638
2017,"March","B Property and deception offences","B30 Burglary/Break and enter","B329 Unknown non-aggravated burglary",96,1.523178976
2017,"March","B Property and deception offences","B40 Theft","B41 Motor vehicle theft",18338,290.958917324
2017,"March","B Property and deception offences","B40 Theft","B42 Steal from a motor vehicle",61773,980.118071757
2017,"March","B Property and deception offences","B40 Theft","B43 Steal from a retail store",18827,298.717610234
2017,"March","B Property and deception offences","B40 Theft","B44 Theft of a bicycle",6234,98.911434758
2017,"March","B Property and deception offences","B40 Theft","B45 Receiving or handling stolen goods",7939,125.963728031
2017,"March","B Property and deception offences","B40 Theft","B46 Fare evasion",89,1.412113842
2017,"March","B Property and deception offences","B40 Theft","B49 Other theft",39718,630.183568453
2017,"March","B Property and deception offences","B50 Deception","B51 Forgery and counterfeiting",2123,33.684468398
2017,"March","B Property and deception offences","B50 Deception","B52 Possess equipment to make false instrument",7,0.111065134
2017,"March","B Property and deception offences","B50 Deception","B53 Obtain benefit by deception",18532,294.037008172
2017,"March","B Property and deception offences","B50 Deception","B54 State false information",889,14.105271976
2017,"March","B Property and deception offences","B50 Deception","B55 Deceptive business practices",5,0.079332238
2017,"March","B Property and deception offences","B50 Deception","B56 Professional malpractice and misrepresentation",66,1.047185546
2017,"March","B Property and deception offences","B50 Deception","B59 Other deception offences",73,1.15825068
2017,"March","B Property and deception offences","B60 Bribery","B61 Bribery of officials",5,0.079332238
2017,"March","C Drug offences","C10 Drug dealing and trafficking","C11 Drug dealing",13,0.20626382
2017,"March","C Drug offences","C10 Drug dealing and trafficking","C12 Drug trafficking",3033,48.122935775
2017,"March","C Drug offences","C20 Cultivate or manufacture drugs","C21 Cultivate drugs",695,11.027181129
2017,"March","C Drug offences","C20 Cultivate or manufacture drugs","C23 Possess drug manufacturing equipment or precursor",344,5.458057998
2017,"March","C Drug offences","C30 Drug use and possession","C31 Drug use",689,10.931982443
2017,"March","C Drug offences","C30 Drug use and possession","C32 Drug possession",10933,173.467872347
2017,"March","C Drug offences","C90 Other drug offences","C99 Other drug offences",9,0.142798029
2017,"March","D Public order and security offences","D10 Weapons and explosives offences","D11 Firearms offences",2073,32.891146014
2017,"March","D Public order and security offences","D10 Weapons and explosives offences","D12 Prohibited and controlled weapons offences",7107,112.762843572
2017,"March","D Public order and security offences","D10 Weapons and explosives offences","D13 Explosives offences",224,3.554084277
2017,"March","D Public order and security offences","D20 Disorderly and offensive conduct","D21 Riot and affray",312,4.950331672
2017,"March","D Public order and security offences","D20 Disorderly and offensive conduct","D22 Drunk and disorderly in public",8312,131.881913011
2017,"March","D Public order and security offences","D20 Disorderly and offensive conduct","D23 Offensive conduct",3072,48.741727234
2017,"March","D Public order and security offences","D20 Disorderly and offensive conduct","D24 Offensive language",723,11.471441664
2017,"March","D Public order and security offences","D20 Disorderly and offensive conduct","D25 Criminal intent",532,8.440950159
2017,"March","D Public order and security offences","D20 Disorderly and offensive conduct","D26 Disorderly conduct",262,4.157009289
2017,"March","D Public order and security offences","D30 Public nuisance offences","D31 Privacy offences",46,0.729856593
2017,"March","D Public order and security offences","D30 Public nuisance offences","D32 Hoaxes",190,3.014625057
2017,"March","D Public order and security offences","D30 Public nuisance offences","D33 Begging",66,1.047185546
2017,"March","D Public order and security offences","D30 Public nuisance offences","D34 Defamation and libel",1,0.015866448
2017,"March","D Public order and security offences","D30 Public nuisance offences","D35 Improper movement on public or private space",1460,23.165013594
2017,"March","D Public order and security offences","D30 Public nuisance offences","D36 Other public nuisance offences",92,1.459713185
2017,"March","D Public order and security offences","D40 Public security offences","D43 Hacking",25,0.396661192
2017,"March","D Public order and security offences","D40 Public security offences","D49 Other public security offences",4,0.063465791
2017,"March","E Justice procedures offences","E10 Justice procedures","E11 Escape custody",118,1.872240825
2017,"March","E Justice procedures offences","E10 Justice procedures","E12 Fail to appear",1,0.015866448
2017,"March","E Justice procedures offences","E10 Justice procedures","E13 Resist or hinder officer",6243,99.054232787
2017,"March","E Justice procedures offences","E10 Justice procedures","E14 Pervert the course of justice or commit perjury",537,8.520282397
2017,"March","E Justice procedures offences","E10 Justice procedures","E15 Prison regulation offences",579,9.186673199
2017,"March","E Justice procedures offences","E10 Justice procedures","E19 Other justice procedures offences",1006,15.961646353
2017,"March","E Justice procedures offences","E20 Breaches of orders","E21 Breach family violence order",18681,296.401108874
2017,"March","E Justice procedures offences","E20 Breaches of orders","E22 Breach intervention order",1905,30.225582806
2017,"March","E Justice procedures offences","E20 Breaches of orders","E23 Breach bail conditions",17855,283.295423101
2017,"March","E Justice procedures offences","E20 Breaches of orders","E29 Breach of other orders",862,13.676877889
2017,"March","F Other offences","F10 Regulatory driving offences","F11 Drink driving",1,0.015866448
2017,"March","F Other offences","F10 Regulatory driving offences","F12 Drug driving",1,0.015866448
2017,"March","F Other offences","F10 Regulatory driving offences","F15 Licensing offences",3,0.047599343
2017,"March","F Other offences","F10 Regulatory driving offences","F19 Other regulatory driving offences",5,0.079332238
2017,"March","F Other offences","F20 Transport regulation offences","F21 Public transport",198,3.141556638
2017,"March","F Other offences","F20 Transport regulation offences","F22 Aviation regulations offences",1,0.015866448
2017,"March","F Other offences","F20 Transport regulation offences","F23 Maritime regulations offences",66,1.047185546
2017,"March","F Other offences","F20 Transport regulation offences","F24 Pedestrian offences",16,0.253863163
2017,"March","F Other offences","F20 Transport regulation offences","F29 Other transport regulation offences",100,1.586644767
2017,"March","F Other offences","F30 Other government regulatory offences","F31 Betting and gaming offences",11,0.174530924
2017,"March","F Other offences","F30 Other government regulatory offences","F32 Commercial regulation offences",24,0.380794744
2017,"March","F Other offences","F30 Other government regulatory offences","F33 Liquor and tobacco licensing offences",70,1.110651337
2017,"March","F Other offences","F30 Other government regulatory offences","F34 Pornography and censorship offences",17,0.26972961
2017,"March","F Other offences","F30 Other government regulatory offences","F35 Intellectual property",5,0.079332238
2017,"March","F Other offences","F30 Other government regulatory offences","F36 Prostitution offences",19,0.301462506
2017,"March","F Other offences","F30 Other government regulatory offences","F39 Other government regulatory offences",32,0.507726325
2017,"March","F Other offences","F90 Miscellaneous offences","F91 Environmental offences",19,0.301462506
2017,"March","F Other offences","F90 Miscellaneous offences","F92 Public health and safety offences",22,0.349061849
2017,"March","F Other offences","F90 Miscellaneous offences","F93 Cruelty to animals",114,1.808775034
2017,"March","F Other offences","F90 Miscellaneous offences","F94 Dangerous substance offences",5,0.079332238
2017,"March","F Other offences","F90 Miscellaneous offences","F99 Other miscellaneous offences",36,0.571192116
