"Year","Year ending","Offence Division","Offence Subdivision","Offence Subgroup","Offence Count","Rate per 100,000 population"
2026,"March","A Crimes against the person","A10 Homicide and related offences","A11 Murder",56,0.778163825
2026,"March","A Crimes against the person","A10 Homicide and related offences","A12 Attempted murder",35,0.486352391
2026,"March","A Crimes against the person","A10 Homicide and related offences","A14 Manslaughter & A13  Accessory/ conspiracy to murder",11,0.152853609
2026,"March","A Crimes against the person","A10 Homicide and related offences","A15 Driving causing death",128,1.778660172
2026,"March","A Crimes against the person","A20 Assault and related offences","A211 FV Serious assault",10956,152.242194104
2026,"March","A Crimes against the person","A20 Assault and related offences","A212 Non-FV Serious assault",8301,115.348891316
2026,"March","A Crimes against the person","A20 Assault and related offences","A22 Assault police, emergency services or other authorised officer",3299,45.842186779
2026,"March","A Crimes against the person","A20 Assault and related offences","A231 FV Common assault",15340,213.161304998
2026,"March","A Crimes against the person","A20 Assault and related offences","A232 Non-FV Common assault",14915,207.255597395
2026,"March","A Crimes against the person","A30 Sexual offences","A31 Rape",5103,70.910178579
2026,"March","A Crimes against the person","A30 Sexual offences","A32 Indecent assault",5494,76.343429574
2026,"March","A Crimes against the person","A30 Sexual offences","A33 Incest",299,4.154838996
2026,"March","A Crimes against the person","A30 Sexual offences","A34 Sexual offences against children",3458,48.051616211
2026,"March","A Crimes against the person","A30 Sexual offences","A39 Other sexual offences",2923,40.617372523
2026,"March","A Crimes against the person","A40 Abduction and related offences","A41 Abduction",220,3.057072171
2026,"March","A Crimes against the person","A40 Abduction and related offences","A42 False imprisonment",545,7.573201514
2026,"March","A Crimes against the person","A40 Abduction and related offences","A43 Slavery and sexual servitude offences",1,0.013895783
2026,"March","A Crimes against the person","A50 Robbery","A51 Aggravated robbery",2887,40.11712435
2026,"March","A Crimes against the person","A50 Robbery","A52 Non-aggravated robbery",371,5.155335343
2026,"March","A Crimes against the person","A60 Blackmail and extortion","A61 Blackmail",346,4.807940778
2026,"March","A Crimes against the person","A60 Blackmail and extortion","A62 Extortion",209,2.904218562
2026,"March","A Crimes against the person","A70 Stalking, harassment and threatening behaviour","A711 FV Stalking",1911,26.554840538
2026,"March","A Crimes against the person","A70 Stalking, harassment and threatening behaviour","A712 Non-FV Stalking",1184,16.452606592
2026,"March","A Crimes against the person","A70 Stalking, harassment and threatening behaviour","A721 FV Harassment and private nuisance",2409,33.47494027
2026,"March","A Crimes against the person","A70 Stalking, harassment and threatening behaviour","A722 Non-FV Harassment and private nuisance",1585,22.024815412
2026,"March","A Crimes against the person","A70 Stalking, harassment and threatening behaviour","A731 FV Threatening behaviour",4382,60.891319329
2026,"March","A Crimes against the person","A70 Stalking, harassment and threatening behaviour","A732 Non-FV Threatening behaviour",3462,48.107199342
2026,"March","A Crimes against the person","A80 Dangerous and negligent acts endangering people","A81 Dangerous driving",2222,30.876428925
2026,"March","A Crimes against the person","A80 Dangerous and negligent acts endangering people","A82 Neglect or ill treatment of people",16,0.222332522
2026,"March","A Crimes against the person","A80 Dangerous and negligent acts endangering people","A83 Throw or discharge object endangering people",1853,25.748885147
2026,"March","A Crimes against the person","A80 Dangerous and negligent acts endangering people","A89 Other dangerous or negligent acts endangering people",2635,36.615387136
2026,"March","B Property and deception offences","B10 Arson","B11 Cause damage by fire",2821,39.200002699
2026,"March","B Property and deception offences","B10 Arson","B12 Cause a bushfire",61,0.847642738
2026,"March","B Property and deception offences","B10 Arson","B19 Other fire related offences",845,11.741936292
2026,"March","B Property and deception offences","B20 Property damage","B21 Criminal damage",42954,596.879445559
2026,"March","B Property and deception offences","B20 Property damage","B22 Graffiti",3881,53.929532249
2026,"March","B Property and deception offences","B20 Property damage","B29 Other property damage offences",539,7.489826818
2026,"March","B Property and deception offences","B30 Burglary/Break and enter","B311 Residential aggravated burglary",6299,87.529534562
2026,"March","B Property and deception offences","B30 Burglary/Break and enter","B312 Non-residential aggravated burglary",358,4.974690169
2026,"March","B Property and deception offences","B30 Burglary/Break and enter","B319 Unknown aggravated burglary",6,0.083374696
2026,"March","B Property and deception offences","B30 Burglary/Break and enter","B321 Residential non-aggravated burglary",20003,277.957339236
2026,"March","B Property and deception offences","B30 Burglary/Break and enter","B322 Non-residential non-aggravated burglary",15321,212.897285129
2026,"March","B Property and deception offences","B30 Burglary/Break and enter","B329 Unknown non-aggravated burglary",102,1.417369825
2026,"March","B Property and deception offences","B40 Theft","B41 Motor vehicle theft",31851,442.594571414
2026,"March","B Property and deception offences","B40 Theft","B42 Steal from a motor vehicle",80786,1122.58469267
2026,"March","B Property and deception offences","B40 Theft","B43 Steal from a retail store",41775,580.496317881
2026,"March","B Property and deception offences","B40 Theft","B44 Theft of a bicycle",7316,101.661545461
2026,"March","B Property and deception offences","B40 Theft","B45 Receiving or handling stolen goods",17782,247.094806093
2026,"March","B Property and deception offences","B40 Theft","B46 Fare evasion",36,0.500248173
2026,"March","B Property and deception offences","B40 Theft","B49 Other theft",56135,780.039755936
2026,"March","B Property and deception offences","B50 Deception","B51 Forgery and counterfeiting",4211,58.515140505
2026,"March","B Property and deception offences","B50 Deception","B52 Possess equipment to make false instrument",19,0.264019869
2026,"March","B Property and deception offences","B50 Deception","B53 Obtain benefit by deception",27423,381.064046086
2026,"March","B Property and deception offences","B50 Deception","B54 State false information",644,8.948883991
2026,"March","B Property and deception offences","B50 Deception","B55 Deceptive business practices",16,0.222332522
2026,"March","B Property and deception offences","B50 Deception","B56 Professional malpractice and misrepresentation",107,1.486848738
2026,"March","B Property and deception offences","B50 Deception","B59 Other deception offences",550,7.642680427
2026,"March","B Property and deception offences","B60 Bribery","B61 Bribery of officials",4,0.05558313
2026,"March","C Drug offences","C10 Drug dealing and trafficking","C11 Drug dealing",68,0.944913216
2026,"March","C Drug offences","C10 Drug dealing and trafficking","C12 Drug trafficking",3247,45.119606084
2026,"March","C Drug offences","C20 Cultivate or manufacture drugs","C21 Cultivate drugs",595,8.267990644
2026,"March","C Drug offences","C20 Cultivate or manufacture drugs","C22 Manufacture drugs",1,0.013895783
2026,"March","C Drug offences","C20 Cultivate or manufacture drugs","C23 Possess drug manufacturing equipment or precursor",1719,23.88685028
2026,"March","C Drug offences","C30 Drug use and possession","C31 Drug use",136,1.889826433
2026,"March","C Drug offences","C30 Drug use and possession","C32 Drug possession",27853,387.039232601
2026,"March","C Drug offences","C90 Other drug offences","C99 Other drug offences",14,0.194540956
2026,"March","D Public order and security offences","D10 Weapons and explosives offences","D11 Firearms offences",5713,79.386605962
2026,"March","D Public order and security offences","D10 Weapons and explosives offences","D12 Prohibited and controlled weapons offences",11767,163.511673788
2026,"March","D Public order and security offences","D10 Weapons and explosives offences","D13 Explosives offences",303,4.210422126
2026,"March","D Public order and security offences","D20 Disorderly and offensive conduct","D21 Riot and affray",1984,27.569232667
2026,"March","D Public order and security offences","D20 Disorderly and offensive conduct","D22 Drunk and disorderly in public",28,0.389081913
2026,"March","D Public order and security offences","D20 Disorderly and offensive conduct","D23 Offensive conduct",2484,34.517123964
2026,"March","D Public order and security offences","D20 Disorderly and offensive conduct","D24 Offensive language",390,5.419355212
2026,"March","D Public order and security offences","D20 Disorderly and offensive conduct","D25 Criminal intent",2091,29.056081405
2026,"March","D Public order and security offences","D20 Disorderly and offensive conduct","D26 Disorderly conduct",429,5.961290733
2026,"March","D Public order and security offences","D30 Public nuisance offences","D31 Privacy offences",297,4.127047431
2026,"March","D Public order and security offences","D30 Public nuisance offences","D32 Hoaxes",383,5.322084734
2026,"March","D Public order and security offences","D30 Public nuisance offences","D33 Begging",9,0.125062043
2026,"March","D Public order and security offences","D30 Public nuisance offences","D34 Defamation and libel",16,0.222332522
2026,"March","D Public order and security offences","D30 Public nuisance offences","D35 Improper movement on public or private space",4750,66.004967323
2026,"March","D Public order and security offences","D30 Public nuisance offences","D36 Other public nuisance offences",22,0.305707217
2026,"March","D Public order and security offences","D40 Public security offences","D41 Immigration offences",3,0.041687348
2026,"March","D Public order and security offences","D40 Public security offences","D43 Hacking",255,3.543424562
2026,"March","D Public order and security offences","D40 Public security offences","D44 Terrorism offences",3,0.041687348
2026,"March","D Public order and security offences","D40 Public security offences","D49 Other public security offences",5,0.069478913
2026,"March","E Justice procedures offences","E10 Justice procedures","E11 Escape custody",157,2.181637867
2026,"March","E Justice procedures offences","E10 Justice procedures","E12 Fail to appear",2,0.027791565
2026,"March","E Justice procedures offences","E10 Justice procedures","E13 Resist or hinder officer",10914,151.658571235
2026,"March","E Justice procedures offences","E10 Justice procedures","E14 Pervert the course of justice or commit perjury",517,7.184119601
2026,"March","E Justice procedures offences","E10 Justice procedures","E15 Prison regulation offences",694,9.643673121
2026,"March","E Justice procedures offences","E10 Justice procedures","E19 Other justice procedures offences",2391,33.224816183
2026,"March","E Justice procedures offences","E20 Breaches of orders","E21 Breach family violence order",61501,854.604525337
2026,"March","E Justice procedures offences","E20 Breaches of orders","E22 Breach intervention order",6105,84.833752739
2026,"March","E Justice procedures offences","E20 Breaches of orders","E23 Breach bail conditions",16894,234.75535115
2026,"March","E Justice procedures offences","E20 Breaches of orders","E29 Breach of other orders",1727,23.998016541
2026,"March","F Other offences","F10 Regulatory driving offences","F11 Drink driving",3,0.041687348
2026,"March","F Other offences","F10 Regulatory driving offences","F15 Licensing offences",2,0.027791565
2026,"March","F Other offences","F10 Regulatory driving offences","F16 Registration and roadworthiness offences",5,0.069478913
2026,"March","F Other offences","F10 Regulatory driving offences","F19 Other regulatory driving offences",26,0.361290347
2026,"March","F Other offences","F20 Transport regulation offences","F21 Public transport",168,2.334491476
2026,"March","F Other offences","F20 Transport regulation offences","F22 Aviation regulations offences",18,0.250124087
2026,"March","F Other offences","F20 Transport regulation offences","F23 Maritime regulations offences",90,1.250620433
2026,"March","F Other offences","F20 Transport regulation offences","F24 Pedestrian offences",10,0.138957826
2026,"March","F Other offences","F20 Transport regulation offences","F29 Other transport regulation offences",233,3.237717344
2026,"March","F Other offences","F30 Other government regulatory offences","F31 Betting and gaming offences",145,2.014888476
2026,"March","F Other offences","F30 Other government regulatory offences","F32 Commercial regulation offences",14,0.194540956
2026,"March","F Other offences","F30 Other government regulatory offences","F33 Liquor and tobacco licensing offences",315,4.377171517
2026,"March","F Other offences","F30 Other government regulatory offences","F34 Pornography and censorship offences",2,0.027791565
2026,"March","F Other offences","F30 Other government regulatory offences","F39 Other government regulatory offences",116,1.611910781
2026,"March","F Other offences","F90 Miscellaneous offences","F91 Environmental offences",95,1.320099346
2026,"March","F Other offences","F90 Miscellaneous offences","F92 Public health and safety offences",54,0.75037226
2026,"March","F Other offences","F90 Miscellaneous offences","F93 Cruelty to animals",182,2.529032432
2026,"March","F Other offences","F90 Miscellaneous offences","F94 Dangerous substance offences",48,0.666997565
2026,"March","F Other offences","F90 Miscellaneous offences","F99 Other miscellaneous offences",32,0.444665043
2025,"March","A Crimes against the person","A10 Homicide and related offences","A11 Murder",69,0.975422326
2025,"March","A Crimes against the person","A10 Homicide and related offences","A12 Attempted murder",24,0.339277331
2025,"March","A Crimes against the person","A10 Homicide and related offences","A14 Manslaughter & A13  Accessory/ conspiracy to murder",31,0.438233219
2025,"March","A Crimes against the person","A10 Homicide and related offences","A15 Driving causing death",99,1.39951899
2025,"March","A Crimes against the person","A20 Assault and related offences","A211 FV Serious assault",9245,130.692455137
2025,"March","A Crimes against the person","A20 Assault and related offences","A212 Non-FV Serious assault",8825,124.755101848
2025,"March","A Crimes against the person","A20 Assault and related offences","A22 Assault police, emergency services or other authorised officer",3406,48.149107863
2025,"March","A Crimes against the person","A20 Assault and related offences","A231 FV Common assault",16281,230.157259284
2025,"March","A Crimes against the person","A20 Assault and related offences","A232 Non-FV Common assault",14967,211.581825422
2025,"March","A Crimes against the person","A30 Sexual offences","A31 Rape",5291,74.796514887
2025,"March","A Crimes against the person","A30 Sexual offences","A32 Indecent assault",6481,91.619015872
2025,"March","A Crimes against the person","A30 Sexual offences","A33 Incest",519,7.336872279
2025,"March","A Crimes against the person","A30 Sexual offences","A34 Sexual offences against children",4296,60.730642214
2025,"March","A Crimes against the person","A30 Sexual offences","A39 Other sexual offences",1375,19.437763744
2025,"March","A Crimes against the person","A40 Abduction and related offences","A41 Abduction",281,3.972372081
2025,"March","A Crimes against the person","A40 Abduction and related offences","A42 False imprisonment",572,8.086109717
2025,"March","A Crimes against the person","A50 Robbery","A51 Aggravated robbery",3348,47.329187647
2025,"March","A Crimes against the person","A50 Robbery","A52 Non-aggravated robbery",428,6.050445733
2025,"March","A Crimes against the person","A60 Blackmail and extortion","A61 Blackmail",308,4.354059079
2025,"March","A Crimes against the person","A60 Blackmail and extortion","A62 Extortion",163,2.304258538
2025,"March","A Crimes against the person","A70 Stalking, harassment and threatening behaviour","A711 FV Stalking",1770,25.021703147
2025,"March","A Crimes against the person","A70 Stalking, harassment and threatening behaviour","A712 Non-FV Stalking",1172,16.568042988
2025,"March","A Crimes against the person","A70 Stalking, harassment and threatening behaviour","A721 FV Harassment and private nuisance",2417,34.168054523
2025,"March","A Crimes against the person","A70 Stalking, harassment and threatening behaviour","A722 Non-FV Harassment and private nuisance",1410,19.932543185
2025,"March","A Crimes against the person","A70 Stalking, harassment and threatening behaviour","A731 FV Threatening behaviour",4419,62.469438534
2025,"March","A Crimes against the person","A70 Stalking, harassment and threatening behaviour","A732 Non-FV Threatening behaviour",3314,46.848544762
2025,"March","A Crimes against the person","A80 Dangerous and negligent acts endangering people","A81 Dangerous driving",1950,27.566283128
2025,"March","A Crimes against the person","A80 Dangerous and negligent acts endangering people","A82 Neglect or ill treatment of people",25,0.353413886
2025,"March","A Crimes against the person","A80 Dangerous and negligent acts endangering people","A83 Throw or discharge object endangering people",1612,22.788127386
2025,"March","A Crimes against the person","A80 Dangerous and negligent acts endangering people","A89 Other dangerous or negligent acts endangering people",2887,40.812235585
2025,"March","B Property and deception offences","B10 Arson","B11 Cause damage by fire",2938,41.533199913
2025,"March","B Property and deception offences","B10 Arson","B12 Cause a bushfire",54,0.763373994
2025,"March","B Property and deception offences","B10 Arson","B19 Other fire related offences",737,10.418641367
2025,"March","B Property and deception offences","B20 Property damage","B21 Criminal damage",44186,624.63783912
2025,"March","B Property and deception offences","B20 Property damage","B22 Graffiti",3877,54.80742548
2025,"March","B Property and deception offences","B20 Property damage","B29 Other property damage offences",572,8.086109717
2025,"March","B Property and deception offences","B30 Burglary/Break and enter","B311 Residential aggravated burglary",7867,111.212281726
2025,"March","B Property and deception offences","B30 Burglary/Break and enter","B312 Non-residential aggravated burglary",508,7.181370169
2025,"March","B Property and deception offences","B30 Burglary/Break and enter","B319 Unknown aggravated burglary",12,0.169638665
2025,"March","B Property and deception offences","B30 Burglary/Break and enter","B321 Residential non-aggravated burglary",22927,324.108806805
2025,"March","B Property and deception offences","B30 Burglary/Break and enter","B322 Non-residential non-aggravated burglary",18667,263.887080588
2025,"March","B Property and deception offences","B30 Burglary/Break and enter","B329 Unknown non-aggravated burglary",91,1.286426546
2025,"March","B Property and deception offences","B40 Theft","B41 Motor vehicle theft",31531,445.739729898
2025,"March","B Property and deception offences","B40 Theft","B42 Steal from a motor vehicle",82365,1164.357389651
2025,"March","B Property and deception offences","B40 Theft","B43 Steal from a retail store",41756,590.286009376
2025,"March","B Property and deception offences","B40 Theft","B44 Theft of a bicycle",8642,122.1681122
2025,"March","B Property and deception offences","B40 Theft","B45 Receiving or handling stolen goods",18324,259.038242068
2025,"March","B Property and deception offences","B40 Theft","B46 Fare evasion",39,0.551325663
2025,"March","B Property and deception offences","B40 Theft","B49 Other theft",57509,812.979167382
2025,"March","B Property and deception offences","B50 Deception","B51 Forgery and counterfeiting",2667,37.702193386
2025,"March","B Property and deception offences","B50 Deception","B52 Possess equipment to make false instrument",13,0.183775221
2025,"March","B Property and deception offences","B50 Deception","B53 Obtain benefit by deception",24069,340.25275313
2025,"March","B Property and deception offences","B50 Deception","B54 State false information",655,9.25944382
2025,"March","B Property and deception offences","B50 Deception","B55 Deceptive business practices",14,0.197911776
2025,"March","B Property and deception offences","B50 Deception","B56 Professional malpractice and misrepresentation",110,1.5550211
2025,"March","B Property and deception offences","B50 Deception","B59 Other deception offences",389,5.49912007
2025,"March","B Property and deception offences","B60 Bribery","B61 Bribery of officials",11,0.15550211
2025,"March","C Drug offences","C10 Drug dealing and trafficking","C11 Drug dealing",82,1.159197547
2025,"March","C Drug offences","C10 Drug dealing and trafficking","C12 Drug trafficking",3379,47.767420866
2025,"March","C Drug offences","C20 Cultivate or manufacture drugs","C21 Cultivate drugs",679,9.598721151
2025,"March","C Drug offences","C20 Cultivate or manufacture drugs","C22 Manufacture drugs",4,0.056546222
2025,"March","C Drug offences","C20 Cultivate or manufacture drugs","C23 Possess drug manufacturing equipment or precursor",1654,23.381862715
2025,"March","C Drug offences","C30 Drug use and possession","C31 Drug use",179,2.530443426
2025,"March","C Drug offences","C30 Drug use and possession","C32 Drug possession",26753,378.195267958
2025,"March","C Drug offences","C90 Other drug offences","C99 Other drug offences",19,0.268594554
2025,"March","D Public order and security offences","D10 Weapons and explosives offences","D11 Firearms offences",5687,80.394590845
2025,"March","D Public order and security offences","D10 Weapons and explosives offences","D12 Prohibited and controlled weapons offences",10931,154.526687626
2025,"March","D Public order and security offences","D10 Weapons and explosives offences","D13 Explosives offences",258,3.647231306
2025,"March","D Public order and security offences","D20 Disorderly and offensive conduct","D21 Riot and affray",2183,30.860100548
2025,"March","D Public order and security offences","D20 Disorderly and offensive conduct","D22 Drunk and disorderly in public",51,0.720964328
2025,"March","D Public order and security offences","D20 Disorderly and offensive conduct","D23 Offensive conduct",2040,28.838573118
2025,"March","D Public order and security offences","D20 Disorderly and offensive conduct","D24 Offensive language",299,4.22683008
2025,"March","D Public order and security offences","D20 Disorderly and offensive conduct","D25 Criminal intent",1945,27.495600351
2025,"March","D Public order and security offences","D20 Disorderly and offensive conduct","D26 Disorderly conduct",371,5.244662072
2025,"March","D Public order and security offences","D30 Public nuisance offences","D31 Privacy offences",252,3.562411973
2025,"March","D Public order and security offences","D30 Public nuisance offences","D32 Hoaxes",489,6.912775615
2025,"March","D Public order and security offences","D30 Public nuisance offences","D33 Begging",19,0.268594554
2025,"March","D Public order and security offences","D30 Public nuisance offences","D34 Defamation and libel",1,0.014136555
2025,"March","D Public order and security offences","D30 Public nuisance offences","D35 Improper movement on public or private space",4781,67.586871607
2025,"March","D Public order and security offences","D30 Public nuisance offences","D36 Other public nuisance offences",19,0.268594554
2025,"March","D Public order and security offences","D40 Public security offences","D41 Immigration offences",1,0.014136555
2025,"March","D Public order and security offences","D40 Public security offences","D42 Sabotage",1,0.014136555
2025,"March","D Public order and security offences","D40 Public security offences","D43 Hacking",280,3.958235526
2025,"March","D Public order and security offences","D40 Public security offences","D44 Terrorism offences",3,0.042409666
2025,"March","E Justice procedures offences","E10 Justice procedures","E11 Escape custody",143,2.021527429
2025,"March","E Justice procedures offences","E10 Justice procedures","E12 Fail to appear",6,0.084819333
2025,"March","E Justice procedures offences","E10 Justice procedures","E13 Resist or hinder officer",10578,149.536483552
2025,"March","E Justice procedures offences","E10 Justice procedures","E14 Pervert the course of justice or commit perjury",661,9.344263153
2025,"March","E Justice procedures offences","E10 Justice procedures","E15 Prison regulation offences",409,5.781851179
2025,"March","E Justice procedures offences","E10 Justice procedures","E19 Other justice procedures offences",2282,32.259619537
2025,"March","E Justice procedures offences","E20 Breaches of orders","E21 Breach family violence order",63526,898.038821526
2025,"March","E Justice procedures offences","E20 Breaches of orders","E22 Breach intervention order",6015,85.031381033
2025,"March","E Justice procedures offences","E20 Breaches of orders","E23 Breach bail conditions",9855,139.315753961
2025,"March","E Justice procedures offences","E20 Breaches of orders","E29 Breach of other orders",1939,27.410781018
2025,"March","F Other offences","F10 Regulatory driving offences","F11 Drink driving",1,0.014136555
2025,"March","F Other offences","F10 Regulatory driving offences","F12 Drug driving",2,0.028273111
2025,"March","F Other offences","F10 Regulatory driving offences","F15 Licensing offences",14,0.197911776
2025,"March","F Other offences","F10 Regulatory driving offences","F16 Registration and roadworthiness offences",5,0.070682777
2025,"March","F Other offences","F10 Regulatory driving offences","F19 Other regulatory driving offences",28,0.395823553
2025,"March","F Other offences","F20 Transport regulation offences","F21 Public transport",174,2.459760648
2025,"March","F Other offences","F20 Transport regulation offences","F22 Aviation regulations offences",8,0.113092444
2025,"March","F Other offences","F20 Transport regulation offences","F23 Maritime regulations offences",103,1.456065211
2025,"March","F Other offences","F20 Transport regulation offences","F24 Pedestrian offences",10,0.141365555
2025,"March","F Other offences","F20 Transport regulation offences","F29 Other transport regulation offences",156,2.20530265
2025,"March","F Other offences","F30 Other government regulatory offences","F31 Betting and gaming offences",15,0.212048332
2025,"March","F Other offences","F30 Other government regulatory offences","F32 Commercial regulation offences",9,0.127228999
2025,"March","F Other offences","F30 Other government regulatory offences","F33 Liquor and tobacco licensing offences",424,5.993899511
2025,"March","F Other offences","F30 Other government regulatory offences","F34 Pornography and censorship offences",2,0.028273111
2025,"March","F Other offences","F30 Other government regulatory offences","F36 Prostitution offences",4,0.056546222
2025,"March","F Other offences","F30 Other government regulatory offences","F39 Other government regulatory offences",125,1.767069431
2025,"March","F Other offences","F90 Miscellaneous offences","F91 Environmental offences",184,2.601126203
2025,"March","F Other offences","F90 Miscellaneous offences","F92 Public health and safety offences",29,0.409960108
2025,"March","F Other offences","F90 Miscellaneous offences","F93 Cruelty to animals",268,3.788596861
2025,"March","F Other offences","F90 Miscellaneous offences","F94 Dangerous substance offences",52,0.735100883
2025,"March","F Other offences","F90 Miscellaneous offences","F99 Other miscellaneous offences",48,0.678554662
2024,"March","A Crimes against the person","A10 Homicide and related offences","A11 Murder",51,0.733711497
2024,"March","A Crimes against the person","A10 Homicide and related offences","A12 Attempted murder",31,0.445981498
2024,"March","A Crimes against the person","A10 Homicide and related offences","A14 Manslaughter & A13  Accessory/ conspiracy to murder",17,0.244570499
2024,"March","A Crimes against the person","A10 Homicide and related offences","A15 Driving causing death",117,1.683220493
2024,"March","A Crimes against the person","A20 Assault and related offences","A211 FV Serious assault",7615,109.553197033
2024,"March","A Crimes against the person","A20 Assault and related offences","A212 Non-FV Serious assault",7943,114.271969013
2024,"March","A Crimes against the person","A20 Assault and related offences","A22 Assault police, emergency services or other authorised officer",2926,42.09489882
2024,"March","A Crimes against the person","A20 Assault and related offences","A231 FV Common assault",15548,223.681301046
2024,"March","A Crimes against the person","A20 Assault and related offences","A232 Non-FV Common assault",13168,189.441431192
2024,"March","A Crimes against the person","A30 Sexual offences","A31 Rape",4916,70.724033698
2024,"March","A Crimes against the person","A30 Sexual offences","A32 Indecent assault",6438,92.620286605
2024,"March","A Crimes against the person","A30 Sexual offences","A33 Incest",498,7.164476969
2024,"March","A Crimes against the person","A30 Sexual offences","A34 Sexual offences against children",2539,36.527323344
2024,"March","A Crimes against the person","A30 Sexual offences","A39 Other sexual offences",1063,15.292849435
2024,"March","A Crimes against the person","A40 Abduction and related offences","A41 Abduction",200,2.877299988
2024,"March","A Crimes against the person","A40 Abduction and related offences","A42 False imprisonment",460,6.617789972
2024,"March","A Crimes against the person","A40 Abduction and related offences","A43 Slavery and sexual servitude offences",5,0.0719325
2024,"March","A Crimes against the person","A50 Robbery","A51 Aggravated robbery",2763,39.74989933
2024,"March","A Crimes against the person","A50 Robbery","A52 Non-aggravated robbery",417,5.999170474
2024,"March","A Crimes against the person","A60 Blackmail and extortion","A61 Blackmail",473,6.804814471
2024,"March","A Crimes against the person","A60 Blackmail and extortion","A62 Extortion",103,1.481809494
2024,"March","A Crimes against the person","A70 Stalking, harassment and threatening behaviour","A711 FV Stalking",1598,22.989626902
2024,"March","A Crimes against the person","A70 Stalking, harassment and threatening behaviour","A712 Non-FV Stalking",1034,14.875640937
2024,"March","A Crimes against the person","A70 Stalking, harassment and threatening behaviour","A721 FV Harassment and private nuisance",2132,30.672017869
2024,"March","A Crimes against the person","A70 Stalking, harassment and threatening behaviour","A722 Non-FV Harassment and private nuisance",1185,17.048002427
2024,"March","A Crimes against the person","A70 Stalking, harassment and threatening behaviour","A731 FV Threatening behaviour",3858,55.503116763
2024,"March","A Crimes against the person","A70 Stalking, harassment and threatening behaviour","A732 Non-FV Threatening behaviour",3009,43.288978315
2024,"March","A Crimes against the person","A80 Dangerous and negligent acts endangering people","A81 Dangerous driving",1504,21.637295908
2024,"March","A Crimes against the person","A80 Dangerous and negligent acts endangering people","A82 Neglect or ill treatment of people",28,0.402821998
2024,"March","A Crimes against the person","A80 Dangerous and negligent acts endangering people","A83 Throw or discharge object endangering people",1442,20.745332912
2024,"March","A Crimes against the person","A80 Dangerous and negligent acts endangering people","A89 Other dangerous or negligent acts endangering people",3050,43.878824813
2024,"March","B Property and deception offences","B10 Arson","B11 Cause damage by fire",2180,31.362569866
2024,"March","B Property and deception offences","B10 Arson","B12 Cause a bushfire",45,0.647392497
2024,"March","B Property and deception offences","B10 Arson","B19 Other fire related offences",459,6.603403472
2024,"March","B Property and deception offences","B20 Property damage","B21 Criminal damage",38660,556.182087628
2024,"March","B Property and deception offences","B20 Property damage","B22 Graffiti",3768,54.208331769
2024,"March","B Property and deception offences","B20 Property damage","B29 Other property damage offences",508,7.308341969
2024,"March","B Property and deception offences","B30 Burglary/Break and enter","B311 Residential aggravated burglary",6035,86.82252713
2024,"March","B Property and deception offences","B30 Burglary/Break and enter","B312 Non-residential aggravated burglary",219,3.150643487
2024,"March","B Property and deception offences","B30 Burglary/Break and enter","B319 Unknown aggravated burglary",13,0.187024499
2024,"March","B Property and deception offences","B30 Burglary/Break and enter","B321 Residential non-aggravated burglary",19875,285.931686281
2024,"March","B Property and deception offences","B30 Burglary/Break and enter","B322 Non-residential non-aggravated burglary",13649,196.361337663
2024,"March","B Property and deception offences","B30 Burglary/Break and enter","B329 Unknown non-aggravated burglary",63,0.906349496
2024,"March","B Property and deception offences","B40 Theft","B41 Motor vehicle theft",21440,308.446558684
2024,"March","B Property and deception offences","B40 Theft","B42 Steal from a motor vehicle",59162,851.13410937
2024,"March","B Property and deception offences","B40 Theft","B43 Steal from a retail store",29788,428.545060172
2024,"March","B Property and deception offences","B40 Theft","B44 Theft of a bicycle",7945,114.300742013
2024,"March","B Property and deception offences","B40 Theft","B45 Receiving or handling stolen goods",15017,216.042069579
2024,"March","B Property and deception offences","B40 Theft","B46 Fare evasion",43,0.618619497
2024,"March","B Property and deception offences","B40 Theft","B49 Other theft",48242,694.03353004
2024,"March","B Property and deception offences","B50 Deception","B51 Forgery and counterfeiting",2908,41.835941822
2024,"March","B Property and deception offences","B50 Deception","B52 Possess equipment to make false instrument",15,0.215797499
2024,"March","B Property and deception offences","B50 Deception","B53 Obtain benefit by deception",27920,401.671078287
2024,"March","B Property and deception offences","B50 Deception","B54 State false information",689,9.912298458
2024,"March","B Property and deception offences","B50 Deception","B55 Deceptive business practices",19,0.273343499
2024,"March","B Property and deception offences","B50 Deception","B56 Professional malpractice and misrepresentation",99,1.424263494
2024,"March","B Property and deception offences","B50 Deception","B59 Other deception offences",493,7.09254447
2024,"March","B Property and deception offences","B60 Bribery","B61 Bribery of officials",9,0.129478499
2024,"March","C Drug offences","C10 Drug dealing and trafficking","C11 Drug dealing",70,1.007054996
2024,"March","C Drug offences","C10 Drug dealing and trafficking","C12 Drug trafficking",3841,55.258546264
2024,"March","C Drug offences","C20 Cultivate or manufacture drugs","C21 Cultivate drugs",763,10.976899453
2024,"March","C Drug offences","C20 Cultivate or manufacture drugs","C22 Manufacture drugs",2,0.028773
2024,"March","C Drug offences","C20 Cultivate or manufacture drugs","C23 Possess drug manufacturing equipment or precursor",1423,20.471989413
2024,"March","C Drug offences","C30 Drug use and possession","C31 Drug use",156,2.24429399
2024,"March","C Drug offences","C30 Drug use and possession","C32 Drug possession",24091,346.585170022
2024,"March","C Drug offences","C90 Other drug offences","C99 Other drug offences",265,3.812422484
2024,"March","D Public order and security offences","D10 Weapons and explosives offences","D11 Firearms offences",5460,78.550289665
2024,"March","D Public order and security offences","D10 Weapons and explosives offences","D12 Prohibited and controlled weapons offences",9683,139.304478906
2024,"March","D Public order and security offences","D10 Weapons and explosives offences","D13 Explosives offences",261,3.754876484
2024,"March","D Public order and security offences","D20 Disorderly and offensive conduct","D21 Riot and affray",2204,31.707845865
2024,"March","D Public order and security offences","D20 Disorderly and offensive conduct","D22 Drunk and disorderly in public",1494,21.493430908
2024,"March","D Public order and security offences","D20 Disorderly and offensive conduct","D23 Offensive conduct",2154,30.988520868
2024,"March","D Public order and security offences","D20 Disorderly and offensive conduct","D24 Offensive language",355,5.107207478
2024,"March","D Public order and security offences","D20 Disorderly and offensive conduct","D25 Criminal intent",1342,19.306682918
2024,"March","D Public order and security offences","D20 Disorderly and offensive conduct","D26 Disorderly conduct",313,4.502974481
2024,"March","D Public order and security offences","D30 Public nuisance offences","D31 Privacy offences",176,2.532023989
2024,"March","D Public order and security offences","D30 Public nuisance offences","D32 Hoaxes",313,4.502974481
2024,"March","D Public order and security offences","D30 Public nuisance offences","D33 Begging",16,0.230183999
2024,"March","D Public order and security offences","D30 Public nuisance offences","D34 Defamation and libel",2,0.028773
2024,"March","D Public order and security offences","D30 Public nuisance offences","D35 Improper movement on public or private space",3764,54.150785769
2024,"March","D Public order and security offences","D30 Public nuisance offences","D36 Other public nuisance offences",14,0.201410999
2024,"March","D Public order and security offences","D40 Public security offences","D41 Immigration offences",1,0.0143865
2024,"March","D Public order and security offences","D40 Public security offences","D43 Hacking",167,2.40254549
2024,"March","D Public order and security offences","D40 Public security offences","D44 Terrorism offences",1,0.0143865
2024,"March","D Public order and security offences","D40 Public security offences","D49 Other public security offences",4,0.057546
2024,"March","E Justice procedures offences","E10 Justice procedures","E11 Escape custody",97,1.395490494
2024,"March","E Justice procedures offences","E10 Justice procedures","E12 Fail to appear",4,0.057546
2024,"March","E Justice procedures offences","E10 Justice procedures","E13 Resist or hinder officer",9098,130.888376442
2024,"March","E Justice procedures offences","E10 Justice procedures","E14 Pervert the course of justice or commit perjury",551,7.926961466
2024,"March","E Justice procedures offences","E10 Justice procedures","E15 Prison regulation offences",503,7.236409469
2024,"March","E Justice procedures offences","E10 Justice procedures","E19 Other justice procedures offences",2217,31.894870364
2024,"March","E Justice procedures offences","E20 Breaches of orders","E21 Breach family violence order",53908,775.547438692
2024,"March","E Justice procedures offences","E20 Breaches of orders","E22 Breach intervention order",4880,70.206119701
2024,"March","E Justice procedures offences","E20 Breaches of orders","E23 Breach bail conditions",16891,243.002370464
2024,"March","E Justice procedures offences","E20 Breaches of orders","E29 Breach of other orders",1806,25.982018889
2024,"March","F Other offences","F10 Regulatory driving offences","F11 Drink driving",6,0.086319
2024,"March","F Other offences","F10 Regulatory driving offences","F12 Drug driving",1,0.0143865
2024,"March","F Other offences","F10 Regulatory driving offences","F15 Licensing offences",2,0.028773
2024,"March","F Other offences","F10 Regulatory driving offences","F19 Other regulatory driving offences",18,0.258956999
2024,"March","F Other offences","F20 Transport regulation offences","F21 Public transport",139,1.999723491
2024,"March","F Other offences","F20 Transport regulation offences","F22 Aviation regulations offences",13,0.187024499
2024,"March","F Other offences","F20 Transport regulation offences","F23 Maritime regulations offences",185,2.661502489
2024,"March","F Other offences","F20 Transport regulation offences","F24 Pedestrian offences",9,0.129478499
2024,"March","F Other offences","F20 Transport regulation offences","F29 Other transport regulation offences",503,7.236409469
2024,"March","F Other offences","F30 Other government regulatory offences","F31 Betting and gaming offences",51,0.733711497
2024,"March","F Other offences","F30 Other government regulatory offences","F32 Commercial regulation offences",34,0.489140998
2024,"March","F Other offences","F30 Other government regulatory offences","F33 Liquor and tobacco licensing offences",244,3.510305985
2024,"March","F Other offences","F30 Other government regulatory offences","F34 Pornography and censorship offences",1,0.0143865
2024,"March","F Other offences","F30 Other government regulatory offences","F36 Prostitution offences",10,0.143864999
2024,"March","F Other offences","F30 Other government regulatory offences","F39 Other government regulatory offences",74,1.064600995
2024,"March","F Other offences","F90 Miscellaneous offences","F91 Environmental offences",112,1.611287993
2024,"March","F Other offences","F90 Miscellaneous offences","F92 Public health and safety offences",43,0.618619497
2024,"March","F Other offences","F90 Miscellaneous offences","F93 Cruelty to animals",169,2.43131849
2024,"March","F Other offences","F90 Miscellaneous offences","F94 Dangerous substance offences",84,1.208465995
2024,"March","F Other offences","F90 Miscellaneous offences","F99 Other miscellaneous offences",37,0.532300498
2023,"March","A Crimes against the person","A10 Homicide and related offences","A11 Murder",55,0.809160402
2023,"March","A Crimes against the person","A10 Homicide and related offences","A12 Attempted murder",24,0.353088175
2023,"March","A Crimes against the person","A10 Homicide and related offences","A14 Manslaughter & A13  Accessory/ conspiracy to murder",23,0.338376168
2023,"March","A Crimes against the person","A10 Homicide and related offences","A15 Driving causing death",96,1.412352702
2023,"March","A Crimes against the person","A20 Assault and related offences","A211 FV Serious assault",6798,100.012225678
2023,"March","A Crimes against the person","A20 Assault and related offences","A212 Non-FV Serious assault",8001,117.710770469
2023,"March","A Crimes against the person","A20 Assault and related offences","A22 Assault police, emergency services or other authorised officer",2974,43.753509733
2023,"March","A Crimes against the person","A20 Assault and related offences","A231 FV Common assault",16441,241.880112147
2023,"March","A Crimes against the person","A20 Assault and related offences","A232 Non-FV Common assault",12954,190.579342665
2023,"March","A Crimes against the person","A30 Sexual offences","A31 Rape",4405,64.806392191
2023,"March","A Crimes against the person","A30 Sexual offences","A32 Indecent assault",5968,87.801259613
2023,"March","A Crimes against the person","A30 Sexual offences","A33 Incest",461,6.782235369
2023,"March","A Crimes against the person","A30 Sexual offences","A34 Sexual offences against children",2291,33.705208742
2023,"March","A Crimes against the person","A30 Sexual offences","A39 Other sexual offences",977,14.37363114
2023,"March","A Crimes against the person","A40 Abduction and related offences","A41 Abduction",189,2.780569381
2023,"March","A Crimes against the person","A40 Abduction and related offences","A42 False imprisonment",476,7.002915478
2023,"March","A Crimes against the person","A40 Abduction and related offences","A43 Slavery and sexual servitude offences",8,0.117696058
2023,"March","A Crimes against the person","A50 Robbery","A51 Aggravated robbery",2269,33.381544581
2023,"March","A Crimes against the person","A50 Robbery","A52 Non-aggravated robbery",338,4.97265847
2023,"March","A Crimes against the person","A60 Blackmail and extortion","A61 Blackmail",629,9.253852597
2023,"March","A Crimes against the person","A60 Blackmail and extortion","A62 Extortion",89,1.30936865
2023,"March","A Crimes against the person","A70 Stalking, harassment and threatening behaviour","A711 FV Stalking",1599,23.524499685
2023,"March","A Crimes against the person","A70 Stalking, harassment and threatening behaviour","A712 Non-FV Stalking",1092,16.06551198
2023,"March","A Crimes against the person","A70 Stalking, harassment and threatening behaviour","A721 FV Harassment and private nuisance",2323,34.175992976
2023,"March","A Crimes against the person","A70 Stalking, harassment and threatening behaviour","A722 Non-FV Harassment and private nuisance",1094,16.094935995
2023,"March","A Crimes against the person","A70 Stalking, harassment and threatening behaviour","A731 FV Threatening behaviour",3828,56.317563974
2023,"March","A Crimes against the person","A70 Stalking, harassment and threatening behaviour","A732 Non-FV Threatening behaviour",3090,45.460102581
2023,"March","A Crimes against the person","A80 Dangerous and negligent acts endangering people","A81 Dangerous driving",1664,24.48078016
2023,"March","A Crimes against the person","A80 Dangerous and negligent acts endangering people","A82 Neglect or ill treatment of people",32,0.470784234
2023,"March","A Crimes against the person","A80 Dangerous and negligent acts endangering people","A83 Throw or discharge object endangering people",1353,19.905345887
2023,"March","A Crimes against the person","A80 Dangerous and negligent acts endangering people","A89 Other dangerous or negligent acts endangering people",3298,48.520200101
2023,"March","B Property and deception offences","B10 Arson","B11 Cause damage by fire",1798,26.452189139
2023,"March","B Property and deception offences","B10 Arson","B12 Cause a bushfire",25,0.367800183
2023,"March","B Property and deception offences","B10 Arson","B19 Other fire related offences",298,4.384178178
2023,"March","B Property and deception offences","B20 Property damage","B21 Criminal damage",35601,523.762172163
2023,"March","B Property and deception offences","B20 Property damage","B22 Graffiti",3377,49.682448678
2023,"March","B Property and deception offences","B20 Property damage","B29 Other property damage offences",530,7.797363873
2023,"March","B Property and deception offences","B30 Burglary/Break and enter","B311 Residential aggravated burglary",5090,74.884117196
2023,"March","B Property and deception offences","B30 Burglary/Break and enter","B312 Non-residential aggravated burglary",141,2.07439303
2023,"March","B Property and deception offences","B30 Burglary/Break and enter","B319 Unknown aggravated burglary",13,0.191256095
2023,"March","B Property and deception offences","B30 Burglary/Break and enter","B321 Residential non-aggravated burglary",18169,267.302460774
2023,"March","B Property and deception offences","B30 Burglary/Break and enter","B322 Non-residential non-aggravated burglary",11460,168.599603747
2023,"March","B Property and deception offences","B30 Burglary/Break and enter","B329 Unknown non-aggravated burglary",76,1.118112555
2023,"March","B Property and deception offences","B40 Theft","B41 Motor vehicle theft",17499,257.445415878
2023,"March","B Property and deception offences","B40 Theft","B42 Steal from a motor vehicle",49877,733.790788489
2023,"March","B Property and deception offences","B40 Theft","B43 Steal from a retail store",22118,325.400177633
2023,"March","B Property and deception offences","B40 Theft","B44 Theft of a bicycle",6868,101.04206619
2023,"March","B Property and deception offences","B40 Theft","B45 Receiving or handling stolen goods",15229,224.04915929
2023,"March","B Property and deception offences","B40 Theft","B46 Fare evasion",30,0.441360219
2023,"March","B Property and deception offences","B40 Theft","B49 Other theft",43686,642.708751246
2023,"March","B Property and deception offences","B50 Deception","B51 Forgery and counterfeiting",2552,37.545042649
2023,"March","B Property and deception offences","B50 Deception","B52 Possess equipment to make false instrument",11,0.16183208
2023,"March","B Property and deception offences","B50 Deception","B53 Obtain benefit by deception",25407,373.787969668
2023,"March","B Property and deception offences","B50 Deception","B54 State false information",729,10.725053327
2023,"March","B Property and deception offences","B50 Deception","B55 Deceptive business practices",10,0.147120073
2023,"March","B Property and deception offences","B50 Deception","B56 Professional malpractice and misrepresentation",81,1.191672592
2023,"March","B Property and deception offences","B50 Deception","B59 Other deception offences",586,8.621236282
2023,"March","B Property and deception offences","B60 Bribery","B61 Bribery of officials",2,0.029424015
2023,"March","C Drug offences","C10 Drug dealing and trafficking","C11 Drug dealing",53,0.779736387
2023,"March","C Drug offences","C10 Drug dealing and trafficking","C12 Drug trafficking",4031,59.304101458
2023,"March","C Drug offences","C20 Cultivate or manufacture drugs","C21 Cultivate drugs",887,13.049550482
2023,"March","C Drug offences","C20 Cultivate or manufacture drugs","C22 Manufacture drugs",2,0.029424015
2023,"March","C Drug offences","C20 Cultivate or manufacture drugs","C23 Possess drug manufacturing equipment or precursor",1081,15.9036799
2023,"March","C Drug offences","C30 Drug use and possession","C31 Drug use",205,3.015961498
2023,"March","C Drug offences","C30 Drug use and possession","C32 Drug possession",24753,364.166316889
2023,"March","C Drug offences","C90 Other drug offences","C99 Other drug offences",285,4.192922083
2023,"March","D Public order and security offences","D10 Weapons and explosives offences","D11 Firearms offences",5299,77.958926724
2023,"March","D Public order and security offences","D10 Weapons and explosives offences","D12 Prohibited and controlled weapons offences",10005,147.193633114
2023,"March","D Public order and security offences","D10 Weapons and explosives offences","D13 Explosives offences",387,5.693546828
2023,"March","D Public order and security offences","D20 Disorderly and offensive conduct","D21 Riot and affray",2239,32.940184362
2023,"March","D Public order and security offences","D20 Disorderly and offensive conduct","D22 Drunk and disorderly in public",3093,45.504238603
2023,"March","D Public order and security offences","D20 Disorderly and offensive conduct","D23 Offensive conduct",2193,32.263432026
2023,"March","D Public order and security offences","D20 Disorderly and offensive conduct","D24 Offensive language",390,5.73768285
2023,"March","D Public order and security offences","D20 Disorderly and offensive conduct","D25 Criminal intent",1376,20.243722055
2023,"March","D Public order and security offences","D20 Disorderly and offensive conduct","D26 Disorderly conduct",381,5.605274784
2023,"March","D Public order and security offences","D30 Public nuisance offences","D31 Privacy offences",173,2.545177264
2023,"March","D Public order and security offences","D30 Public nuisance offences","D32 Hoaxes",203,2.986537483
2023,"March","D Public order and security offences","D30 Public nuisance offences","D33 Begging",30,0.441360219
2023,"March","D Public order and security offences","D30 Public nuisance offences","D34 Defamation and libel",40,0.588480292
2023,"March","D Public order and security offences","D30 Public nuisance offences","D35 Improper movement on public or private space",3455,50.829985248
2023,"March","D Public order and security offences","D30 Public nuisance offences","D36 Other public nuisance offences",15,0.22068011
2023,"March","D Public order and security offences","D40 Public security offences","D41 Immigration offences",9,0.132408066
2023,"March","D Public order and security offences","D40 Public security offences","D43 Hacking",625,9.195004567
2023,"March","D Public order and security offences","D40 Public security offences","D44 Terrorism offences",2,0.029424015
2023,"March","D Public order and security offences","D40 Public security offences","D49 Other public security offences",1,0.014712007
2023,"March","E Justice procedures offences","E10 Justice procedures","E11 Escape custody",102,1.500624745
2023,"March","E Justice procedures offences","E10 Justice procedures","E12 Fail to appear",2,0.029424015
2023,"March","E Justice procedures offences","E10 Justice procedures","E13 Resist or hinder officer",8821,129.774616462
2023,"March","E Justice procedures offences","E10 Justice procedures","E14 Pervert the course of justice or commit perjury",588,8.650660297
2023,"March","E Justice procedures offences","E10 Justice procedures","E15 Prison regulation offences",509,7.48841172
2023,"March","E Justice procedures offences","E10 Justice procedures","E19 Other justice procedures offences",1988,29.247470528
2023,"March","E Justice procedures offences","E20 Breaches of orders","E21 Breach family violence order",53746,790.711544762
2023,"March","E Justice procedures offences","E20 Breaches of orders","E22 Breach intervention order",4413,64.924088249
2023,"March","E Justice procedures offences","E20 Breaches of orders","E23 Breach bail conditions",16023,235.730493092
2023,"March","E Justice procedures offences","E20 Breaches of orders","E29 Breach of other orders",1487,21.876754867
2023,"March","F Other offences","F10 Regulatory driving offences","F11 Drink driving",1,0.014712007
2023,"March","F Other offences","F10 Regulatory driving offences","F19 Other regulatory driving offences",10,0.147120073
2023,"March","F Other offences","F20 Transport regulation offences","F21 Public transport",188,2.765857374
2023,"March","F Other offences","F20 Transport regulation offences","F22 Aviation regulations offences",15,0.22068011
2023,"March","F Other offences","F20 Transport regulation offences","F23 Maritime regulations offences",134,1.971408979
2023,"March","F Other offences","F20 Transport regulation offences","F24 Pedestrian offences",5,0.073560037
2023,"March","F Other offences","F20 Transport regulation offences","F29 Other transport regulation offences",97,1.427064709
2023,"March","F Other offences","F30 Other government regulatory offences","F31 Betting and gaming offences",24,0.353088175
2023,"March","F Other offences","F30 Other government regulatory offences","F32 Commercial regulation offences",11,0.16183208
2023,"March","F Other offences","F30 Other government regulatory offences","F33 Liquor and tobacco licensing offences",128,1.883136935
2023,"March","F Other offences","F30 Other government regulatory offences","F34 Pornography and censorship offences",4,0.058848029
2023,"March","F Other offences","F30 Other government regulatory offences","F36 Prostitution offences",23,0.338376168
2023,"March","F Other offences","F30 Other government regulatory offences","F39 Other government regulatory offences",64,0.941568468
2023,"March","F Other offences","F90 Miscellaneous offences","F91 Environmental offences",101,1.485912738
2023,"March","F Other offences","F90 Miscellaneous offences","F92 Public health and safety offences",255,3.751561863
2023,"March","F Other offences","F90 Miscellaneous offences","F93 Cruelty to animals",158,2.324497155
2023,"March","F Other offences","F90 Miscellaneous offences","F94 Dangerous substance offences",12,0.176544088
2023,"March","F Other offences","F90 Miscellaneous offences","F99 Other miscellaneous offences",55,0.809160402
2022,"March","A Crimes against the person","A10 Homicide and related offences","A11 Murder",49,0.740714763
2022,"March","A Crimes against the person","A10 Homicide and related offences","A12 Attempted murder",20,0.302332556
2022,"March","A Crimes against the person","A10 Homicide and related offences","A14 Manslaughter & A13  Accessory/ conspiracy to murder",28,0.423265579
2022,"March","A Crimes against the person","A10 Homicide and related offences","A15 Driving causing death",83,1.254680108
2022,"March","A Crimes against the person","A20 Assault and related offences","A211 FV Serious assault",6966,105.302429303
2022,"March","A Crimes against the person","A20 Assault and related offences","A212 Non-FV Serious assault",7693,116.292217718
2022,"March","A Crimes against the person","A20 Assault and related offences","A22 Assault police, emergency services or other authorised officer",3078,46.52898039
2022,"March","A Crimes against the person","A20 Assault and related offences","A231 FV Common assault",15795,238.767136209
2022,"March","A Crimes against the person","A20 Assault and related offences","A232 Non-FV Common assault",11393,172.223740604
2022,"March","A Crimes against the person","A30 Sexual offences","A31 Rape",4443,67.163177346
2022,"March","A Crimes against the person","A30 Sexual offences","A32 Indecent assault",5909,89.324153711
2022,"March","A Crimes against the person","A30 Sexual offences","A33 Incest",450,6.802482513
2022,"March","A Crimes against the person","A30 Sexual offences","A34 Sexual offences against children",2634,39.817197643
2022,"March","A Crimes against the person","A30 Sexual offences","A39 Other sexual offences",864,13.060766425
2022,"March","A Crimes against the person","A40 Abduction and related offences","A41 Abduction",185,2.796576144
2022,"March","A Crimes against the person","A40 Abduction and related offences","A42 False imprisonment",545,8.238562155
2022,"March","A Crimes against the person","A40 Abduction and related offences","A43 Slavery and sexual servitude offences",4,0.060466511
2022,"March","A Crimes against the person","A50 Robbery","A51 Aggravated robbery",2095,31.669335255
2022,"March","A Crimes against the person","A50 Robbery","A52 Non-aggravated robbery",294,4.444288575
2022,"March","A Crimes against the person","A60 Blackmail and extortion","A61 Blackmail",191,2.887275911
2022,"March","A Crimes against the person","A60 Blackmail and extortion","A62 Extortion",93,1.405846386
2022,"March","A Crimes against the person","A70 Stalking, harassment and threatening behaviour","A711 FV Stalking",1584,23.944738446
2022,"March","A Crimes against the person","A70 Stalking, harassment and threatening behaviour","A712 Non-FV Stalking",1090,16.477124309
2022,"March","A Crimes against the person","A70 Stalking, harassment and threatening behaviour","A721 FV Harassment and private nuisance",2261,34.178695471
2022,"March","A Crimes against the person","A70 Stalking, harassment and threatening behaviour","A722 Non-FV Harassment and private nuisance",1190,17.98878709
2022,"March","A Crimes against the person","A70 Stalking, harassment and threatening behaviour","A731 FV Threatening behaviour",4155,62.809588537
2022,"March","A Crimes against the person","A70 Stalking, harassment and threatening behaviour","A732 Non-FV Threatening behaviour",3137,47.42086143
2022,"March","A Crimes against the person","A80 Dangerous and negligent acts endangering people","A81 Dangerous driving",1430,21.616777764
2022,"March","A Crimes against the person","A80 Dangerous and negligent acts endangering people","A82 Neglect or ill treatment of people",38,0.574431857
2022,"March","A Crimes against the person","A80 Dangerous and negligent acts endangering people","A83 Throw or discharge object endangering people",1275,19.273700454
2022,"March","A Crimes against the person","A80 Dangerous and negligent acts endangering people","A89 Other dangerous or negligent acts endangering people",3339,50.474420247
2022,"March","B Property and deception offences","B10 Arson","B11 Cause damage by fire",1754,26.514565173
2022,"March","B Property and deception offences","B10 Arson","B12 Cause a bushfire",67,1.012814063
2022,"March","B Property and deception offences","B10 Arson","B19 Other fire related offences",306,4.625688109
2022,"March","B Property and deception offences","B20 Property damage","B21 Criminal damage",34484,521.281793292
2022,"March","B Property and deception offences","B20 Property damage","B22 Graffiti",3164,47.829010381
2022,"March","B Property and deception offences","B20 Property damage","B29 Other property damage offences",432,6.530383213
2022,"March","B Property and deception offences","B30 Burglary/Break and enter","B311 Residential aggravated burglary",3921,59.272297631
2022,"March","B Property and deception offences","B30 Burglary/Break and enter","B312 Non-residential aggravated burglary",119,1.798878709
2022,"March","B Property and deception offences","B30 Burglary/Break and enter","B319 Unknown aggravated burglary",6,0.090699767
2022,"March","B Property and deception offences","B30 Burglary/Break and enter","B321 Residential non-aggravated burglary",16465,248.89527684
2022,"March","B Property and deception offences","B30 Burglary/Break and enter","B322 Non-residential non-aggravated burglary",9464,143.063765564
2022,"March","B Property and deception offences","B30 Burglary/Break and enter","B329 Unknown non-aggravated burglary",76,1.148863713
2022,"March","B Property and deception offences","B40 Theft","B41 Motor vehicle theft",14850,224.481922932
2022,"March","B Property and deception offences","B40 Theft","B42 Steal from a motor vehicle",47126,712.386202026
2022,"March","B Property and deception offences","B40 Theft","B43 Steal from a retail store",18484,279.415748382
2022,"March","B Property and deception offences","B40 Theft","B44 Theft of a bicycle",7041,106.436176388
2022,"March","B Property and deception offences","B40 Theft","B45 Receiving or handling stolen goods",14566,220.188800635
2022,"March","B Property and deception offences","B40 Theft","B46 Fare evasion",23,0.34768244
2022,"March","B Property and deception offences","B40 Theft","B49 Other theft",37393,565.256063582
2022,"March","B Property and deception offences","B50 Deception","B51 Forgery and counterfeiting",2799,42.311441231
2022,"March","B Property and deception offences","B50 Deception","B52 Possess equipment to make false instrument",11,0.166282906
2022,"March","B Property and deception offences","B50 Deception","B53 Obtain benefit by deception",23218,350.97786442
2022,"March","B Property and deception offences","B50 Deception","B54 State false information",711,10.747922371
2022,"March","B Property and deception offences","B50 Deception","B55 Deceptive business practices",13,0.196516161
2022,"March","B Property and deception offences","B50 Deception","B56 Professional malpractice and misrepresentation",127,1.919811731
2022,"March","B Property and deception offences","B50 Deception","B59 Other deception offences",1215,18.366702785
2022,"March","B Property and deception offences","B60 Bribery","B61 Bribery of officials",6,0.090699767
2022,"March","C Drug offences","C10 Drug dealing and trafficking","C11 Drug dealing",63,0.952347552
2022,"March","C Drug offences","C10 Drug dealing and trafficking","C12 Drug trafficking",3768,56.959453576
2022,"March","C Drug offences","C20 Cultivate or manufacture drugs","C21 Cultivate drugs",1031,15.585243269
2022,"March","C Drug offences","C20 Cultivate or manufacture drugs","C23 Possess drug manufacturing equipment or precursor",822,12.425868057
2022,"March","C Drug offences","C30 Drug use and possession","C31 Drug use",278,4.20242253
2022,"March","C Drug offences","C30 Drug use and possession","C32 Drug possession",23732,358.747811112
2022,"March","C Drug offences","C90 Other drug offences","C99 Other drug offences",155,2.34307731
2022,"March","D Public order and security offences","D10 Weapons and explosives offences","D11 Firearms offences",5481,82.854237009
2022,"March","D Public order and security offences","D10 Weapons and explosives offences","D12 Prohibited and controlled weapons offences",9139,138.150861527
2022,"March","D Public order and security offences","D10 Weapons and explosives offences","D13 Explosives offences",289,4.368705436
2022,"March","D Public order and security offences","D20 Disorderly and offensive conduct","D21 Riot and affray",2100,31.744918394
2022,"March","D Public order and security offences","D20 Disorderly and offensive conduct","D22 Drunk and disorderly in public",3112,47.042945735
2022,"March","D Public order and security offences","D20 Disorderly and offensive conduct","D23 Offensive conduct",2228,33.679846754
2022,"March","D Public order and security offences","D20 Disorderly and offensive conduct","D24 Offensive language",444,6.711782746
2022,"March","D Public order and security offences","D20 Disorderly and offensive conduct","D25 Criminal intent",1083,16.371307915
2022,"March","D Public order and security offences","D20 Disorderly and offensive conduct","D26 Disorderly conduct",231,3.491941023
2022,"March","D Public order and security offences","D30 Public nuisance offences","D31 Privacy offences",558,8.435078316
2022,"March","D Public order and security offences","D30 Public nuisance offences","D32 Hoaxes",250,3.779156952
2022,"March","D Public order and security offences","D30 Public nuisance offences","D33 Begging",17,0.256982673
2022,"March","D Public order and security offences","D30 Public nuisance offences","D34 Defamation and libel",1,0.015116628
2022,"March","D Public order and security offences","D30 Public nuisance offences","D35 Improper movement on public or private space",3078,46.52898039
2022,"March","D Public order and security offences","D30 Public nuisance offences","D36 Other public nuisance offences",59,0.891881041
2022,"March","D Public order and security offences","D40 Public security offences","D41 Immigration offences",1,0.015116628
2022,"March","D Public order and security offences","D40 Public security offences","D43 Hacking",58,0.876764413
2022,"March","D Public order and security offences","D40 Public security offences","D44 Terrorism offences",8,0.120933022
2022,"March","E Justice procedures offences","E10 Justice procedures","E11 Escape custody",98,1.481429525
2022,"March","E Justice procedures offences","E10 Justice procedures","E12 Fail to appear",1,0.015116628
2022,"March","E Justice procedures offences","E10 Justice procedures","E13 Resist or hinder officer",8871,134.099605275
2022,"March","E Justice procedures offences","E10 Justice procedures","E14 Pervert the course of justice or commit perjury",632,9.553708774
2022,"March","E Justice procedures offences","E10 Justice procedures","E15 Prison regulation offences",567,8.571127966
2022,"March","E Justice procedures offences","E10 Justice procedures","E19 Other justice procedures offences",1964,29.689057013
2022,"March","E Justice procedures offences","E20 Breaches of orders","E21 Breach family violence order",51171,773.532961505
2022,"March","E Justice procedures offences","E20 Breaches of orders","E22 Breach intervention order",4364,65.968963749
2022,"March","E Justice procedures offences","E20 Breaches of orders","E23 Breach bail conditions",11324,171.180693285
2022,"March","E Justice procedures offences","E20 Breaches of orders","E29 Breach of other orders",1217,18.396936041
2022,"March","F Other offences","F10 Regulatory driving offences","F19 Other regulatory driving offences",19,0.287215928
2022,"March","F Other offences","F20 Transport regulation offences","F21 Public transport",95,1.436079642
2022,"March","F Other offences","F20 Transport regulation offences","F22 Aviation regulations offences",24,0.362799067
2022,"March","F Other offences","F20 Transport regulation offences","F23 Maritime regulations offences",156,2.358193938
2022,"March","F Other offences","F20 Transport regulation offences","F24 Pedestrian offences",6,0.090699767
2022,"March","F Other offences","F20 Transport regulation offences","F29 Other transport regulation offences",44,0.665131624
2022,"March","F Other offences","F30 Other government regulatory offences","F31 Betting and gaming offences",19,0.287215928
2022,"March","F Other offences","F30 Other government regulatory offences","F32 Commercial regulation offences",36,0.544198601
2022,"March","F Other offences","F30 Other government regulatory offences","F33 Liquor and tobacco licensing offences",122,1.844228592
2022,"March","F Other offences","F30 Other government regulatory offences","F34 Pornography and censorship offences",2,0.030233256
2022,"March","F Other offences","F30 Other government regulatory offences","F36 Prostitution offences",151,2.282610799
2022,"March","F Other offences","F30 Other government regulatory offences","F39 Other government regulatory offences",81,1.224446852
2022,"March","F Other offences","F90 Miscellaneous offences","F91 Environmental offences",67,1.012814063
2022,"March","F Other offences","F90 Miscellaneous offences","F92 Public health and safety offences",10481,158.437376044
2022,"March","F Other offences","F90 Miscellaneous offences","F93 Cruelty to animals",176,2.660526494
2022,"March","F Other offences","F90 Miscellaneous offences","F94 Dangerous substance offences",29,0.438382206
2022,"March","F Other offences","F90 Miscellaneous offences","F99 Other miscellaneous offences",144,2.176794404
2021,"March","A Crimes against the person","A10 Homicide and related offences","A11 Murder",61,0.931607487
2021,"March","A Crimes against the person","A10 Homicide and related offences","A12 Attempted murder",18,0.27490057
2021,"March","A Crimes against the person","A10 Homicide and related offences","A14 Manslaughter & A13  Accessory/ conspiracy to murder",34,0.519256632
2021,"March","A Crimes against the person","A10 Homicide and related offences","A15 Driving causing death",83,1.267597073
2021,"March","A Crimes against the person","A20 Assault and related offences","A211 FV Serious assault",7545,115.229155588
2021,"March","A Crimes against the person","A20 Assault and related offences","A212 Non-FV Serious assault",7463,113.976830769
2021,"March","A Crimes against the person","A20 Assault and related offences","A22 Assault police, emergency services or other authorised officer",3513,53.65142791
2021,"March","A Crimes against the person","A20 Assault and related offences","A231 FV Common assault",16174,247.013434391
2021,"March","A Crimes against the person","A20 Assault and related offences","A232 Non-FV Common assault",10991,167.857342487
2021,"March","A Crimes against the person","A30 Sexual offences","A31 Rape",4462,68.14479685
2021,"March","A Crimes against the person","A30 Sexual offences","A32 Indecent assault",5594,85.432988252
2021,"March","A Crimes against the person","A30 Sexual offences","A33 Incest",501,7.651399198
2021,"March","A Crimes against the person","A30 Sexual offences","A34 Sexual offences against children",2761,42.166692986
2021,"March","A Crimes against the person","A30 Sexual offences","A39 Other sexual offences",829,12.660698473
2021,"March","A Crimes against the person","A40 Abduction and related offences","A41 Abduction",184,2.810094715
2021,"March","A Crimes against the person","A40 Abduction and related offences","A42 False imprisonment",591,9.025902048
2021,"March","A Crimes against the person","A50 Robbery","A51 Aggravated robbery",2276,34.75964985
2021,"March","A Crimes against the person","A50 Robbery","A52 Non-aggravated robbery",318,4.856576737
2021,"March","A Crimes against the person","A60 Blackmail and extortion","A61 Blackmail",157,2.39774386
2021,"March","A Crimes against the person","A60 Blackmail and extortion","A62 Extortion",87,1.328686088
2021,"March","A Crimes against the person","A70 Stalking, harassment and threatening behaviour","A711 FV Stalking",1565,23.901077335
2021,"March","A Crimes against the person","A70 Stalking, harassment and threatening behaviour","A712 Non-FV Stalking",1300,19.853930055
2021,"March","A Crimes against the person","A70 Stalking, harassment and threatening behaviour","A721 FV Harassment and private nuisance",2104,32.132822181
2021,"March","A Crimes against the person","A70 Stalking, harassment and threatening behaviour","A722 Non-FV Harassment and private nuisance",1333,20.357914433
2021,"March","A Crimes against the person","A70 Stalking, harassment and threatening behaviour","A731 FV Threatening behaviour",4358,66.556482446
2021,"March","A Crimes against the person","A70 Stalking, harassment and threatening behaviour","A732 Non-FV Threatening behaviour",3417,52.185291537
2021,"March","A Crimes against the person","A80 Dangerous and negligent acts endangering people","A81 Dangerous driving",1391,21.243705159
2021,"March","A Crimes against the person","A80 Dangerous and negligent acts endangering people","A82 Neglect or ill treatment of people",23,0.351261839
2021,"March","A Crimes against the person","A80 Dangerous and negligent acts endangering people","A83 Throw or discharge object endangering people",1201,18.34197692
2021,"March","A Crimes against the person","A80 Dangerous and negligent acts endangering people","A89 Other dangerous or negligent acts endangering people",3668,56.018627263
2021,"March","B Property and deception offences","B10 Arson","B11 Cause damage by fire",1737,26.527905004
2021,"March","B Property and deception offences","B10 Arson","B12 Cause a bushfire",98,1.496680881
2021,"March","B Property and deception offences","B10 Arson","B19 Other fire related offences",323,4.932938006
2021,"March","B Property and deception offences","B20 Property damage","B21 Criminal damage",34981,534.23871327
2021,"March","B Property and deception offences","B20 Property damage","B22 Graffiti",3072,46.916363945
2021,"March","B Property and deception offences","B20 Property damage","B29 Other property damage offences",475,7.254320597
2021,"March","B Property and deception offences","B30 Burglary/Break and enter","B311 Residential aggravated burglary",3660,55.896449232
2021,"March","B Property and deception offences","B30 Burglary/Break and enter","B312 Non-residential aggravated burglary",90,1.37450285
2021,"March","B Property and deception offences","B30 Burglary/Break and enter","B319 Unknown aggravated burglary",8,0.122178031
2021,"March","B Property and deception offences","B30 Burglary/Break and enter","B321 Residential non-aggravated burglary",17334,264.729248901
2021,"March","B Property and deception offences","B30 Burglary/Break and enter","B322 Non-residential non-aggravated burglary",9591,146.476187044
2021,"March","B Property and deception offences","B30 Burglary/Break and enter","B329 Unknown non-aggravated burglary",69,1.053785518
2021,"March","B Property and deception offences","B40 Theft","B41 Motor vehicle theft",15513,236.918474571
2021,"March","B Property and deception offences","B40 Theft","B42 Steal from a motor vehicle",48029,733.511082006
2021,"March","B Property and deception offences","B40 Theft","B43 Steal from a retail store",18146,277.130319059
2021,"March","B Property and deception offences","B40 Theft","B44 Theft of a bicycle",7138,109.013348255
2021,"March","B Property and deception offences","B40 Theft","B45 Receiving or handling stolen goods",17573,268.379317581
2021,"March","B Property and deception offences","B40 Theft","B46 Fare evasion",25,0.381806347
2021,"March","B Property and deception offences","B40 Theft","B49 Other theft",39318,600.474478384
2021,"March","B Property and deception offences","B50 Deception","B51 Forgery and counterfeiting",4289,65.502696927
2021,"March","B Property and deception offences","B50 Deception","B52 Possess equipment to make false instrument",81,1.237052565
2021,"March","B Property and deception offences","B50 Deception","B53 Obtain benefit by deception",29825,455.494972221
2021,"March","B Property and deception offences","B50 Deception","B54 State false information",998,15.241709381
2021,"March","B Property and deception offences","B50 Deception","B55 Deceptive business practices",11,0.167994793
2021,"March","B Property and deception offences","B50 Deception","B56 Professional malpractice and misrepresentation",79,1.206508057
2021,"March","B Property and deception offences","B50 Deception","B59 Other deception offences",587,8.964813032
2021,"March","B Property and deception offences","B60 Bribery","B61 Bribery of officials",5,0.076361269
2021,"March","C Drug offences","C10 Drug dealing and trafficking","C11 Drug dealing",134,2.046482021
2021,"March","C Drug offences","C10 Drug dealing and trafficking","C12 Drug trafficking",5447,83.18796693
2021,"March","C Drug offences","C20 Cultivate or manufacture drugs","C21 Cultivate drugs",1254,19.151406376
2021,"March","C Drug offences","C20 Cultivate or manufacture drugs","C22 Manufacture drugs",2,0.030544508
2021,"March","C Drug offences","C20 Cultivate or manufacture drugs","C23 Possess drug manufacturing equipment or precursor",935,14.279557386
2021,"March","C Drug offences","C30 Drug use and possession","C31 Drug use",539,8.231744846
2021,"March","C Drug offences","C30 Drug use and possession","C32 Drug possession",31572,482.175599764
2021,"March","C Drug offences","C90 Other drug offences","C99 Other drug offences",28,0.427623109
2021,"March","D Public order and security offences","D10 Weapons and explosives offences","D11 Firearms offences",5446,83.172694676
2021,"March","D Public order and security offences","D10 Weapons and explosives offences","D12 Prohibited and controlled weapons offences",10893,166.360661606
2021,"March","D Public order and security offences","D10 Weapons and explosives offences","D13 Explosives offences",309,4.719126452
2021,"March","D Public order and security offences","D20 Disorderly and offensive conduct","D21 Riot and affray",1933,29.521266766
2021,"March","D Public order and security offences","D20 Disorderly and offensive conduct","D22 Drunk and disorderly in public",3812,58.217831823
2021,"March","D Public order and security offences","D20 Disorderly and offensive conduct","D23 Offensive conduct",2364,36.103608192
2021,"March","D Public order and security offences","D20 Disorderly and offensive conduct","D24 Offensive language",641,9.789514742
2021,"March","D Public order and security offences","D20 Disorderly and offensive conduct","D25 Criminal intent",1580,24.130161144
2021,"March","D Public order and security offences","D20 Disorderly and offensive conduct","D26 Disorderly conduct",281,4.291503343
2021,"March","D Public order and security offences","D30 Public nuisance offences","D31 Privacy offences",190,2.901728239
2021,"March","D Public order and security offences","D30 Public nuisance offences","D32 Hoaxes",249,3.802791218
2021,"March","D Public order and security offences","D30 Public nuisance offences","D33 Begging",65,0.992696503
2021,"March","D Public order and security offences","D30 Public nuisance offences","D34 Defamation and libel",1,0.015272254
2021,"March","D Public order and security offences","D30 Public nuisance offences","D35 Improper movement on public or private space",3248,49.604280629
2021,"March","D Public order and security offences","D30 Public nuisance offences","D36 Other public nuisance offences",132,2.015937513
2021,"March","D Public order and security offences","D40 Public security offences","D41 Immigration offences",4,0.061089016
2021,"March","D Public order and security offences","D40 Public security offences","D43 Hacking",139,2.12284329
2021,"March","D Public order and security offences","D40 Public security offences","D44 Terrorism offences",8,0.122178031
2021,"March","D Public order and security offences","D40 Public security offences","D49 Other public security offences",4,0.061089016
2021,"March","E Justice procedures offences","E10 Justice procedures","E11 Escape custody",166,2.535194145
2021,"March","E Justice procedures offences","E10 Justice procedures","E12 Fail to appear",2,0.030544508
2021,"March","E Justice procedures offences","E10 Justice procedures","E13 Resist or hinder officer",9977,152.371277044
2021,"March","E Justice procedures offences","E10 Justice procedures","E14 Pervert the course of justice or commit perjury",780,11.912358033
2021,"March","E Justice procedures offences","E10 Justice procedures","E15 Prison regulation offences",741,11.316740131
2021,"March","E Justice procedures offences","E10 Justice procedures","E19 Other justice procedures offences",2019,30.834680601
2021,"March","E Justice procedures offences","E20 Breaches of orders","E21 Breach family violence order",54220,828.061605829
2021,"March","E Justice procedures offences","E20 Breaches of orders","E22 Breach intervention order",4416,67.442273171
2021,"March","E Justice procedures offences","E20 Breaches of orders","E23 Breach bail conditions",10742,164.054551269
2021,"March","E Justice procedures offences","E20 Breaches of orders","E29 Breach of other orders",1446,22.083679123
2021,"March","F Other offences","F10 Regulatory driving offences","F12 Drug driving",1,0.015272254
2021,"March","F Other offences","F10 Regulatory driving offences","F19 Other regulatory driving offences",11,0.167994793
2021,"March","F Other offences","F20 Transport regulation offences","F21 Public transport",86,1.313413834
2021,"March","F Other offences","F20 Transport regulation offences","F22 Aviation regulations offences",10,0.152722539
2021,"March","F Other offences","F20 Transport regulation offences","F23 Maritime regulations offences",133,2.031209767
2021,"March","F Other offences","F20 Transport regulation offences","F24 Pedestrian offences",6,0.091633523
2021,"March","F Other offences","F20 Transport regulation offences","F29 Other transport regulation offences",41,0.626162409
2021,"March","F Other offences","F30 Other government regulatory offences","F31 Betting and gaming offences",46,0.702523679
2021,"March","F Other offences","F30 Other government regulatory offences","F32 Commercial regulation offences",32,0.488712124
2021,"March","F Other offences","F30 Other government regulatory offences","F33 Liquor and tobacco licensing offences",135,2.061754275
2021,"March","F Other offences","F30 Other government regulatory offences","F34 Pornography and censorship offences",14,0.213811554
2021,"March","F Other offences","F30 Other government regulatory offences","F36 Prostitution offences",147,2.245021322
2021,"March","F Other offences","F30 Other government regulatory offences","F39 Other government regulatory offences",87,1.328686088
2021,"March","F Other offences","F90 Miscellaneous offences","F91 Environmental offences",61,0.931607487
2021,"March","F Other offences","F90 Miscellaneous offences","F92 Public health and safety offences",37651,575.015631152
2021,"March","F Other offences","F90 Miscellaneous offences","F93 Cruelty to animals",191,2.917000493
2021,"March","F Other offences","F90 Miscellaneous offences","F94 Dangerous substance offences",28,0.427623109
2021,"March","F Other offences","F90 Miscellaneous offences","F99 Other miscellaneous offences",38,0.580345648
2020,"March","A Crimes against the person","A10 Homicide and related offences","A11 Murder",57,0.861672013
2020,"March","A Crimes against the person","A10 Homicide and related offences","A12 Attempted murder",35,0.52909685
2020,"March","A Crimes against the person","A10 Homicide and related offences","A14 Manslaughter & A13  Accessory/ conspiracy to murder",20,0.302341057
2020,"March","A Crimes against the person","A10 Homicide and related offences","A15 Driving causing death",100,1.511705285
2020,"March","A Crimes against the person","A20 Assault and related offences","A211 FV Serious assault",7860,118.820035416
2020,"March","A Crimes against the person","A20 Assault and related offences","A212 Non-FV Serious assault",8038,121.510870824
2020,"March","A Crimes against the person","A20 Assault and related offences","A22 Assault police, emergency services or other authorised officer",2933,44.338316015
2020,"March","A Crimes against the person","A20 Assault and related offences","A231 FV Common assault",15380,232.500272863
2020,"March","A Crimes against the person","A20 Assault and related offences","A232 Non-FV Common assault",11454,173.150723366
2020,"March","A Crimes against the person","A30 Sexual offences","A31 Rape",4582,69.266336168
2020,"March","A Crimes against the person","A30 Sexual offences","A32 Indecent assault",6075,91.836096076
2020,"March","A Crimes against the person","A30 Sexual offences","A33 Incest",370,5.593309555
2020,"March","A Crimes against the person","A30 Sexual offences","A34 Sexual offences against children",2137,32.305141945
2020,"March","A Crimes against the person","A30 Sexual offences","A39 Other sexual offences",584,8.828358866
2020,"March","A Crimes against the person","A40 Abduction and related offences","A41 Abduction",174,2.630367196
2020,"March","A Crimes against the person","A40 Abduction and related offences","A42 False imprisonment",546,8.253910857
2020,"March","A Crimes against the person","A40 Abduction and related offences","A43 Slavery and sexual servitude offences",1,0.015117053
2020,"March","A Crimes against the person","A50 Robbery","A51 Aggravated robbery",3580,54.11904921
2020,"March","A Crimes against the person","A50 Robbery","A52 Non-aggravated robbery",528,7.981803906
2020,"March","A Crimes against the person","A60 Blackmail and extortion","A61 Blackmail",150,2.267557928
2020,"March","A Crimes against the person","A60 Blackmail and extortion","A62 Extortion",82,1.239598334
2020,"March","A Crimes against the person","A70 Stalking, harassment and threatening behaviour","A711 FV Stalking",1378,20.83129883
2020,"March","A Crimes against the person","A70 Stalking, harassment and threatening behaviour","A712 Non-FV Stalking",998,15.086818746
2020,"March","A Crimes against the person","A70 Stalking, harassment and threatening behaviour","A721 FV Harassment and private nuisance",1875,28.344474097
2020,"March","A Crimes against the person","A70 Stalking, harassment and threatening behaviour","A722 Non-FV Harassment and private nuisance",983,14.860062953
2020,"March","A Crimes against the person","A70 Stalking, harassment and threatening behaviour","A731 FV Threatening behaviour",4181,63.204397974
2020,"March","A Crimes against the person","A70 Stalking, harassment and threatening behaviour","A732 Non-FV Threatening behaviour",3037,45.910489511
2020,"March","A Crimes against the person","A80 Dangerous and negligent acts endangering people","A81 Dangerous driving",1143,17.27879141
2020,"March","A Crimes against the person","A80 Dangerous and negligent acts endangering people","A82 Neglect or ill treatment of people",43,0.650033273
2020,"March","A Crimes against the person","A80 Dangerous and negligent acts endangering people","A83 Throw or discharge object endangering people",1084,16.386885292
2020,"March","A Crimes against the person","A80 Dangerous and negligent acts endangering people","A89 Other dangerous or negligent acts endangering people",3457,52.259651709
2020,"March","B Property and deception offences","B10 Arson","B11 Cause damage by fire",2130,32.199322575
2020,"March","B Property and deception offences","B10 Arson","B12 Cause a bushfire",134,2.025685082
2020,"March","B Property and deception offences","B10 Arson","B19 Other fire related offences",541,8.178325593
2020,"March","B Property and deception offences","B20 Property damage","B21 Criminal damage",37667,569.414029774
2020,"March","B Property and deception offences","B20 Property damage","B22 Graffiti",3090,46.711693312
2020,"March","B Property and deception offences","B20 Property damage","B29 Other property damage offences",478,7.225951263
2020,"March","B Property and deception offences","B30 Burglary/Break and enter","B311 Residential aggravated burglary",4272,64.580049783
2020,"March","B Property and deception offences","B30 Burglary/Break and enter","B312 Non-residential aggravated burglary",136,2.055919188
2020,"March","B Property and deception offences","B30 Burglary/Break and enter","B319 Unknown aggravated burglary",1,0.015117053
2020,"March","B Property and deception offences","B30 Burglary/Break and enter","B321 Residential non-aggravated burglary",25056,378.772876258
2020,"March","B Property and deception offences","B30 Burglary/Break and enter","B322 Non-residential non-aggravated burglary",13947,210.837536126
2020,"March","B Property and deception offences","B30 Burglary/Break and enter","B329 Unknown non-aggravated burglary",87,1.315183598
2020,"March","B Property and deception offences","B40 Theft","B41 Motor vehicle theft",21048,318.183728428
2020,"March","B Property and deception offences","B40 Theft","B42 Steal from a motor vehicle",64407,973.644023035
2020,"March","B Property and deception offences","B40 Theft","B43 Steal from a retail store",25753,389.309462096
2020,"March","B Property and deception offences","B40 Theft","B44 Theft of a bicycle",8311,125.637826252
2020,"March","B Property and deception offences","B40 Theft","B45 Receiving or handling stolen goods",18416,278.395645321
2020,"March","B Property and deception offences","B40 Theft","B46 Fare evasion",45,0.680267378
2020,"March","B Property and deception offences","B40 Theft","B49 Other theft",52158,788.475242651
2020,"March","B Property and deception offences","B50 Deception","B51 Forgery and counterfeiting",3479,52.592226872
2020,"March","B Property and deception offences","B50 Deception","B52 Possess equipment to make false instrument",6,0.090702317
2020,"March","B Property and deception offences","B50 Deception","B53 Obtain benefit by deception",30082,454.751183892
2020,"March","B Property and deception offences","B50 Deception","B54 State false information",1013,15.313574539
2020,"March","B Property and deception offences","B50 Deception","B55 Deceptive business practices",9,0.136053476
2020,"March","B Property and deception offences","B50 Deception","B56 Professional malpractice and misrepresentation",191,2.887357095
2020,"March","B Property and deception offences","B50 Deception","B59 Other deception offences",419,6.334045145
2020,"March","B Property and deception offences","B60 Bribery","B61 Bribery of officials",2,0.030234106
2020,"March","C Drug offences","C10 Drug dealing and trafficking","C11 Drug dealing",69,1.043076647
2020,"March","C Drug offences","C10 Drug dealing and trafficking","C12 Drug trafficking",4925,74.451485296
2020,"March","C Drug offences","C20 Cultivate or manufacture drugs","C21 Cultivate drugs",1035,15.646149702
2020,"March","C Drug offences","C20 Cultivate or manufacture drugs","C22 Manufacture drugs",1,0.015117053
2020,"March","C Drug offences","C20 Cultivate or manufacture drugs","C23 Possess drug manufacturing equipment or precursor",494,7.467824109
2020,"March","C Drug offences","C30 Drug use and possession","C31 Drug use",598,9.039997605
2020,"March","C Drug offences","C30 Drug use and possession","C32 Drug possession",26771,404.698621899
2020,"March","C Drug offences","C90 Other drug offences","C99 Other drug offences",22,0.332575163
2020,"March","D Public order and security offences","D10 Weapons and explosives offences","D11 Firearms offences",4553,68.827941635
2020,"March","D Public order and security offences","D10 Weapons and explosives offences","D12 Prohibited and controlled weapons offences",10722,162.085040678
2020,"March","D Public order and security offences","D10 Weapons and explosives offences","D13 Explosives offences",282,4.263008904
2020,"March","D Public order and security offences","D20 Disorderly and offensive conduct","D21 Riot and affray",1774,26.817651759
2020,"March","D Public order and security offences","D20 Disorderly and offensive conduct","D22 Drunk and disorderly in public",5183,78.351684932
2020,"March","D Public order and security offences","D20 Disorderly and offensive conduct","D23 Offensive conduct",2725,41.193969022
2020,"March","D Public order and security offences","D20 Disorderly and offensive conduct","D24 Offensive language",611,9.236519293
2020,"March","D Public order and security offences","D20 Disorderly and offensive conduct","D25 Criminal intent",1648,24.9129031
2020,"March","D Public order and security offences","D20 Disorderly and offensive conduct","D26 Disorderly conduct",413,6.243342828
2020,"March","D Public order and security offences","D30 Public nuisance offences","D31 Privacy offences",111,1.677992867
2020,"March","D Public order and security offences","D30 Public nuisance offences","D32 Hoaxes",204,3.083878782
2020,"March","D Public order and security offences","D30 Public nuisance offences","D33 Begging",156,2.358260245
2020,"March","D Public order and security offences","D30 Public nuisance offences","D34 Defamation and libel",6,0.090702317
2020,"March","D Public order and security offences","D30 Public nuisance offences","D35 Improper movement on public or private space",3058,46.227947621
2020,"March","D Public order and security offences","D30 Public nuisance offences","D36 Other public nuisance offences",110,1.662875814
2020,"March","D Public order and security offences","D40 Public security offences","D41 Immigration offences",1,0.015117053
2020,"March","D Public order and security offences","D40 Public security offences","D42 Sabotage",2,0.030234106
2020,"March","D Public order and security offences","D40 Public security offences","D43 Hacking",90,1.360534757
2020,"March","D Public order and security offences","D40 Public security offences","D49 Other public security offences",1,0.015117053
2020,"March","E Justice procedures offences","E10 Justice procedures","E11 Escape custody",174,2.630367196
2020,"March","E Justice procedures offences","E10 Justice procedures","E12 Fail to appear",4,0.060468211
2020,"March","E Justice procedures offences","E10 Justice procedures","E13 Resist or hinder officer",9158,138.441970018
2020,"March","E Justice procedures offences","E10 Justice procedures","E14 Pervert the course of justice or commit perjury",695,10.506351732
2020,"March","E Justice procedures offences","E10 Justice procedures","E15 Prison regulation offences",703,10.627288155
2020,"March","E Justice procedures offences","E10 Justice procedures","E19 Other justice procedures offences",2081,31.458586985
2020,"March","E Justice procedures offences","E20 Breaches of orders","E21 Breach family violence order",46290,699.768376516
2020,"March","E Justice procedures offences","E20 Breaches of orders","E22 Breach intervention order",4033,60.967074152
2020,"March","E Justice procedures offences","E20 Breaches of orders","E23 Breach bail conditions",14450,218.441413711
2020,"March","E Justice procedures offences","E20 Breaches of orders","E29 Breach of other orders",1850,27.966547776
2020,"March","F Other offences","F10 Regulatory driving offences","F11 Drink driving",4,0.060468211
2020,"March","F Other offences","F10 Regulatory driving offences","F19 Other regulatory driving offences",22,0.332575163
2020,"March","F Other offences","F20 Transport regulation offences","F21 Public transport",194,2.932708253
2020,"March","F Other offences","F20 Transport regulation offences","F22 Aviation regulations offences",4,0.060468211
2020,"March","F Other offences","F20 Transport regulation offences","F23 Maritime regulations offences",103,1.557056444
2020,"March","F Other offences","F20 Transport regulation offences","F24 Pedestrian offences",12,0.181404634
2020,"March","F Other offences","F20 Transport regulation offences","F29 Other transport regulation offences",80,1.209364228
2020,"March","F Other offences","F30 Other government regulatory offences","F31 Betting and gaming offences",44,0.665150325
2020,"March","F Other offences","F30 Other government regulatory offences","F32 Commercial regulation offences",67,1.012842541
2020,"March","F Other offences","F30 Other government regulatory offences","F33 Liquor and tobacco licensing offences",137,2.071036241
2020,"March","F Other offences","F30 Other government regulatory offences","F34 Pornography and censorship offences",14,0.21163874
2020,"March","F Other offences","F30 Other government regulatory offences","F36 Prostitution offences",34,0.513979797
2020,"March","F Other offences","F30 Other government regulatory offences","F39 Other government regulatory offences",67,1.012842541
2020,"March","F Other offences","F90 Miscellaneous offences","F91 Environmental offences",56,0.84655496
2020,"March","F Other offences","F90 Miscellaneous offences","F92 Public health and safety offences",58,0.876789065
2020,"March","F Other offences","F90 Miscellaneous offences","F93 Cruelty to animals",220,3.325751627
2020,"March","F Other offences","F90 Miscellaneous offences","F94 Dangerous substance offences",35,0.52909685
2020,"March","F Other offences","F90 Miscellaneous offences","F99 Other miscellaneous offences",111,1.677992867
2019,"March","A Crimes against the person","A10 Homicide and related offences","A11 Murder",49,0.749544346
2019,"March","A Crimes against the person","A10 Homicide and related offences","A12 Attempted murder",27,0.413014231
2019,"March","A Crimes against the person","A10 Homicide and related offences","A14 Manslaughter & A13  Accessory/ conspiracy to murder",15,0.229452351
2019,"March","A Crimes against the person","A10 Homicide and related offences","A15 Driving causing death",93,1.422604575
2019,"March","A Crimes against the person","A20 Assault and related offences","A211 FV Serious assault",7728,118.213851121
2019,"March","A Crimes against the person","A20 Assault and related offences","A212 Non-FV Serious assault",8410,128.646284669
2019,"March","A Crimes against the person","A20 Assault and related offences","A22 Assault police, emergency services or other authorised officer",3015,46.119922506
2019,"March","A Crimes against the person","A20 Assault and related offences","A231 FV Common assault",14134,216.205301726
2019,"March","A Crimes against the person","A20 Assault and related offences","A232 Non-FV Common assault",11401,174.399083414
2019,"March","A Crimes against the person","A30 Sexual offences","A31 Rape",4199,64.231361394
2019,"March","A Crimes against the person","A30 Sexual offences","A32 Indecent assault",6648,101.693281865
2019,"March","A Crimes against the person","A30 Sexual offences","A33 Incest",470,7.189506991
2019,"March","A Crimes against the person","A30 Sexual offences","A34 Sexual offences against children",1591,24.337246006
2019,"March","A Crimes against the person","A30 Sexual offences","A39 Other sexual offences",536,8.199097334
2019,"March","A Crimes against the person","A40 Abduction and related offences","A41 Abduction",161,2.462788565
2019,"March","A Crimes against the person","A40 Abduction and related offences","A42 False imprisonment",553,8.459143332
2019,"March","A Crimes against the person","A40 Abduction and related offences","A43 Slavery and sexual servitude offences",1,0.015296823
2019,"March","A Crimes against the person","A50 Robbery","A51 Aggravated robbery",2850,43.595946648
2019,"March","A Crimes against the person","A50 Robbery","A52 Non-aggravated robbery",445,6.807086406
2019,"March","A Crimes against the person","A60 Blackmail and extortion","A61 Blackmail",171,2.615756799
2019,"March","A Crimes against the person","A60 Blackmail and extortion","A62 Extortion",86,1.315526811
2019,"March","A Crimes against the person","A70 Stalking, harassment and threatening behaviour","A711 FV Stalking",1340,20.497743336
2019,"March","A Crimes against the person","A70 Stalking, harassment and threatening behaviour","A712 Non-FV Stalking",1039,15.893399497
2019,"March","A Crimes against the person","A70 Stalking, harassment and threatening behaviour","A721 FV Harassment and private nuisance",1765,26.998893275
2019,"March","A Crimes against the person","A70 Stalking, harassment and threatening behaviour","A722 Non-FV Harassment and private nuisance",954,14.593169509
2019,"March","A Crimes against the person","A70 Stalking, harassment and threatening behaviour","A731 FV Threatening behaviour",4070,62.258071178
2019,"March","A Crimes against the person","A70 Stalking, harassment and threatening behaviour","A732 Non-FV Threatening behaviour",3139,48.016728606
2019,"March","A Crimes against the person","A80 Dangerous and negligent acts endangering people","A81 Dangerous driving",1257,19.228106995
2019,"March","A Crimes against the person","A80 Dangerous and negligent acts endangering people","A82 Neglect or ill treatment of people",59,0.90251258
2019,"March","A Crimes against the person","A80 Dangerous and negligent acts endangering people","A83 Throw or discharge object endangering people",1255,19.197513348
2019,"March","A Crimes against the person","A80 Dangerous and negligent acts endangering people","A89 Other dangerous or negligent acts endangering people",3349,51.229061517
2019,"March","B Property and deception offences","B10 Arson","B11 Cause damage by fire",2426,37.110093532
2019,"March","B Property and deception offences","B10 Arson","B12 Cause a bushfire",53,0.810731639
2019,"March","B Property and deception offences","B10 Arson","B19 Other fire related offences",740,11.319649305
2019,"March","B Property and deception offences","B20 Property damage","B21 Criminal damage",36212,553.928568424
2019,"March","B Property and deception offences","B20 Property damage","B22 Graffiti",2620,40.077677269
2019,"March","B Property and deception offences","B20 Property damage","B29 Other property damage offences",510,7.801379926
2019,"March","B Property and deception offences","B30 Burglary/Break and enter","B311 Residential aggravated burglary",3499,53.523585025
2019,"March","B Property and deception offences","B30 Burglary/Break and enter","B312 Non-residential aggravated burglary",116,1.774431513
2019,"March","B Property and deception offences","B30 Burglary/Break and enter","B321 Residential non-aggravated burglary",23138,353.937899486
2019,"March","B Property and deception offences","B30 Burglary/Break and enter","B322 Non-residential non-aggravated burglary",12180,186.315308831
2019,"March","B Property and deception offences","B30 Burglary/Break and enter","B329 Unknown non-aggravated burglary",89,1.361417281
2019,"March","B Property and deception offences","B40 Theft","B41 Motor vehicle theft",18405,281.538034404
2019,"March","B Property and deception offences","B40 Theft","B42 Steal from a motor vehicle",54864,839.244918204
2019,"March","B Property and deception offences","B40 Theft","B43 Steal from a retail store",23926,365.991796314
2019,"March","B Property and deception offences","B40 Theft","B44 Theft of a bicycle",6623,101.31086128
2019,"March","B Property and deception offences","B40 Theft","B45 Receiving or handling stolen goods",17873,273.400124363
2019,"March","B Property and deception offences","B40 Theft","B46 Fare evasion",129,1.973290217
2019,"March","B Property and deception offences","B40 Theft","B49 Other theft",47909,732.85551156
2019,"March","B Property and deception offences","B50 Deception","B51 Forgery and counterfeiting",3211,49.11809989
2019,"March","B Property and deception offences","B50 Deception","B52 Possess equipment to make false instrument",19,0.290639644
2019,"March","B Property and deception offences","B50 Deception","B53 Obtain benefit by deception",31742,485.551767892
2019,"March","B Property and deception offences","B50 Deception","B54 State false information",1023,15.648650323
2019,"March","B Property and deception offences","B50 Deception","B55 Deceptive business practices",18,0.275342821
2019,"March","B Property and deception offences","B50 Deception","B56 Professional malpractice and misrepresentation",143,2.187445744
2019,"March","B Property and deception offences","B50 Deception","B59 Other deception offences",382,5.843386533
2019,"March","B Property and deception offences","B60 Bribery","B61 Bribery of officials",7,0.107077764
2019,"March","C Drug offences","C10 Drug dealing and trafficking","C11 Drug dealing",113,1.728541043
2019,"March","C Drug offences","C10 Drug dealing and trafficking","C12 Drug trafficking",4698,71.864476264
2019,"March","C Drug offences","C20 Cultivate or manufacture drugs","C21 Cultivate drugs",1130,17.285410425
2019,"March","C Drug offences","C20 Cultivate or manufacture drugs","C22 Manufacture drugs",1,0.015296823
2019,"March","C Drug offences","C20 Cultivate or manufacture drugs","C23 Possess drug manufacturing equipment or precursor",351,5.369185008
2019,"March","C Drug offences","C30 Drug use and possession","C31 Drug use",876,13.400017285
2019,"March","C Drug offences","C30 Drug use and possession","C32 Drug possession",25141,384.577436727
2019,"March","C Drug offences","C90 Other drug offences","C99 Other drug offences",49,0.749544346
2019,"March","D Public order and security offences","D10 Weapons and explosives offences","D11 Firearms offences",4836,73.975437891
2019,"March","D Public order and security offences","D10 Weapons and explosives offences","D12 Prohibited and controlled weapons offences",10899,166.720078075
2019,"March","D Public order and security offences","D10 Weapons and explosives offences","D13 Explosives offences",225,3.441785262
2019,"March","D Public order and security offences","D20 Disorderly and offensive conduct","D21 Riot and affray",1449,22.165097085
2019,"March","D Public order and security offences","D20 Disorderly and offensive conduct","D22 Drunk and disorderly in public",7548,115.460422911
2019,"March","D Public order and security offences","D20 Disorderly and offensive conduct","D23 Offensive conduct",3457,52.881118443
2019,"March","D Public order and security offences","D20 Disorderly and offensive conduct","D24 Offensive language",887,13.568282343
2019,"March","D Public order and security offences","D20 Disorderly and offensive conduct","D25 Criminal intent",1793,27.42720433
2019,"March","D Public order and security offences","D20 Disorderly and offensive conduct","D26 Disorderly conduct",382,5.843386533
2019,"March","D Public order and security offences","D30 Public nuisance offences","D31 Privacy offences",81,1.239042694
2019,"March","D Public order and security offences","D30 Public nuisance offences","D32 Hoaxes",293,4.481969252
2019,"March","D Public order and security offences","D30 Public nuisance offences","D33 Begging",232,3.548863025
2019,"March","D Public order and security offences","D30 Public nuisance offences","D35 Improper movement on public or private space",3105,47.496636611
2019,"March","D Public order and security offences","D30 Public nuisance offences","D36 Other public nuisance offences",145,2.218039391
2019,"March","D Public order and security offences","D40 Public security offences","D43 Hacking",57,0.871918933
2019,"March","D Public order and security offences","D40 Public security offences","D44 Terrorism offences",4,0.061187294
2019,"March","D Public order and security offences","D40 Public security offences","D49 Other public security offences",3,0.04589047
2019,"March","E Justice procedures offences","E10 Justice procedures","E11 Escape custody",154,2.355710801
2019,"March","E Justice procedures offences","E10 Justice procedures","E13 Resist or hinder officer",8444,129.166376664
2019,"March","E Justice procedures offences","E10 Justice procedures","E14 Pervert the course of justice or commit perjury",752,11.503211186
2019,"March","E Justice procedures offences","E10 Justice procedures","E15 Prison regulation offences",926,14.164858455
2019,"March","E Justice procedures offences","E10 Justice procedures","E19 Other justice procedures offences",2369,36.238174599
2019,"March","E Justice procedures offences","E20 Breaches of orders","E21 Breach family violence order",43490,665.258849021
2019,"March","E Justice procedures offences","E20 Breaches of orders","E22 Breach intervention order",3690,56.445278291
2019,"March","E Justice procedures offences","E20 Breaches of orders","E23 Breach bail conditions",15012,229.635912658
2019,"March","E Justice procedures offences","E20 Breaches of orders","E29 Breach of other orders",1406,21.50733368
2019,"March","F Other offences","F10 Regulatory driving offences","F11 Drink driving",3,0.04589047
2019,"March","F Other offences","F10 Regulatory driving offences","F14 Parking offences",1,0.015296823
2019,"March","F Other offences","F10 Regulatory driving offences","F15 Licensing offences",1,0.015296823
2019,"March","F Other offences","F10 Regulatory driving offences","F16 Registration and roadworthiness offences",1,0.015296823
2019,"March","F Other offences","F10 Regulatory driving offences","F19 Other regulatory driving offences",11,0.168265057
2019,"March","F Other offences","F20 Transport regulation offences","F21 Public transport",353,5.399778655
2019,"March","F Other offences","F20 Transport regulation offences","F22 Aviation regulations offences",8,0.122374587
2019,"March","F Other offences","F20 Transport regulation offences","F23 Maritime regulations offences",149,2.279226684
2019,"March","F Other offences","F20 Transport regulation offences","F24 Pedestrian offences",21,0.321233291
2019,"March","F Other offences","F20 Transport regulation offences","F29 Other transport regulation offences",66,1.009590343
2019,"March","F Other offences","F30 Other government regulatory offences","F31 Betting and gaming offences",36,0.550685642
2019,"March","F Other offences","F30 Other government regulatory offences","F32 Commercial regulation offences",300,4.589047016
2019,"March","F Other offences","F30 Other government regulatory offences","F33 Liquor and tobacco licensing offences",189,2.89109962
2019,"March","F Other offences","F30 Other government regulatory offences","F34 Pornography and censorship offences",14,0.214155527
2019,"March","F Other offences","F30 Other government regulatory offences","F35 Intellectual property",1,0.015296823
2019,"March","F Other offences","F30 Other government regulatory offences","F36 Prostitution offences",50,0.764841169
2019,"March","F Other offences","F30 Other government regulatory offences","F39 Other government regulatory offences",70,1.070777637
2019,"March","F Other offences","F90 Miscellaneous offences","F91 Environmental offences",52,0.795434816
2019,"March","F Other offences","F90 Miscellaneous offences","F92 Public health and safety offences",129,1.973290217
2019,"March","F Other offences","F90 Miscellaneous offences","F93 Cruelty to animals",190,2.906396443
2019,"March","F Other offences","F90 Miscellaneous offences","F94 Dangerous substance offences",54,0.826028463
2019,"March","F Other offences","F90 Miscellaneous offences","F99 Other miscellaneous offences",55,0.841325286
2018,"March","A Crimes against the person","A10 Homicide and related offences","A11 Murder",62,0.965275311
2018,"March","A Crimes against the person","A10 Homicide and related offences","A12 Attempted murder",58,0.902999484
2018,"March","A Crimes against the person","A10 Homicide and related offences","A14 Manslaughter & A13  Accessory/ conspiracy to murder",20,0.311379132
2018,"March","A Crimes against the person","A10 Homicide and related offences","A15 Driving causing death",85,1.323361313
2018,"March","A Crimes against the person","A20 Assault and related offences","A211 FV Serious assault",7625,118.713294239
2018,"March","A Crimes against the person","A20 Assault and related offences","A212 Non-FV Serious assault",8591,133.752906335
2018,"March","A Crimes against the person","A20 Assault and related offences","A22 Assault police, emergency services or other authorised officer",2919,45.445784378
2018,"March","A Crimes against the person","A20 Assault and related offences","A231 FV Common assault",13788,214.664773897
2018,"March","A Crimes against the person","A20 Assault and related offences","A232 Non-FV Common assault",10356,161.232114772
2018,"March","A Crimes against the person","A30 Sexual offences","A31 Rape",4551,70.854321584
2018,"March","A Crimes against the person","A30 Sexual offences","A32 Indecent assault",7144,111.224626104
2018,"March","A Crimes against the person","A30 Sexual offences","A33 Incest",591,9.201253363
2018,"March","A Crimes against the person","A30 Sexual offences","A34 Sexual offences against children",1856,28.895983489
2018,"March","A Crimes against the person","A30 Sexual offences","A39 Other sexual offences",782,12.174924078
2018,"March","A Crimes against the person","A40 Abduction and related offences","A41 Abduction",147,2.288636623
2018,"March","A Crimes against the person","A40 Abduction and related offences","A42 False imprisonment",569,8.858736318
2018,"March","A Crimes against the person","A40 Abduction and related offences","A43 Slavery and sexual servitude offences",1,0.015568957
2018,"March","A Crimes against the person","A50 Robbery","A51 Aggravated robbery",2845,44.293681588
2018,"March","A Crimes against the person","A50 Robbery","A52 Non-aggravated robbery",382,5.947341429
2018,"March","A Crimes against the person","A60 Blackmail and extortion","A61 Blackmail",100,1.556895662
2018,"March","A Crimes against the person","A60 Blackmail and extortion","A62 Extortion",69,1.074258007
2018,"March","A Crimes against the person","A70 Stalking, harassment and threatening behaviour","A711 FV Stalking",1295,20.161798825
2018,"March","A Crimes against the person","A70 Stalking, harassment and threatening behaviour","A712 Non-FV Stalking",1162,18.091127594
2018,"March","A Crimes against the person","A70 Stalking, harassment and threatening behaviour","A721 FV Harassment and private nuisance",1531,23.836072587
2018,"March","A Crimes against the person","A70 Stalking, harassment and threatening behaviour","A722 Non-FV Harassment and private nuisance",970,15.101887923
2018,"March","A Crimes against the person","A70 Stalking, harassment and threatening behaviour","A731 FV Threatening behaviour",3822,59.504552207
2018,"March","A Crimes against the person","A70 Stalking, harassment and threatening behaviour","A732 Non-FV Threatening behaviour",2895,45.072129419
2018,"March","A Crimes against the person","A80 Dangerous and negligent acts endangering people","A81 Dangerous driving",982,15.288715402
2018,"March","A Crimes against the person","A80 Dangerous and negligent acts endangering people","A82 Neglect or ill treatment of people",57,0.887430527
2018,"March","A Crimes against the person","A80 Dangerous and negligent acts endangering people","A83 Throw or discharge object endangering people",1174,18.277955074
2018,"March","A Crimes against the person","A80 Dangerous and negligent acts endangering people","A89 Other dangerous or negligent acts endangering people",3703,57.651846369
2018,"March","B Property and deception offences","B10 Arson","B11 Cause damage by fire",2565,39.934373734
2018,"March","B Property and deception offences","B10 Arson","B12 Cause a bushfire",61,0.949706354
2018,"March","B Property and deception offences","B10 Arson","B19 Other fire related offences",583,9.07670171
2018,"March","B Property and deception offences","B20 Property damage","B21 Criminal damage",37836,589.06704273
2018,"March","B Property and deception offences","B20 Property damage","B22 Graffiti",3089,48.092507004
2018,"March","B Property and deception offences","B20 Property damage","B29 Other property damage offences",468,7.286271699
2018,"March","B Property and deception offences","B30 Burglary/Break and enter","B311 Residential aggravated burglary",3489,54.320089652
2018,"March","B Property and deception offences","B30 Burglary/Break and enter","B312 Non-residential aggravated burglary",153,2.382050363
2018,"March","B Property and deception offences","B30 Burglary/Break and enter","B319 Unknown aggravated burglary",4,0.062275826
2018,"March","B Property and deception offences","B30 Burglary/Break and enter","B321 Residential non-aggravated burglary",27382,426.309170209
2018,"March","B Property and deception offences","B30 Burglary/Break and enter","B322 Non-residential non-aggravated burglary",14019,218.261202876
2018,"March","B Property and deception offences","B30 Burglary/Break and enter","B329 Unknown non-aggravated burglary",81,1.261085486
2018,"March","B Property and deception offences","B40 Theft","B41 Motor vehicle theft",17961,279.634029878
2018,"March","B Property and deception offences","B40 Theft","B42 Steal from a motor vehicle",54634,850.594376057
2018,"March","B Property and deception offences","B40 Theft","B43 Steal from a retail store",22296,347.125456832
2018,"March","B Property and deception offences","B40 Theft","B44 Theft of a bicycle",6307,98.193409412
2018,"March","B Property and deception offences","B40 Theft","B45 Receiving or handling stolen goods",17409,271.039965823
2018,"March","B Property and deception offences","B40 Theft","B46 Fare evasion",100,1.556895662
2018,"March","B Property and deception offences","B40 Theft","B49 Other theft",45334,705.803079477
2018,"March","B Property and deception offences","B50 Deception","B51 Forgery and counterfeiting",3218,50.100902408
2018,"March","B Property and deception offences","B50 Deception","B52 Possess equipment to make false instrument",14,0.217965393
2018,"March","B Property and deception offences","B50 Deception","B53 Obtain benefit by deception",28620,445.583538506
2018,"March","B Property and deception offences","B50 Deception","B54 State false information",968,15.07075001
2018,"March","B Property and deception offences","B50 Deception","B55 Deceptive business practices",200,3.113791324
2018,"March","B Property and deception offences","B50 Deception","B56 Professional malpractice and misrepresentation",189,2.942532801
2018,"March","B Property and deception offences","B50 Deception","B59 Other deception offences",478,7.441961265
2018,"March","B Property and deception offences","B60 Bribery","B61 Bribery of officials",9,0.14012061
2018,"March","C Drug offences","C10 Drug dealing and trafficking","C11 Drug dealing",50,0.778447831
2018,"March","C Drug offences","C10 Drug dealing and trafficking","C12 Drug trafficking",4155,64.689014762
2018,"March","C Drug offences","C20 Cultivate or manufacture drugs","C21 Cultivate drugs",935,14.556974441
2018,"March","C Drug offences","C20 Cultivate or manufacture drugs","C23 Possess drug manufacturing equipment or precursor",406,6.320996388
2018,"March","C Drug offences","C30 Drug use and possession","C31 Drug use",1014,15.786922014
2018,"March","C Drug offences","C30 Drug use and possession","C32 Drug possession",22010,342.672735238
2018,"March","C Drug offences","C90 Other drug offences","C99 Other drug offences",30,0.467068699
2018,"March","D Public order and security offences","D10 Weapons and explosives offences","D11 Firearms offences",4421,68.830357223
2018,"March","D Public order and security offences","D10 Weapons and explosives offences","D12 Prohibited and controlled weapons offences",10000,155.689566215
2018,"March","D Public order and security offences","D10 Weapons and explosives offences","D13 Explosives offences",262,4.079066635
2018,"March","D Public order and security offences","D20 Disorderly and offensive conduct","D21 Riot and affray",1364,21.236056832
2018,"March","D Public order and security offences","D20 Disorderly and offensive conduct","D22 Drunk and disorderly in public",7961,123.944463663
2018,"March","D Public order and security offences","D20 Disorderly and offensive conduct","D23 Offensive conduct",3930,61.185999522
2018,"March","D Public order and security offences","D20 Disorderly and offensive conduct","D24 Offensive language",962,14.97733627
2018,"March","D Public order and security offences","D20 Disorderly and offensive conduct","D25 Criminal intent",1610,25.066020161
2018,"March","D Public order and security offences","D20 Disorderly and offensive conduct","D26 Disorderly conduct",264,4.110204548
2018,"March","D Public order and security offences","D30 Public nuisance offences","D31 Privacy offences",208,3.238342977
2018,"March","D Public order and security offences","D30 Public nuisance offences","D32 Hoaxes",423,6.585668651
2018,"March","D Public order and security offences","D30 Public nuisance offences","D33 Begging",227,3.534153153
2018,"March","D Public order and security offences","D30 Public nuisance offences","D35 Improper movement on public or private space",2777,43.234992538
2018,"March","D Public order and security offences","D30 Public nuisance offences","D36 Other public nuisance offences",169,2.631153669
2018,"March","D Public order and security offences","D40 Public security offences","D41 Immigration offences",1,0.015568957
2018,"March","D Public order and security offences","D40 Public security offences","D43 Hacking",86,1.338930269
2018,"March","D Public order and security offences","D40 Public security offences","D44 Terrorism offences",44,0.685034091
2018,"March","D Public order and security offences","D40 Public security offences","D49 Other public security offences",6,0.09341374
2018,"March","E Justice procedures offences","E10 Justice procedures","E11 Escape custody",126,1.961688534
2018,"March","E Justice procedures offences","E10 Justice procedures","E13 Resist or hinder officer",8644,134.578061036
2018,"March","E Justice procedures offences","E10 Justice procedures","E14 Pervert the course of justice or commit perjury",743,11.56773477
2018,"March","E Justice procedures offences","E10 Justice procedures","E15 Prison regulation offences",870,13.544992261
2018,"March","E Justice procedures offences","E10 Justice procedures","E19 Other justice procedures offences",1845,28.724724967
2018,"March","E Justice procedures offences","E20 Breaches of orders","E21 Breach family violence order",38773,603.655155084
2018,"March","E Justice procedures offences","E20 Breaches of orders","E22 Breach intervention order",3279,51.050608762
2018,"March","E Justice procedures offences","E20 Breaches of orders","E23 Breach bail conditions",13964,217.404910262
2018,"March","E Justice procedures offences","E20 Breaches of orders","E29 Breach of other orders",1060,16.503094019
2018,"March","F Other offences","F10 Regulatory driving offences","F15 Licensing offences",2,0.031137913
2018,"March","F Other offences","F10 Regulatory driving offences","F19 Other regulatory driving offences",17,0.264672263
2018,"March","F Other offences","F20 Transport regulation offences","F21 Public transport",307,4.779669683
2018,"March","F Other offences","F20 Transport regulation offences","F22 Aviation regulations offences",14,0.217965393
2018,"March","F Other offences","F20 Transport regulation offences","F23 Maritime regulations offences",92,1.432344009
2018,"March","F Other offences","F20 Transport regulation offences","F24 Pedestrian offences",24,0.373654959
2018,"March","F Other offences","F20 Transport regulation offences","F29 Other transport regulation offences",90,1.401206096
2018,"March","F Other offences","F30 Other government regulatory offences","F31 Betting and gaming offences",29,0.451499742
2018,"March","F Other offences","F30 Other government regulatory offences","F32 Commercial regulation offences",215,3.347325674
2018,"March","F Other offences","F30 Other government regulatory offences","F33 Liquor and tobacco licensing offences",317,4.935359249
2018,"March","F Other offences","F30 Other government regulatory offences","F34 Pornography and censorship offences",20,0.311379132
2018,"March","F Other offences","F30 Other government regulatory offences","F35 Intellectual property",1,0.015568957
2018,"March","F Other offences","F30 Other government regulatory offences","F36 Prostitution offences",65,1.01198218
2018,"March","F Other offences","F30 Other government regulatory offences","F39 Other government regulatory offences",77,1.19880966
2018,"March","F Other offences","F90 Miscellaneous offences","F91 Environmental offences",75,1.167671747
2018,"March","F Other offences","F90 Miscellaneous offences","F92 Public health and safety offences",26,0.404792872
2018,"March","F Other offences","F90 Miscellaneous offences","F93 Cruelty to animals",180,2.802412192
2018,"March","F Other offences","F90 Miscellaneous offences","F94 Dangerous substance offences",22,0.342517046
2018,"March","F Other offences","F90 Miscellaneous offences","F99 Other miscellaneous offences",62,0.965275311
2017,"March","A Crimes against the person","A10 Homicide and related offences","A11 Murder",69,1.094784889
2017,"March","A Crimes against the person","A10 Homicide and related offences","A12 Attempted murder",84,1.332781604
2017,"March","A Crimes against the person","A10 Homicide and related offences","A14 Manslaughter & A13  Accessory/ conspiracy to murder",10,0.158664477
2017,"March","A Crimes against the person","A10 Homicide and related offences","A15 Driving causing death",74,1.174117127
2017,"March","A Crimes against the person","A20 Assault and related offences","A211 FV Serious assault",8384,133.024297243
2017,"March","A Crimes against the person","A20 Assault and related offences","A212 Non-FV Serious assault",8666,137.498635486
2017,"March","A Crimes against the person","A20 Assault and related offences","A22 Assault police, emergency services or other authorised officer",3119,49.487450275
2017,"March","A Crimes against the person","A20 Assault and related offences","A231 FV Common assault",13989,221.955736419
2017,"March","A Crimes against the person","A20 Assault and related offences","A232 Non-FV Common assault",9484,150.477389677
2017,"March","A Crimes against the person","A30 Sexual offences","A31 Rape",4375,69.415708545
2017,"March","A Crimes against the person","A30 Sexual offences","A32 Indecent assault",6742,106.971590173
2017,"March","A Crimes against the person","A30 Sexual offences","A33 Incest",460,7.298565927
2017,"March","A Crimes against the person","A30 Sexual offences","A34 Sexual offences against children",1346,21.35623856
2017,"March","A Crimes against the person","A30 Sexual offences","A39 Other sexual offences",436,6.917771183
2017,"March","A Crimes against the person","A40 Abduction and related offences","A41 Abduction",203,3.220888876
2017,"March","A Crimes against the person","A40 Abduction and related offences","A42 False imprisonment",603,9.567467943
2017,"March","A Crimes against the person","A40 Abduction and related offences","A43 Slavery and sexual servitude offences",1,0.015866448
2017,"March","A Crimes against the person","A50 Robbery","A51 Aggravated robbery",2891,45.869900206
2017,"March","A Crimes against the person","A50 Robbery","A52 Non-aggravated robbery",403,6.39417841
2017,"March","A Crimes against the person","A60 Blackmail and extortion","A61 Blackmail",147,2.332367807
2017,"March","A Crimes against the person","A60 Blackmail and extortion","A62 Extortion",60,0.95198686
2017,"March","A Crimes against the person","A70 Stalking, harassment and threatening behaviour","A711 FV Stalking",1445,22.927016879
2017,"March","A Crimes against the person","A70 Stalking, harassment and threatening behaviour","A712 Non-FV Stalking",1103,17.500691777
2017,"March","A Crimes against the person","A70 Stalking, harassment and threatening behaviour","A721 FV Harassment and private nuisance",1449,22.99048267
2017,"March","A Crimes against the person","A70 Stalking, harassment and threatening behaviour","A722 Non-FV Harassment and private nuisance",822,13.042219983
2017,"March","A Crimes against the person","A70 Stalking, harassment and threatening behaviour","A731 FV Threatening behaviour",4046,64.195647262
2017,"March","A Crimes against the person","A70 Stalking, harassment and threatening behaviour","A732 Non-FV Threatening behaviour",3014,47.821473269
2017,"March","A Crimes against the person","A80 Dangerous and negligent acts endangering people","A81 Dangerous driving",933,14.803395674
2017,"March","A Crimes against the person","A80 Dangerous and negligent acts endangering people","A82 Neglect or ill treatment of people",56,0.888521069
2017,"March","A Crimes against the person","A80 Dangerous and negligent acts endangering people","A83 Throw or discharge object endangering people",1208,19.166668782
2017,"March","A Crimes against the person","A80 Dangerous and negligent acts endangering people","A89 Other dangerous or negligent acts endangering people",3892,61.752214321
2017,"March","B Property and deception offences","B10 Arson","B11 Cause damage by fire",2989,47.424812078
2017,"March","B Property and deception offences","B10 Arson","B12 Cause a bushfire",51,0.809188831
2017,"March","B Property and deception offences","B10 Arson","B19 Other fire related offences",568,9.012142275
2017,"March","B Property and deception offences","B20 Property damage","B21 Criminal damage",39302,623.583126223
2017,"March","B Property and deception offences","B20 Property damage","B22 Graffiti",3252,51.597687814
2017,"March","B Property and deception offences","B20 Property damage","B29 Other property damage offences",497,7.885624491
2017,"March","B Property and deception offences","B30 Burglary/Break and enter","B311 Residential aggravated burglary",4108,65.179367018
2017,"March","B Property and deception offences","B30 Burglary/Break and enter","B312 Non-residential aggravated burglary",171,2.713162551
2017,"March","B Property and deception offences","B30 Burglary/Break and enter","B319 Unknown aggravated burglary",5,0.079332238
2017,"March","B Property and deception offences","B30 Burglary/Break and enter","B321 Residential non-aggravated burglary",32165,510.344289221
2017,"March","B Property and deception offences","B30 Burglary/Break and enter","B322 Non-residential non-aggravated burglary",16890,267.984301102
2017,"March","B Property and deception offences","B30 Burglary/Break and enter","B329 Unknown non-aggravated burglary",105,1.665977005
2017,"March","B Property and deception offences","B40 Theft","B41 Motor vehicle theft",23615,374.686161665
2017,"March","B Property and deception offences","B40 Theft","B42 Steal from a motor vehicle",67215,1066.463279963
2017,"March","B Property and deception offences","B40 Theft","B43 Steal from a retail store",23422,371.623937265
2017,"March","B Property and deception offences","B40 Theft","B44 Theft of a bicycle",6530,103.607903268
2017,"March","B Property and deception offences","B40 Theft","B45 Receiving or handling stolen goods",19296,306.15897419
2017,"March","B Property and deception offences","B40 Theft","B46 Fare evasion",138,2.189569778
2017,"March","B Property and deception offences","B40 Theft","B49 Other theft",48356,767.237943404
2017,"March","B Property and deception offences","B50 Deception","B51 Forgery and counterfeiting",3242,51.439023338
2017,"March","B Property and deception offences","B50 Deception","B52 Possess equipment to make false instrument",13,0.20626382
2017,"March","B Property and deception offences","B50 Deception","B53 Obtain benefit by deception",30308,480.880295903
2017,"March","B Property and deception offences","B50 Deception","B54 State false information",1285,20.388385253
2017,"March","B Property and deception offences","B50 Deception","B55 Deceptive business practices",37,0.587058564
2017,"March","B Property and deception offences","B50 Deception","B56 Professional malpractice and misrepresentation",102,1.618377662
2017,"March","B Property and deception offences","B50 Deception","B59 Other deception offences",334,5.299393521
2017,"March","B Property and deception offences","B60 Bribery","B61 Bribery of officials",22,0.349061849
2017,"March","C Drug offences","C10 Drug dealing and trafficking","C11 Drug dealing",44,0.698123697
2017,"March","C Drug offences","C10 Drug dealing and trafficking","C12 Drug trafficking",4765,75.603623135
2017,"March","C Drug offences","C20 Cultivate or manufacture drugs","C21 Cultivate drugs",904,14.343268691
2017,"March","C Drug offences","C20 Cultivate or manufacture drugs","C23 Possess drug manufacturing equipment or precursor",610,9.678533077
2017,"March","C Drug offences","C30 Drug use and possession","C31 Drug use",1286,20.4042517
2017,"March","C Drug offences","C30 Drug use and possession","C32 Drug possession",23271,369.228103668
2017,"March","C Drug offences","C90 Other drug offences","C99 Other drug offences",13,0.20626382
2017,"March","D Public order and security offences","D10 Weapons and explosives offences","D11 Firearms offences",4751,75.381492868
2017,"March","D Public order and security offences","D10 Weapons and explosives offences","D12 Prohibited and controlled weapons offences",10816,171.61149797
2017,"March","D Public order and security offences","D10 Weapons and explosives offences","D13 Explosives offences",347,5.505657341
2017,"March","D Public order and security offences","D20 Disorderly and offensive conduct","D21 Riot and affray",1211,19.214268125
2017,"March","D Public order and security offences","D20 Disorderly and offensive conduct","D22 Drunk and disorderly in public",8068,128.01049978
2017,"March","D Public order and security offences","D20 Disorderly and offensive conduct","D23 Offensive conduct",4111,65.226966361
2017,"March","D Public order and security offences","D20 Disorderly and offensive conduct","D24 Offensive language",970,15.390454237
2017,"March","D Public order and security offences","D20 Disorderly and offensive conduct","D25 Criminal intent",1853,29.400527528
2017,"March","D Public order and security offences","D20 Disorderly and offensive conduct","D26 Disorderly conduct",320,5.077263254
2017,"March","D Public order and security offences","D30 Public nuisance offences","D31 Privacy offences",108,1.713576348
2017,"March","D Public order and security offences","D30 Public nuisance offences","D32 Hoaxes",247,3.919012574
2017,"March","D Public order and security offences","D30 Public nuisance offences","D33 Begging",86,1.364514499
2017,"March","D Public order and security offences","D30 Public nuisance offences","D34 Defamation and libel",1,0.015866448
2017,"March","D Public order and security offences","D30 Public nuisance offences","D35 Improper movement on public or private space",2676,42.458613958
2017,"March","D Public order and security offences","D30 Public nuisance offences","D36 Other public nuisance offences",147,2.332367807
2017,"March","D Public order and security offences","D40 Public security offences","D41 Immigration offences",1,0.015866448
2017,"March","D Public order and security offences","D40 Public security offences","D43 Hacking",66,1.047185546
2017,"March","D Public order and security offences","D40 Public security offences","D49 Other public security offences",4,0.063465791
2017,"March","E Justice procedures offences","E10 Justice procedures","E11 Escape custody",225,3.569950725
2017,"March","E Justice procedures offences","E10 Justice procedures","E12 Fail to appear",1,0.015866448
2017,"March","E Justice procedures offences","E10 Justice procedures","E13 Resist or hinder officer",9627,152.746291694
2017,"March","E Justice procedures offences","E10 Justice procedures","E14 Pervert the course of justice or commit perjury",732,11.614239693
2017,"March","E Justice procedures offences","E10 Justice procedures","E15 Prison regulation offences",849,13.47061407
2017,"March","E Justice procedures offences","E10 Justice procedures","E19 Other justice procedures offences",1816,28.813468964
2017,"March","E Justice procedures offences","E20 Breaches of orders","E21 Breach family violence order",37725,598.561738252
2017,"March","E Justice procedures offences","E20 Breaches of orders","E22 Breach intervention order",3104,49.24945356
2017,"March","E Justice procedures offences","E20 Breaches of orders","E23 Breach bail conditions",15105,239.662692016
2017,"March","E Justice procedures offences","E20 Breaches of orders","E29 Breach of other orders",988,15.676050295
2017,"March","F Other offences","F10 Regulatory driving offences","F11 Drink driving",2,0.031732895
2017,"March","F Other offences","F10 Regulatory driving offences","F15 Licensing offences",6,0.095198686
2017,"March","F Other offences","F10 Regulatory driving offences","F19 Other regulatory driving offences",6,0.095198686
2017,"March","F Other offences","F20 Transport regulation offences","F21 Public transport",402,6.378311962
2017,"March","F Other offences","F20 Transport regulation offences","F22 Aviation regulations offences",7,0.111065134
2017,"March","F Other offences","F20 Transport regulation offences","F23 Maritime regulations offences",117,1.856374377
2017,"March","F Other offences","F20 Transport regulation offences","F24 Pedestrian offences",32,0.507726325
2017,"March","F Other offences","F20 Transport regulation offences","F29 Other transport regulation offences",157,2.491032284
2017,"March","F Other offences","F30 Other government regulatory offences","F31 Betting and gaming offences",28,0.444260535
2017,"March","F Other offences","F30 Other government regulatory offences","F32 Commercial regulation offences",130,2.062638197
2017,"March","F Other offences","F30 Other government regulatory offences","F33 Liquor and tobacco licensing offences",138,2.189569778
2017,"March","F Other offences","F30 Other government regulatory offences","F34 Pornography and censorship offences",35,0.555325668
2017,"March","F Other offences","F30 Other government regulatory offences","F35 Intellectual property",7,0.111065134
2017,"March","F Other offences","F30 Other government regulatory offences","F36 Prostitution offences",69,1.094784889
2017,"March","F Other offences","F30 Other government regulatory offences","F39 Other government regulatory offences",67,1.063051994
2017,"March","F Other offences","F90 Miscellaneous offences","F91 Environmental offences",45,0.713990145
2017,"March","F Other offences","F90 Miscellaneous offences","F92 Public health and safety offences",29,0.460126982
2017,"March","F Other offences","F90 Miscellaneous offences","F93 Cruelty to animals",238,3.776214545
2017,"March","F Other offences","F90 Miscellaneous offences","F94 Dangerous substance offences",18,0.285596058
2017,"March","F Other offences","F90 Miscellaneous offences","F99 Other miscellaneous offences",48,0.761589488
